AUTH_METHOD;TIMESTAMP;ACCOUNT_UID;ACCOUNT_NAME;ACCOUNT_EMAIL;ACCOUNT_ORGANIZATION_UID;ACCOUNT_ORGANIZATION_NAME;ACCOUNT_TAGS;FINDING_UID;PROVIDER;CHECK_ID;CHECK_TITLE;CHECK_TYPE;STATUS;STATUS_EXTENDED;MUTED;SERVICE_NAME;SUBSERVICE_NAME;SEVERITY;RESOURCE_TYPE;RESOURCE_UID;RESOURCE_NAME;RESOURCE_DETAILS;RESOURCE_TAGS;PARTITION;REGION;DESCRIPTION;RISK;RELATED_URL;REMEDIATION_RECOMMENDATION_TEXT;REMEDIATION_RECOMMENDATION_URL;REMEDIATION_CODE_NATIVEIAC;REMEDIATION_CODE_TERRAFORM;REMEDIATION_CODE_CLI;REMEDIATION_CODE_OTHER;COMPLIANCE;CATEGORIES;DEPENDS_ON;RELATED_TO;NOTES;PROWLER_VERSION;ADDITIONAL_URLS;ACCOUNT_OU_UID;ACCOUNT_OU_NAME
profile: None;2026-09-05 17:57:02.969483;227842501528;;;;;;prowler-aws-ec2_ami_account_block_public_access-227842501528-ap-northeast-1-227842501528;aws;ec2_ami_account_block_public_access;AMI block public access is enabled at the account level;Software and Configuration Checks/AWS Security Best Practices | Effects/Data Exposure;PASS;AMI Block Public Access is enabled in ap-northeast-1.;False;ec2;;medium;Other;arn:aws:ec2:eu-north-1:227842501528:account;227842501528;;;aws;ap-northeast-1;AMI block public access configuration is assessed to see whether public sharing of AMIs is blocked in the account and Region. When enabled (`block-new-sharing`), no AMI in the Region can be made public regardless of individual image permissions.;Without blocking public access, AMIs could be accidentally or maliciously shared publicly, exposing baked-in secrets, source code, and infrastructure details to unauthorized actors.;;Enable AMI block public access (`block-new-sharing`) in every active Region. Apply guardrails (SCPs) to prevent it from being disabled, and review any AMIs that are currently shared publicly.;https://hub.prowler.com/check/ec2_ami_account_block_public_access;;"```hcl
resource ""aws_ec2_image_block_public_access"" ""<example_resource_name>"" {
  state = ""block-new-sharing"" # Blocks new public sharing of AMIs in the configured Region
}
```";aws ec2 enable-image-block-public-access --image-block-public-access-state block-new-sharing;"1. In the AWS console, select the target Region in the top-right.
2. Go to EC2 > AMIs.
3. In the AMIs page, choose Block public access for AMIs (or EC2 Dashboard > Account attributes > Data protection and security).
4. Choose Manage and enable Block public access.
5. Save changes.";;internet-exposed;;;;5.41.0;https://docs.aws.amazon.com/AWSEC2/latest/UserGuide/sharingamis-intro.html | https://docs.aws.amazon.com/AWSEC2/latest/UserGuide/image-block-public-access.html;;
profile: None;2026-09-05 17:57:02.969483;227842501528;;;;;;prowler-aws-ec2_ami_account_block_public_access-227842501528-ap-northeast-2-227842501528;aws;ec2_ami_account_block_public_access;AMI block public access is enabled at the account level;Software and Configuration Checks/AWS Security Best Practices | Effects/Data Exposure;PASS;AMI Block Public Access is enabled in ap-northeast-2.;False;ec2;;medium;Other;arn:aws:ec2:eu-north-1:227842501528:account;227842501528;;;aws;ap-northeast-2;AMI block public access configuration is assessed to see whether public sharing of AMIs is blocked in the account and Region. When enabled (`block-new-sharing`), no AMI in the Region can be made public regardless of individual image permissions.;Without blocking public access, AMIs could be accidentally or maliciously shared publicly, exposing baked-in secrets, source code, and infrastructure details to unauthorized actors.;;Enable AMI block public access (`block-new-sharing`) in every active Region. Apply guardrails (SCPs) to prevent it from being disabled, and review any AMIs that are currently shared publicly.;https://hub.prowler.com/check/ec2_ami_account_block_public_access;;"```hcl
resource ""aws_ec2_image_block_public_access"" ""<example_resource_name>"" {
  state = ""block-new-sharing"" # Blocks new public sharing of AMIs in the configured Region
}
```";aws ec2 enable-image-block-public-access --image-block-public-access-state block-new-sharing;"1. In the AWS console, select the target Region in the top-right.
2. Go to EC2 > AMIs.
3. In the AMIs page, choose Block public access for AMIs (or EC2 Dashboard > Account attributes > Data protection and security).
4. Choose Manage and enable Block public access.
5. Save changes.";;internet-exposed;;;;5.41.0;https://docs.aws.amazon.com/AWSEC2/latest/UserGuide/sharingamis-intro.html | https://docs.aws.amazon.com/AWSEC2/latest/UserGuide/image-block-public-access.html;;
profile: None;2026-09-05 17:57:02.969483;227842501528;;;;;;prowler-aws-ec2_ami_account_block_public_access-227842501528-ap-northeast-3-227842501528;aws;ec2_ami_account_block_public_access;AMI block public access is enabled at the account level;Software and Configuration Checks/AWS Security Best Practices | Effects/Data Exposure;PASS;AMI Block Public Access is enabled in ap-northeast-3.;False;ec2;;medium;Other;arn:aws:ec2:eu-north-1:227842501528:account;227842501528;;;aws;ap-northeast-3;AMI block public access configuration is assessed to see whether public sharing of AMIs is blocked in the account and Region. When enabled (`block-new-sharing`), no AMI in the Region can be made public regardless of individual image permissions.;Without blocking public access, AMIs could be accidentally or maliciously shared publicly, exposing baked-in secrets, source code, and infrastructure details to unauthorized actors.;;Enable AMI block public access (`block-new-sharing`) in every active Region. Apply guardrails (SCPs) to prevent it from being disabled, and review any AMIs that are currently shared publicly.;https://hub.prowler.com/check/ec2_ami_account_block_public_access;;"```hcl
resource ""aws_ec2_image_block_public_access"" ""<example_resource_name>"" {
  state = ""block-new-sharing"" # Blocks new public sharing of AMIs in the configured Region
}
```";aws ec2 enable-image-block-public-access --image-block-public-access-state block-new-sharing;"1. In the AWS console, select the target Region in the top-right.
2. Go to EC2 > AMIs.
3. In the AMIs page, choose Block public access for AMIs (or EC2 Dashboard > Account attributes > Data protection and security).
4. Choose Manage and enable Block public access.
5. Save changes.";;internet-exposed;;;;5.41.0;https://docs.aws.amazon.com/AWSEC2/latest/UserGuide/sharingamis-intro.html | https://docs.aws.amazon.com/AWSEC2/latest/UserGuide/image-block-public-access.html;;
profile: None;2026-09-05 17:57:02.969483;227842501528;;;;;;prowler-aws-ec2_ami_account_block_public_access-227842501528-ap-south-1-227842501528;aws;ec2_ami_account_block_public_access;AMI block public access is enabled at the account level;Software and Configuration Checks/AWS Security Best Practices | Effects/Data Exposure;PASS;AMI Block Public Access is enabled in ap-south-1.;False;ec2;;medium;Other;arn:aws:ec2:eu-north-1:227842501528:account;227842501528;;;aws;ap-south-1;AMI block public access configuration is assessed to see whether public sharing of AMIs is blocked in the account and Region. When enabled (`block-new-sharing`), no AMI in the Region can be made public regardless of individual image permissions.;Without blocking public access, AMIs could be accidentally or maliciously shared publicly, exposing baked-in secrets, source code, and infrastructure details to unauthorized actors.;;Enable AMI block public access (`block-new-sharing`) in every active Region. Apply guardrails (SCPs) to prevent it from being disabled, and review any AMIs that are currently shared publicly.;https://hub.prowler.com/check/ec2_ami_account_block_public_access;;"```hcl
resource ""aws_ec2_image_block_public_access"" ""<example_resource_name>"" {
  state = ""block-new-sharing"" # Blocks new public sharing of AMIs in the configured Region
}
```";aws ec2 enable-image-block-public-access --image-block-public-access-state block-new-sharing;"1. In the AWS console, select the target Region in the top-right.
2. Go to EC2 > AMIs.
3. In the AMIs page, choose Block public access for AMIs (or EC2 Dashboard > Account attributes > Data protection and security).
4. Choose Manage and enable Block public access.
5. Save changes.";;internet-exposed;;;;5.41.0;https://docs.aws.amazon.com/AWSEC2/latest/UserGuide/sharingamis-intro.html | https://docs.aws.amazon.com/AWSEC2/latest/UserGuide/image-block-public-access.html;;
profile: None;2026-09-05 17:57:02.969483;227842501528;;;;;;prowler-aws-ec2_ami_account_block_public_access-227842501528-ap-south-2-227842501528;aws;ec2_ami_account_block_public_access;AMI block public access is enabled at the account level;Software and Configuration Checks/AWS Security Best Practices | Effects/Data Exposure;PASS;AMI Block Public Access is enabled in ap-south-2.;False;ec2;;medium;Other;arn:aws:ec2:eu-north-1:227842501528:account;227842501528;;;aws;ap-south-2;AMI block public access configuration is assessed to see whether public sharing of AMIs is blocked in the account and Region. When enabled (`block-new-sharing`), no AMI in the Region can be made public regardless of individual image permissions.;Without blocking public access, AMIs could be accidentally or maliciously shared publicly, exposing baked-in secrets, source code, and infrastructure details to unauthorized actors.;;Enable AMI block public access (`block-new-sharing`) in every active Region. Apply guardrails (SCPs) to prevent it from being disabled, and review any AMIs that are currently shared publicly.;https://hub.prowler.com/check/ec2_ami_account_block_public_access;;"```hcl
resource ""aws_ec2_image_block_public_access"" ""<example_resource_name>"" {
  state = ""block-new-sharing"" # Blocks new public sharing of AMIs in the configured Region
}
```";aws ec2 enable-image-block-public-access --image-block-public-access-state block-new-sharing;"1. In the AWS console, select the target Region in the top-right.
2. Go to EC2 > AMIs.
3. In the AMIs page, choose Block public access for AMIs (or EC2 Dashboard > Account attributes > Data protection and security).
4. Choose Manage and enable Block public access.
5. Save changes.";;internet-exposed;;;;5.41.0;https://docs.aws.amazon.com/AWSEC2/latest/UserGuide/sharingamis-intro.html | https://docs.aws.amazon.com/AWSEC2/latest/UserGuide/image-block-public-access.html;;
profile: None;2026-09-05 17:57:02.969483;227842501528;;;;;;prowler-aws-ec2_ami_account_block_public_access-227842501528-ap-southeast-1-227842501528;aws;ec2_ami_account_block_public_access;AMI block public access is enabled at the account level;Software and Configuration Checks/AWS Security Best Practices | Effects/Data Exposure;PASS;AMI Block Public Access is enabled in ap-southeast-1.;False;ec2;;medium;Other;arn:aws:ec2:eu-north-1:227842501528:account;227842501528;;;aws;ap-southeast-1;AMI block public access configuration is assessed to see whether public sharing of AMIs is blocked in the account and Region. When enabled (`block-new-sharing`), no AMI in the Region can be made public regardless of individual image permissions.;Without blocking public access, AMIs could be accidentally or maliciously shared publicly, exposing baked-in secrets, source code, and infrastructure details to unauthorized actors.;;Enable AMI block public access (`block-new-sharing`) in every active Region. Apply guardrails (SCPs) to prevent it from being disabled, and review any AMIs that are currently shared publicly.;https://hub.prowler.com/check/ec2_ami_account_block_public_access;;"```hcl
resource ""aws_ec2_image_block_public_access"" ""<example_resource_name>"" {
  state = ""block-new-sharing"" # Blocks new public sharing of AMIs in the configured Region
}
```";aws ec2 enable-image-block-public-access --image-block-public-access-state block-new-sharing;"1. In the AWS console, select the target Region in the top-right.
2. Go to EC2 > AMIs.
3. In the AMIs page, choose Block public access for AMIs (or EC2 Dashboard > Account attributes > Data protection and security).
4. Choose Manage and enable Block public access.
5. Save changes.";;internet-exposed;;;;5.41.0;https://docs.aws.amazon.com/AWSEC2/latest/UserGuide/sharingamis-intro.html | https://docs.aws.amazon.com/AWSEC2/latest/UserGuide/image-block-public-access.html;;
profile: None;2026-09-05 17:57:02.969483;227842501528;;;;;;prowler-aws-ec2_ami_account_block_public_access-227842501528-ap-southeast-2-227842501528;aws;ec2_ami_account_block_public_access;AMI block public access is enabled at the account level;Software and Configuration Checks/AWS Security Best Practices | Effects/Data Exposure;PASS;AMI Block Public Access is enabled in ap-southeast-2.;False;ec2;;medium;Other;arn:aws:ec2:eu-north-1:227842501528:account;227842501528;;;aws;ap-southeast-2;AMI block public access configuration is assessed to see whether public sharing of AMIs is blocked in the account and Region. When enabled (`block-new-sharing`), no AMI in the Region can be made public regardless of individual image permissions.;Without blocking public access, AMIs could be accidentally or maliciously shared publicly, exposing baked-in secrets, source code, and infrastructure details to unauthorized actors.;;Enable AMI block public access (`block-new-sharing`) in every active Region. Apply guardrails (SCPs) to prevent it from being disabled, and review any AMIs that are currently shared publicly.;https://hub.prowler.com/check/ec2_ami_account_block_public_access;;"```hcl
resource ""aws_ec2_image_block_public_access"" ""<example_resource_name>"" {
  state = ""block-new-sharing"" # Blocks new public sharing of AMIs in the configured Region
}
```";aws ec2 enable-image-block-public-access --image-block-public-access-state block-new-sharing;"1. In the AWS console, select the target Region in the top-right.
2. Go to EC2 > AMIs.
3. In the AMIs page, choose Block public access for AMIs (or EC2 Dashboard > Account attributes > Data protection and security).
4. Choose Manage and enable Block public access.
5. Save changes.";;internet-exposed;;;;5.41.0;https://docs.aws.amazon.com/AWSEC2/latest/UserGuide/sharingamis-intro.html | https://docs.aws.amazon.com/AWSEC2/latest/UserGuide/image-block-public-access.html;;
profile: None;2026-09-05 17:57:02.969483;227842501528;;;;;;prowler-aws-ec2_ami_account_block_public_access-227842501528-ca-central-1-227842501528;aws;ec2_ami_account_block_public_access;AMI block public access is enabled at the account level;Software and Configuration Checks/AWS Security Best Practices | Effects/Data Exposure;PASS;AMI Block Public Access is enabled in ca-central-1.;False;ec2;;medium;Other;arn:aws:ec2:eu-north-1:227842501528:account;227842501528;;;aws;ca-central-1;AMI block public access configuration is assessed to see whether public sharing of AMIs is blocked in the account and Region. When enabled (`block-new-sharing`), no AMI in the Region can be made public regardless of individual image permissions.;Without blocking public access, AMIs could be accidentally or maliciously shared publicly, exposing baked-in secrets, source code, and infrastructure details to unauthorized actors.;;Enable AMI block public access (`block-new-sharing`) in every active Region. Apply guardrails (SCPs) to prevent it from being disabled, and review any AMIs that are currently shared publicly.;https://hub.prowler.com/check/ec2_ami_account_block_public_access;;"```hcl
resource ""aws_ec2_image_block_public_access"" ""<example_resource_name>"" {
  state = ""block-new-sharing"" # Blocks new public sharing of AMIs in the configured Region
}
```";aws ec2 enable-image-block-public-access --image-block-public-access-state block-new-sharing;"1. In the AWS console, select the target Region in the top-right.
2. Go to EC2 > AMIs.
3. In the AMIs page, choose Block public access for AMIs (or EC2 Dashboard > Account attributes > Data protection and security).
4. Choose Manage and enable Block public access.
5. Save changes.";;internet-exposed;;;;5.41.0;https://docs.aws.amazon.com/AWSEC2/latest/UserGuide/sharingamis-intro.html | https://docs.aws.amazon.com/AWSEC2/latest/UserGuide/image-block-public-access.html;;
profile: None;2026-09-05 17:57:02.969483;227842501528;;;;;;prowler-aws-ec2_ami_account_block_public_access-227842501528-eu-central-1-227842501528;aws;ec2_ami_account_block_public_access;AMI block public access is enabled at the account level;Software and Configuration Checks/AWS Security Best Practices | Effects/Data Exposure;PASS;AMI Block Public Access is enabled in eu-central-1.;False;ec2;;medium;Other;arn:aws:ec2:eu-north-1:227842501528:account;227842501528;;;aws;eu-central-1;AMI block public access configuration is assessed to see whether public sharing of AMIs is blocked in the account and Region. When enabled (`block-new-sharing`), no AMI in the Region can be made public regardless of individual image permissions.;Without blocking public access, AMIs could be accidentally or maliciously shared publicly, exposing baked-in secrets, source code, and infrastructure details to unauthorized actors.;;Enable AMI block public access (`block-new-sharing`) in every active Region. Apply guardrails (SCPs) to prevent it from being disabled, and review any AMIs that are currently shared publicly.;https://hub.prowler.com/check/ec2_ami_account_block_public_access;;"```hcl
resource ""aws_ec2_image_block_public_access"" ""<example_resource_name>"" {
  state = ""block-new-sharing"" # Blocks new public sharing of AMIs in the configured Region
}
```";aws ec2 enable-image-block-public-access --image-block-public-access-state block-new-sharing;"1. In the AWS console, select the target Region in the top-right.
2. Go to EC2 > AMIs.
3. In the AMIs page, choose Block public access for AMIs (or EC2 Dashboard > Account attributes > Data protection and security).
4. Choose Manage and enable Block public access.
5. Save changes.";;internet-exposed;;;;5.41.0;https://docs.aws.amazon.com/AWSEC2/latest/UserGuide/sharingamis-intro.html | https://docs.aws.amazon.com/AWSEC2/latest/UserGuide/image-block-public-access.html;;
profile: None;2026-09-05 17:57:02.969483;227842501528;;;;;;prowler-aws-ec2_ami_account_block_public_access-227842501528-eu-north-1-227842501528;aws;ec2_ami_account_block_public_access;AMI block public access is enabled at the account level;Software and Configuration Checks/AWS Security Best Practices | Effects/Data Exposure;PASS;AMI Block Public Access is enabled in eu-north-1.;False;ec2;;medium;Other;arn:aws:ec2:eu-north-1:227842501528:account;227842501528;;;aws;eu-north-1;AMI block public access configuration is assessed to see whether public sharing of AMIs is blocked in the account and Region. When enabled (`block-new-sharing`), no AMI in the Region can be made public regardless of individual image permissions.;Without blocking public access, AMIs could be accidentally or maliciously shared publicly, exposing baked-in secrets, source code, and infrastructure details to unauthorized actors.;;Enable AMI block public access (`block-new-sharing`) in every active Region. Apply guardrails (SCPs) to prevent it from being disabled, and review any AMIs that are currently shared publicly.;https://hub.prowler.com/check/ec2_ami_account_block_public_access;;"```hcl
resource ""aws_ec2_image_block_public_access"" ""<example_resource_name>"" {
  state = ""block-new-sharing"" # Blocks new public sharing of AMIs in the configured Region
}
```";aws ec2 enable-image-block-public-access --image-block-public-access-state block-new-sharing;"1. In the AWS console, select the target Region in the top-right.
2. Go to EC2 > AMIs.
3. In the AMIs page, choose Block public access for AMIs (or EC2 Dashboard > Account attributes > Data protection and security).
4. Choose Manage and enable Block public access.
5. Save changes.";;internet-exposed;;;;5.41.0;https://docs.aws.amazon.com/AWSEC2/latest/UserGuide/sharingamis-intro.html | https://docs.aws.amazon.com/AWSEC2/latest/UserGuide/image-block-public-access.html;;
profile: None;2026-09-05 17:57:02.969483;227842501528;;;;;;prowler-aws-ec2_ami_account_block_public_access-227842501528-eu-west-1-227842501528;aws;ec2_ami_account_block_public_access;AMI block public access is enabled at the account level;Software and Configuration Checks/AWS Security Best Practices | Effects/Data Exposure;PASS;AMI Block Public Access is enabled in eu-west-1.;False;ec2;;medium;Other;arn:aws:ec2:eu-north-1:227842501528:account;227842501528;;;aws;eu-west-1;AMI block public access configuration is assessed to see whether public sharing of AMIs is blocked in the account and Region. When enabled (`block-new-sharing`), no AMI in the Region can be made public regardless of individual image permissions.;Without blocking public access, AMIs could be accidentally or maliciously shared publicly, exposing baked-in secrets, source code, and infrastructure details to unauthorized actors.;;Enable AMI block public access (`block-new-sharing`) in every active Region. Apply guardrails (SCPs) to prevent it from being disabled, and review any AMIs that are currently shared publicly.;https://hub.prowler.com/check/ec2_ami_account_block_public_access;;"```hcl
resource ""aws_ec2_image_block_public_access"" ""<example_resource_name>"" {
  state = ""block-new-sharing"" # Blocks new public sharing of AMIs in the configured Region
}
```";aws ec2 enable-image-block-public-access --image-block-public-access-state block-new-sharing;"1. In the AWS console, select the target Region in the top-right.
2. Go to EC2 > AMIs.
3. In the AMIs page, choose Block public access for AMIs (or EC2 Dashboard > Account attributes > Data protection and security).
4. Choose Manage and enable Block public access.
5. Save changes.";;internet-exposed;;;;5.41.0;https://docs.aws.amazon.com/AWSEC2/latest/UserGuide/sharingamis-intro.html | https://docs.aws.amazon.com/AWSEC2/latest/UserGuide/image-block-public-access.html;;
profile: None;2026-09-05 17:57:02.969483;227842501528;;;;;;prowler-aws-ec2_ami_account_block_public_access-227842501528-eu-west-2-227842501528;aws;ec2_ami_account_block_public_access;AMI block public access is enabled at the account level;Software and Configuration Checks/AWS Security Best Practices | Effects/Data Exposure;PASS;AMI Block Public Access is enabled in eu-west-2.;False;ec2;;medium;Other;arn:aws:ec2:eu-north-1:227842501528:account;227842501528;;;aws;eu-west-2;AMI block public access configuration is assessed to see whether public sharing of AMIs is blocked in the account and Region. When enabled (`block-new-sharing`), no AMI in the Region can be made public regardless of individual image permissions.;Without blocking public access, AMIs could be accidentally or maliciously shared publicly, exposing baked-in secrets, source code, and infrastructure details to unauthorized actors.;;Enable AMI block public access (`block-new-sharing`) in every active Region. Apply guardrails (SCPs) to prevent it from being disabled, and review any AMIs that are currently shared publicly.;https://hub.prowler.com/check/ec2_ami_account_block_public_access;;"```hcl
resource ""aws_ec2_image_block_public_access"" ""<example_resource_name>"" {
  state = ""block-new-sharing"" # Blocks new public sharing of AMIs in the configured Region
}
```";aws ec2 enable-image-block-public-access --image-block-public-access-state block-new-sharing;"1. In the AWS console, select the target Region in the top-right.
2. Go to EC2 > AMIs.
3. In the AMIs page, choose Block public access for AMIs (or EC2 Dashboard > Account attributes > Data protection and security).
4. Choose Manage and enable Block public access.
5. Save changes.";;internet-exposed;;;;5.41.0;https://docs.aws.amazon.com/AWSEC2/latest/UserGuide/sharingamis-intro.html | https://docs.aws.amazon.com/AWSEC2/latest/UserGuide/image-block-public-access.html;;
profile: None;2026-09-05 17:57:02.969483;227842501528;;;;;;prowler-aws-ec2_ami_account_block_public_access-227842501528-eu-west-3-227842501528;aws;ec2_ami_account_block_public_access;AMI block public access is enabled at the account level;Software and Configuration Checks/AWS Security Best Practices | Effects/Data Exposure;PASS;AMI Block Public Access is enabled in eu-west-3.;False;ec2;;medium;Other;arn:aws:ec2:eu-north-1:227842501528:account;227842501528;;;aws;eu-west-3;AMI block public access configuration is assessed to see whether public sharing of AMIs is blocked in the account and Region. When enabled (`block-new-sharing`), no AMI in the Region can be made public regardless of individual image permissions.;Without blocking public access, AMIs could be accidentally or maliciously shared publicly, exposing baked-in secrets, source code, and infrastructure details to unauthorized actors.;;Enable AMI block public access (`block-new-sharing`) in every active Region. Apply guardrails (SCPs) to prevent it from being disabled, and review any AMIs that are currently shared publicly.;https://hub.prowler.com/check/ec2_ami_account_block_public_access;;"```hcl
resource ""aws_ec2_image_block_public_access"" ""<example_resource_name>"" {
  state = ""block-new-sharing"" # Blocks new public sharing of AMIs in the configured Region
}
```";aws ec2 enable-image-block-public-access --image-block-public-access-state block-new-sharing;"1. In the AWS console, select the target Region in the top-right.
2. Go to EC2 > AMIs.
3. In the AMIs page, choose Block public access for AMIs (or EC2 Dashboard > Account attributes > Data protection and security).
4. Choose Manage and enable Block public access.
5. Save changes.";;internet-exposed;;;;5.41.0;https://docs.aws.amazon.com/AWSEC2/latest/UserGuide/sharingamis-intro.html | https://docs.aws.amazon.com/AWSEC2/latest/UserGuide/image-block-public-access.html;;
profile: None;2026-09-05 17:57:02.969483;227842501528;;;;;;prowler-aws-ec2_ami_account_block_public_access-227842501528-sa-east-1-227842501528;aws;ec2_ami_account_block_public_access;AMI block public access is enabled at the account level;Software and Configuration Checks/AWS Security Best Practices | Effects/Data Exposure;PASS;AMI Block Public Access is enabled in sa-east-1.;False;ec2;;medium;Other;arn:aws:ec2:eu-north-1:227842501528:account;227842501528;;;aws;sa-east-1;AMI block public access configuration is assessed to see whether public sharing of AMIs is blocked in the account and Region. When enabled (`block-new-sharing`), no AMI in the Region can be made public regardless of individual image permissions.;Without blocking public access, AMIs could be accidentally or maliciously shared publicly, exposing baked-in secrets, source code, and infrastructure details to unauthorized actors.;;Enable AMI block public access (`block-new-sharing`) in every active Region. Apply guardrails (SCPs) to prevent it from being disabled, and review any AMIs that are currently shared publicly.;https://hub.prowler.com/check/ec2_ami_account_block_public_access;;"```hcl
resource ""aws_ec2_image_block_public_access"" ""<example_resource_name>"" {
  state = ""block-new-sharing"" # Blocks new public sharing of AMIs in the configured Region
}
```";aws ec2 enable-image-block-public-access --image-block-public-access-state block-new-sharing;"1. In the AWS console, select the target Region in the top-right.
2. Go to EC2 > AMIs.
3. In the AMIs page, choose Block public access for AMIs (or EC2 Dashboard > Account attributes > Data protection and security).
4. Choose Manage and enable Block public access.
5. Save changes.";;internet-exposed;;;;5.41.0;https://docs.aws.amazon.com/AWSEC2/latest/UserGuide/sharingamis-intro.html | https://docs.aws.amazon.com/AWSEC2/latest/UserGuide/image-block-public-access.html;;
profile: None;2026-09-05 17:57:02.969483;227842501528;;;;;;prowler-aws-ec2_ami_account_block_public_access-227842501528-us-east-1-227842501528;aws;ec2_ami_account_block_public_access;AMI block public access is enabled at the account level;Software and Configuration Checks/AWS Security Best Practices | Effects/Data Exposure;PASS;AMI Block Public Access is enabled in us-east-1.;False;ec2;;medium;Other;arn:aws:ec2:eu-north-1:227842501528:account;227842501528;;;aws;us-east-1;AMI block public access configuration is assessed to see whether public sharing of AMIs is blocked in the account and Region. When enabled (`block-new-sharing`), no AMI in the Region can be made public regardless of individual image permissions.;Without blocking public access, AMIs could be accidentally or maliciously shared publicly, exposing baked-in secrets, source code, and infrastructure details to unauthorized actors.;;Enable AMI block public access (`block-new-sharing`) in every active Region. Apply guardrails (SCPs) to prevent it from being disabled, and review any AMIs that are currently shared publicly.;https://hub.prowler.com/check/ec2_ami_account_block_public_access;;"```hcl
resource ""aws_ec2_image_block_public_access"" ""<example_resource_name>"" {
  state = ""block-new-sharing"" # Blocks new public sharing of AMIs in the configured Region
}
```";aws ec2 enable-image-block-public-access --image-block-public-access-state block-new-sharing;"1. In the AWS console, select the target Region in the top-right.
2. Go to EC2 > AMIs.
3. In the AMIs page, choose Block public access for AMIs (or EC2 Dashboard > Account attributes > Data protection and security).
4. Choose Manage and enable Block public access.
5. Save changes.";;internet-exposed;;;;5.41.0;https://docs.aws.amazon.com/AWSEC2/latest/UserGuide/sharingamis-intro.html | https://docs.aws.amazon.com/AWSEC2/latest/UserGuide/image-block-public-access.html;;
profile: None;2026-09-05 17:57:02.969483;227842501528;;;;;;prowler-aws-ec2_ami_account_block_public_access-227842501528-us-east-2-227842501528;aws;ec2_ami_account_block_public_access;AMI block public access is enabled at the account level;Software and Configuration Checks/AWS Security Best Practices | Effects/Data Exposure;PASS;AMI Block Public Access is enabled in us-east-2.;False;ec2;;medium;Other;arn:aws:ec2:eu-north-1:227842501528:account;227842501528;;;aws;us-east-2;AMI block public access configuration is assessed to see whether public sharing of AMIs is blocked in the account and Region. When enabled (`block-new-sharing`), no AMI in the Region can be made public regardless of individual image permissions.;Without blocking public access, AMIs could be accidentally or maliciously shared publicly, exposing baked-in secrets, source code, and infrastructure details to unauthorized actors.;;Enable AMI block public access (`block-new-sharing`) in every active Region. Apply guardrails (SCPs) to prevent it from being disabled, and review any AMIs that are currently shared publicly.;https://hub.prowler.com/check/ec2_ami_account_block_public_access;;"```hcl
resource ""aws_ec2_image_block_public_access"" ""<example_resource_name>"" {
  state = ""block-new-sharing"" # Blocks new public sharing of AMIs in the configured Region
}
```";aws ec2 enable-image-block-public-access --image-block-public-access-state block-new-sharing;"1. In the AWS console, select the target Region in the top-right.
2. Go to EC2 > AMIs.
3. In the AMIs page, choose Block public access for AMIs (or EC2 Dashboard > Account attributes > Data protection and security).
4. Choose Manage and enable Block public access.
5. Save changes.";;internet-exposed;;;;5.41.0;https://docs.aws.amazon.com/AWSEC2/latest/UserGuide/sharingamis-intro.html | https://docs.aws.amazon.com/AWSEC2/latest/UserGuide/image-block-public-access.html;;
profile: None;2026-09-05 17:57:02.969483;227842501528;;;;;;prowler-aws-ec2_ami_account_block_public_access-227842501528-us-west-1-227842501528;aws;ec2_ami_account_block_public_access;AMI block public access is enabled at the account level;Software and Configuration Checks/AWS Security Best Practices | Effects/Data Exposure;PASS;AMI Block Public Access is enabled in us-west-1.;False;ec2;;medium;Other;arn:aws:ec2:eu-north-1:227842501528:account;227842501528;;;aws;us-west-1;AMI block public access configuration is assessed to see whether public sharing of AMIs is blocked in the account and Region. When enabled (`block-new-sharing`), no AMI in the Region can be made public regardless of individual image permissions.;Without blocking public access, AMIs could be accidentally or maliciously shared publicly, exposing baked-in secrets, source code, and infrastructure details to unauthorized actors.;;Enable AMI block public access (`block-new-sharing`) in every active Region. Apply guardrails (SCPs) to prevent it from being disabled, and review any AMIs that are currently shared publicly.;https://hub.prowler.com/check/ec2_ami_account_block_public_access;;"```hcl
resource ""aws_ec2_image_block_public_access"" ""<example_resource_name>"" {
  state = ""block-new-sharing"" # Blocks new public sharing of AMIs in the configured Region
}
```";aws ec2 enable-image-block-public-access --image-block-public-access-state block-new-sharing;"1. In the AWS console, select the target Region in the top-right.
2. Go to EC2 > AMIs.
3. In the AMIs page, choose Block public access for AMIs (or EC2 Dashboard > Account attributes > Data protection and security).
4. Choose Manage and enable Block public access.
5. Save changes.";;internet-exposed;;;;5.41.0;https://docs.aws.amazon.com/AWSEC2/latest/UserGuide/sharingamis-intro.html | https://docs.aws.amazon.com/AWSEC2/latest/UserGuide/image-block-public-access.html;;
profile: None;2026-09-05 17:57:02.969483;227842501528;;;;;;prowler-aws-ec2_ami_account_block_public_access-227842501528-us-west-2-227842501528;aws;ec2_ami_account_block_public_access;AMI block public access is enabled at the account level;Software and Configuration Checks/AWS Security Best Practices | Effects/Data Exposure;PASS;AMI Block Public Access is enabled in us-west-2.;False;ec2;;medium;Other;arn:aws:ec2:eu-north-1:227842501528:account;227842501528;;;aws;us-west-2;AMI block public access configuration is assessed to see whether public sharing of AMIs is blocked in the account and Region. When enabled (`block-new-sharing`), no AMI in the Region can be made public regardless of individual image permissions.;Without blocking public access, AMIs could be accidentally or maliciously shared publicly, exposing baked-in secrets, source code, and infrastructure details to unauthorized actors.;;Enable AMI block public access (`block-new-sharing`) in every active Region. Apply guardrails (SCPs) to prevent it from being disabled, and review any AMIs that are currently shared publicly.;https://hub.prowler.com/check/ec2_ami_account_block_public_access;;"```hcl
resource ""aws_ec2_image_block_public_access"" ""<example_resource_name>"" {
  state = ""block-new-sharing"" # Blocks new public sharing of AMIs in the configured Region
}
```";aws ec2 enable-image-block-public-access --image-block-public-access-state block-new-sharing;"1. In the AWS console, select the target Region in the top-right.
2. Go to EC2 > AMIs.
3. In the AMIs page, choose Block public access for AMIs (or EC2 Dashboard > Account attributes > Data protection and security).
4. Choose Manage and enable Block public access.
5. Save changes.";;internet-exposed;;;;5.41.0;https://docs.aws.amazon.com/AWSEC2/latest/UserGuide/sharingamis-intro.html | https://docs.aws.amazon.com/AWSEC2/latest/UserGuide/image-block-public-access.html;;
profile: None;2026-09-05 17:57:02.969483;227842501528;;;;;;prowler-aws-ec2_ebs_default_encryption-227842501528-eu-north-1-227842501528;aws;ec2_ebs_default_encryption;EBS default encryption is enabled;Software and Configuration Checks/AWS Security Best Practices | Software and Configuration Checks/Industry and Regulatory Standards/AWS Foundational Security Best Practices | Software and Configuration Checks/Industry and Regulatory Standards/CIS AWS Foundations Benchmark | Effects/Data Exposure;FAIL;EBS Default Encryption is not activated.;False;ec2;;high;AwsEc2Volume;arn:aws:ec2:eu-north-1:227842501528:volume;227842501528;;;aws;eu-north-1;**EBS** uses `encryption by default` at the account and region level, ensuring new volumes, snapshots, and AMI-backed volumes are automatically encrypted with a chosen **KMS key**;Without `encryption by default`, data on new **EBS volumes** and **snapshots** may be stored in plaintext. A compromised account or mis-shared snapshot can expose disk contents, enabling data exfiltration, offline analysis, and loss of **confidentiality**.;;Enable `EBS encryption by default` in every region and select a **customer-managed KMS key**. Apply **least privilege** to key use, rotate keys, and monitor access. Enforce encrypted volume creation with organizational guardrails and secure templates as **defense in depth**.;https://hub.prowler.com/check/ec2_ebs_default_encryption;"```yaml
Resources:
  <example_resource_name>:
    Type: AWS::EC2::EBSEncryptionByDefault
    Properties:
      Enabled: true  # Critical: turns on default EBS encryption in this region
```";"```hcl
resource ""aws_ebs_encryption_by_default"" ""<example_resource_name>"" {
  enabled = true  # Critical: enables default EBS encryption in this region
}
```";aws ec2 enable-ebs-encryption-by-default --region <REGION>;"1. In the AWS console, switch to the affected Region
2. Go to EC2 > Settings (or Account attributes) > EBS encryption
3. Click Enable default encryption and Save";NIST-800-53-Revision-4: sc_28 | AWS-Audit-Manager-Control-Tower-Guardrails: 1.0.3 | KISA-ISMS-P-2023-korean: 2.7.1, 2.10.2 | AWS-Foundational-Security-Best-Practices: EC2.7 | GxP-21-CFR-Part-11: 11.10-g, 11.30 | ISO27001-2022: A.8.11, A.8.24 | MITRE-ATTACK: T1119 | CIS-7.0: 6.1.1 | C5-2025: OPS-31.01B, IAM-07.03B, CRY-01.02AC, CRY-05.01AC, PSS-12.02B | FedRAMP-20x-KSI-Low-25.05C: ksi-svc | SecNumCloud-3.2: 10.1 | FFIEC: d3-pc-am-b-12 | CISA: your-systems-3, your-data-1 | GxP-EU-Annex-11: 7.1-data-storage-damage-protection | PCI-3.2.1: 3.4, 3.4.1, 3.4.1.a, 3.4.1.c, 3.4.a, 3.4.b, 8.2, 8.2.1, 8.2.1.a | HIPAA: 164_308_a_1_ii_b, 164_308_a_4_ii_a, 164_312_a_2_iv, 164_312_e_2_ii | AWS-AI-Security-Framework-1.0: AISF-INFRA-05 | KISA-ISMS-P-2023: 2.7.1, 2.10.2 | RBI-Cyber-Security-Framework: annex_i_1_3 | AWS-Well-Architected-Framework-Security-Pillar: SEC08-BP02 | NIST-800-53-Revision-5: au_9_3, cm_6_a, cm_9_b, cp_9_d, sc_8_3, sc_8_4, sc_13_a, sc_28_1, si_19_4 | CCC-v2025.10: CCC.Core.CN02.AR01;encryption;;;;5.41.0;https://aws.amazon.com/premiumsupport/knowledge-center/ebs-automatic-encryption/ | https://docs.aws.amazon.com/ebs/latest/userguide/encryption-by-default.html | https://www.trendmicro.com/trendaivisiononecloudriskmanagement/knowledge-base/aws/EBS/configure-default-encryption.html;;
profile: None;2026-09-05 17:57:02.969483;227842501528;;;;;;prowler-aws-ec2_ebs_volume_encryption-227842501528-eu-north-1-vol-09a5a1cf5838936ca;aws;ec2_ebs_volume_encryption;EBS volume is encrypted;Software and Configuration Checks/AWS Security Best Practices | Software and Configuration Checks/Industry and Regulatory Standards/AWS Foundational Security Best Practices | Software and Configuration Checks/Industry and Regulatory Standards/CIS AWS Foundations Benchmark | Effects/Data Exposure;PASS;EBS Snapshot vol-09a5a1cf5838936ca is encrypted.;False;ec2;;high;AwsEc2Volume;arn:aws:ec2:eu-north-1:227842501528:volume/vol-09a5a1cf5838936ca;vol-09a5a1cf5838936ca;;;aws;eu-north-1;"**EBS volumes** are assessed for **encryption at rest** using **AWS KMS**.

The finding identifies volumes whose `encrypted` state is disabled, meaning data is stored unencrypted on block storage.";"Unencrypted volumes or snapshots can be copied, shared, or recovered and reveal raw data, undermining **confidentiality**.

Adversaries with host or account access can read disks offline, harvest secrets, or alter system images, affecting **integrity** and enabling **lateral movement**.";;"Encrypt all EBS volumes and enable `encryption by default` for new volumes and snapshot copies.

Apply **least privilege** to KMS keys, restrict snapshot sharing, and enforce **defense in depth** with policies and templates that prevent creation of unencrypted storage.";https://hub.prowler.com/check/ec2_ebs_volume_encryption;"```yaml
# CloudFormation: Encrypted EBS volume
Resources:
  <example_resource_name>:
    Type: AWS::EC2::Volume
    Properties:
      AvailabilityZone: <example_az>
      Size: 1
      Encrypted: true  # CRITICAL: enables EBS encryption so the volume is created encrypted
```";"```hcl
# Encrypted EBS volume
resource ""aws_ebs_volume"" ""<example_resource_name>"" {
  availability_zone = ""<example_az>""
  size              = 1
  encrypted         = true  # CRITICAL: ensures the volume is created encrypted
}
```";"aws ec2 create-snapshot --volume-id <VOLUME_ID> --description ""Snapshot for encryption"" && aws ec2 copy-snapshot --source-region <REGION> --source-snapshot-id <SNAPSHOT_ID> --encrypted --description ""Encrypted snapshot"" && aws ec2 create-volume --snapshot-id <ENCRYPTED_SNAPSHOT_ID> --availability-zone <AZ> --encrypted";"1. In the AWS Console, go to EC2 > Volumes and select the unencrypted volume
2. Choose Actions > Create snapshot and wait for it to complete
3. Open the snapshot, click Actions > Create volume, select the same Availability Zone, and check Encrypted, then create
4. Stop the instance using the old volume
5. Detach the old (unencrypted) volume
6. Attach the new encrypted volume to the instance using the same device name
7. Start the instance
8. Verify the new volume shows Encrypted = Yes";CIS-4.0.1: 5.1.1 | CIS-1.4: 2.2.1 | CIS-3.0: 2.2.1 | NIST-800-53-Revision-4: sc_28 | SOC2: pi_1_5 | CIS-5.0: 5.1.1 | AWS-Audit-Manager-Control-Tower-Guardrails: 1.0.3 | KISA-ISMS-P-2023-korean: 2.7.1, 2.10.2 | AWS-Foundational-Security-Best-Practices: EC2.3 | GxP-21-CFR-Part-11: 11.10-g, 11.30 | ISO27001-2022: A.8.11, A.8.24 | PCI-4.0: 3.5.1.20, 8.3.2.34 | MITRE-ATTACK: T1119 | GDPR: article_32 | C5-2025: OPS-31.01B, IAM-07.03B, CRY-01.02AC, CRY-03.01B, CRY-05.01AC, PSS-12.02B | SecNumCloud-3.2: 10.1 | FedRamp-Moderate-Revision-4: sc-28 | FFIEC: d3-pc-am-b-12 | NIST-CSF-1.1: ds_1 | CISA: your-systems-3, your-data-1, your-data-2 | GxP-EU-Annex-11: 7.1-data-storage-damage-protection | CIS-2.0: 2.2.1 | PCI-3.2.1: 3.4, 3.4.1, 3.4.1.a, 3.4.1.c, 3.4.a, 3.4.b, 8.2, 8.2.1, 8.2.1.a | CIS-1.5: 2.2.1 | HIPAA: 164_308_a_1_ii_b, 164_308_a_4_ii_a, 164_312_a_2_iv, 164_312_c_1, 164_312_c_2, 164_312_e_2_ii | AWS-AI-Security-Framework-1.0: AISF-INFRA-05 | KISA-ISMS-P-2023: 2.7.1, 2.10.2 | RBI-Cyber-Security-Framework: annex_i_1_3 | AWS-Well-Architected-Framework-Security-Pillar: SEC08-BP02 | CIS-6.0: 6.1.1 | ProwlerThreatScore-1.0: 4.2.1 | NIST-800-53-Revision-5: au_9_3, cm_6_a, cm_9_b, cp_9_d, sc_8_3, sc_8_4, sc_13_a, sc_28_1, si_19_4 | ENS-RD2022: mp.si.2.aws.kms.1 | CCC-v2025.10: CCC.Core.CN02.AR01 | NIST-800-171-Revision-2: 3_5_10, 3_13_11, 3_13_16;encryption;;;;5.41.0;https://docs.aws.amazon.com/AWSEC2/latest/UserGuide/EBSEncryption.html | https://www.trendmicro.com/trendaivisiononecloudriskmanagement/knowledge-base/aws/EBS/ebs-encrypted.html;;
profile: None;2026-09-05 17:57:02.969483;227842501528;;;;;;prowler-aws-ec2_ebs_volume_protected_by_backup_plan-227842501528-eu-north-1-vol-09a5a1cf5838936ca;aws;ec2_ebs_volume_protected_by_backup_plan;EBS volume is protected by a backup plan;Software and Configuration Checks/AWS Security Best Practices | Software and Configuration Checks/Industry and Regulatory Standards/AWS Foundational Security Best Practices | Effects/Data Destruction;FAIL;EBS Volume vol-09a5a1cf5838936ca is not protected by a backup plan.;False;ec2;;medium;AwsEc2Volume;arn:aws:ec2:eu-north-1:227842501528:volume/vol-09a5a1cf5838936ca;vol-09a5a1cf5838936ca;;;aws;eu-north-1;**EBS volumes** are evaluated for coverage by an **AWS Backup plan**, whether explicitly targeted or included via broad resource selection, confirming scheduled, policy-driven backups exist for the volume.;Absent backup coverage, volumes face **data loss**, weakened **integrity**, and reduced **availability**. Deletion or corruption-whether accidental or malicious-can leave no recovery path, causing prolonged outages, failed point-in-time restoration, unmet retention needs, and harder incident response.;;Include all critical EBS volumes in standardized **AWS Backup** plans aligned to your `RPO`/`RTO`. Use tags for automatic assignment, enable cross-Region/account copies, apply **Vault Lock** for WORM retention, encrypt with KMS, enforce least-privilege access, and regularly test restores to verify integrity.;https://hub.prowler.com/check/ec2_ebs_volume_protected_by_backup_plan;"```yaml
# CloudFormation: protect all EBS volumes by assigning them to a backup plan
Resources:
  <example_resource_name>BackupPlan:
    Type: AWS::Backup::BackupPlan
    Properties:
      BackupPlan:
        BackupPlanName: <example_resource_name>
        Rules:
          - RuleName: <example_rule_name>
            TargetBackupVault: Default

  <example_resource_name>BackupSelection:
    Type: AWS::Backup::BackupSelection
    Properties:
      BackupPlanId: !Ref <example_resource_name>BackupPlan
      BackupSelection:
        SelectionName: <example_resource_name>
        IamRoleArn: arn:aws:iam::<example_account_id>:role/service-role/AWSBackupDefaultServiceRole
        Resources:
          - arn:aws:ec2:*:*:volume/*  # Critical: wildcard includes all EBS volumes so they are covered by the plan
```";"```hcl
# Minimal AWS Backup plan protecting all EBS volumes
resource ""aws_backup_plan"" ""<example_resource_name>"" {
  name = ""<example_resource_name>""

  rule {
    rule_name         = ""<example_rule_name>""
    target_vault_name = ""Default""
  }
}

resource ""aws_backup_selection"" ""<example_resource_name>"" {
  name         = ""<example_resource_name>""
  plan_id      = aws_backup_plan.<example_resource_name>.id
  iam_role_arn = ""arn:aws:iam::<example_account_id>:role/service-role/AWSBackupDefaultServiceRole""

  resources = [
    ""arn:aws:ec2:*:*:volume/*"" # Critical: selects all EBS volumes to satisfy the check
  ]
}
```";"aws backup create-backup-selection --backup-plan-id <BACKUP_PLAN_ID> --backup-selection '{""SelectionName"":""<example_resource_name>"",""IamRoleArn"":""arn:aws:iam::<example_account_id>:role/service-role/AWSBackupDefaultServiceRole"",""Resources"":[""arn:aws:ec2:*:*:volume/*""]}'";"1. In the AWS Backup console, go to Backup plans and click Create backup plan
2. Choose Start with a template (any), keep the Default vault, and create the plan
3. Open the plan and click Assign resources
4. Set Selection name and choose IAM role AWSBackupDefaultServiceRole
5. Under Assign resources, choose Include specific resource types and select EBS
6. For Resources, select all EBS volumes (or the specific volumes to protect) and click Assign resources";KISA-ISMS-P-2023-korean: 2.9.3, 2.12.1 | AWS-Foundational-Security-Best-Practices: EC2.28 | ISO27001-2022: A.8.14 | PCI-4.0: 10.3.3.12, 10.3.3.13, 10.3.3.14, 10.3.3.24 | C5-2025: OPS-06.01B, OPS-07.01B, DEV-11.02B, BCM-01.01B, BCM-01.02B, BCM-02.01B | SecNumCloud-3.2: 12.5 | NIST-CSF-2.0: ds_3, ip_4, rc_rp_1 | ASD-Essential-Eight-Nov 2023: E8-8.1 | PCI-3.2.1: 3.1, 3.1.c | NIS2: 3.6.2, 4.1.2.g, 12.1.2.c, 12.2.2.b | KISA-ISMS-P-2023: 2.9.3, 2.12.1;resilience;;;;5.41.0;https://docs.amazonaws.cn/en_us/aws-backup/latest/devguide/vault-lock.html | https://aws.amazon.com/blogs/storage/protecting-your-critical-amazon-ebs-volumes-using-aws-backup/ | https://docs.aws.amazon.com/config/latest/developerguide/ebs-resources-protected-by-backup-plan.html;;
profile: None;2026-09-05 17:57:02.969483;227842501528;;;;;;prowler-aws-ec2_ebs_volume_snapshots_exists-227842501528-eu-north-1-vol-09a5a1cf5838936ca;aws;ec2_ebs_volume_snapshots_exists;EBS volume has at least one snapshot;Software and Configuration Checks/AWS Security Best Practices | Effects/Data Destruction;FAIL;Snapshots not found for the EBS volume vol-09a5a1cf5838936ca.;False;ec2;;high;AwsEc2Volume;arn:aws:ec2:eu-north-1:227842501528:volume/vol-09a5a1cf5838936ca;vol-09a5a1cf5838936ca;;;aws;eu-north-1;**EBS volumes** are evaluated for the existence of at least one associated **snapshot**, identifying volumes without any point-in-time backup available.;Missing **EBS snapshots** removes point-in-time recovery. Accidental deletion, corruption, or ransomware can cause **irrecoverable data loss** and prolonged **service outages**, degrading data **integrity** and **availability** and complicating recovery and forensics.;;"Establish automated, policy-based **EBS snapshot** coverage for all volumes aligned to business `RPO/RTO`.
- Schedule regular snapshots with retention controls
- Encrypt snapshots and enforce **least privilege** access
- Replicate to another Region/account for DR
- Periodically test restores and document procedures";https://hub.prowler.com/check/ec2_ebs_volume_snapshots_exists;"```yaml
# CloudFormation: create a snapshot of an existing EBS volume
Resources:
  <example_resource_name>:
    Type: AWS::EC2::Snapshot
    Properties:
      VolumeId: <example_resource_id>  # Critical: creates a snapshot for this volume to pass the check
```";"```hcl
# Create a snapshot for an existing EBS volume
resource ""aws_ebs_snapshot"" ""<example_resource_name>"" {
  volume_id = ""<example_resource_id>"" # Critical: creating this snapshot makes the volume pass the check
}
```";aws ec2 create-snapshot --region <REGION> --volume-id <VOLUME_ID>;"1. In the AWS Console, go to EC2
2. Click Volumes, select the target EBS volume
3. Choose Actions > Create snapshot
4. Click Create snapshot to confirm";SOC2: cc_7_5 | AWS-Audit-Manager-Control-Tower-Guardrails: 1.0.2 | KISA-ISMS-P-2023-korean: 2.9.3, 2.12.1 | PCI-4.0: 10.5.1.7, 3.2.1.6, 3.3.1.1.6, 3.3.1.3.6, 3.3.2.6, 3.3.3.6 | SecNumCloud-3.2: 12.5 | ASD-Essential-Eight-Nov 2023: E8-8.1 | KISA-ISMS-P-2023: 2.9.3, 2.12.1;resilience | forensics-ready;;;;5.41.0;https://docs.aws.amazon.com/ebs/latest/userguide/ebs-snapshots.html | https://www.trendmicro.com/trendaivisiononecloudriskmanagement/knowledge-base/aws/EBS/ebs-volumes-recent-snapshots.html;;
profile: None;2026-09-05 17:57:02.969483;227842501528;;;;;;prowler-aws-ec2_instance_account_imdsv2_enabled-227842501528-eu-north-1-227842501528;aws;ec2_instance_account_imdsv2_enabled;IMDSv2 is required by default for EC2 instances at the account level;Software and Configuration Checks/AWS Security Best Practices | Software and Configuration Checks/Industry and Regulatory Standards/AWS Foundational Security Best Practices | TTPs/Credential Access;FAIL;IMDSv2 is not enabled by default for EC2 instances.;False;ec2;;high;AwsEc2Instance;arn:aws:ec2:eu-north-1:227842501528:account;227842501528;;;aws;eu-north-1;**EC2 account IMDS defaults** with `http_tokens`=`required` ensure new instances in the Region use **IMDSv2** by default and disable IMDSv1. *Existing instances keep their current setting.*;Without a default of **IMDSv2**, new instances may enable **IMDSv1**, exposing metadata via simple HTTP. SSRF or proxy misconfigs can steal **temporary IAM credentials**, enabling data exfiltration (confidentiality), unauthorized API changes (integrity), and lateral movement that can disrupt services (availability).;;Enforce **IMDSv2** at the account level in every Region by setting `http_tokens` to `required`. Add guardrails with **SCP/IAM conditions**. Standardize AMIs and launch templates to require tokens, validate workload compatibility, and apply **least privilege** to instance roles for defense in depth. *For containers*, prefer hop limit `2`.;https://hub.prowler.com/check/ec2_instance_account_imdsv2_enabled;;;aws ec2 modify-instance-metadata-defaults --region <region> --http-tokens required;"1. In the AWS Console, open EC2 and select the target Region
2. Go to EC2 Dashboard > Account attributes > Data protection and security
3. Next to IMDS defaults, click Manage
4. Set Metadata version to V2 only (token required)
5. Click Update";KISA-ISMS-P-2023-korean: 2.6.2, 2.10.2 | ISO27001-2022: A.8.20, A.8.21, A.8.22 | C5-2025: OPS-25.01B | CIS-2.0: 5.6 | NIS2: 6.7.2.i | KISA-ISMS-P-2023: 2.6.2, 2.10.2;secrets | ec2-imdsv1;;;;5.41.0;https://docs.aws.amazon.com/AWSEC2/latest/UserGuide/configuring-IMDS-new-instances.html#set-imdsv2-account-defaults | https://docs.aws.amazon.com/AWSEC2/latest/UserGuide/configuring-IMDS-new-instances.html | https://www.trendmicro.com/trendaivisiononecloudriskmanagement/knowledge-base/aws/EC2/require-imds-v2.html;;
profile: None;2026-09-05 17:57:02.969483;227842501528;;;;;;prowler-aws-ec2_instance_detailed_monitoring_enabled-227842501528-eu-north-1-i-08adc39bb44195755;aws;ec2_instance_detailed_monitoring_enabled;EC2 instance has detailed monitoring enabled;Software and Configuration Checks/AWS Security Best Practices;FAIL;EC2 Instance i-08adc39bb44195755 does not have detailed monitoring enabled.;False;ec2;;low;AwsEc2Instance;arn:aws:ec2:eu-north-1:227842501528:instance/i-08adc39bb44195755;i-08adc39bb44195755;;Environment=Lab | Project=Autonomous-Cloud-Security | Name=cloud-security-lab-vm;aws;eu-north-1;"**EC2 instances** are assessed for **CloudWatch detailed monitoring**, indicating whether 1-minute metrics collection is enabled.

Instances lacking this setting provide only 5-minute metrics.";"Without 1-minute metrics, visibility drops, delaying detection of:
- Sudden CPU/network/disk spikes affecting **availability**
- **Malicious workloads** (crypto-mining, brute force)
- **Data exfiltration** patterns
Slower detection expands blast radius, raising incident impact and response cost.";;Enable **detailed monitoring** to collect `1-minute` metrics on critical instances. Use **defense in depth**: baseline normal behavior, create alerts for anomalies, and correlate metrics with logs and traces. Review dashboards regularly. *If costs matter*, prioritize production, internet-facing, and autoscaling fleets.;https://hub.prowler.com/check/ec2_instance_detailed_monitoring_enabled;"```yaml
# CloudFormation: Enable detailed monitoring on an EC2 instance
Resources:
  <example_resource_name>:
    Type: AWS::EC2::Instance
    Properties:
      ImageId: ""<example_ami_id>""
      InstanceType: ""<example_instance_type>""
      Monitoring: true  # Critical: enables detailed (1-minute) CloudWatch monitoring
```";"```hcl
# Enable detailed monitoring on an EC2 instance
resource ""aws_instance"" ""<example_resource_name>"" {
  ami           = ""<example_ami_id>""
  instance_type = ""<example_instance_type>""
  monitoring    = true  # Critical: enables detailed (1-minute) CloudWatch monitoring
}
```";aws ec2 monitor-instances --instance-ids <EC2_INSTANCE_ID>;"1. Open the AWS Console and go to EC2 > Instances
2. Select the instance
3. Choose Actions > Monitor and troubleshoot > Manage detailed monitoring
4. Check Enable detailed monitoring and click Save";KISA-ISMS-P-2023-korean: 2.9.2 | PCI-4.0: 10.2.1.1.15, 10.4.1.1.4, 10.4.1.3, 10.4.2.4, 10.6.3.15, 10.7.1.5, 10.7.2.5, A3.3.1.7, A3.5.1.7 | NIS2: 3.2.3.h | KISA-ISMS-P-2023: 2.9.2;logging | forensics-ready;;;;5.41.0;https://docs.aws.amazon.com/AWSEC2/latest/UserGuide/using-cloudwatch-new.html | https://www.trendmicro.com/trendaivisiononecloudriskmanagement/knowledge-base/aws/EC2/instance-detailed-monitoring.html | https://docs.aws.amazon.com/AWSEC2/latest/UserGuide/using-cloudwatch-new.html#enable-detailed-monitoring-instance;;
profile: None;2026-09-05 17:57:02.969483;227842501528;;;;;;prowler-aws-ec2_instance_imdsv2_enabled-227842501528-eu-north-1-i-08adc39bb44195755;aws;ec2_instance_imdsv2_enabled;EC2 instance requires IMDSv2 or has the instance metadata service disabled;Software and Configuration Checks/AWS Security Best Practices | Software and Configuration Checks/Industry and Regulatory Standards/AWS Foundational Security Best Practices | Software and Configuration Checks/Industry and Regulatory Standards/CIS AWS Foundations Benchmark | TTPs/Credential Access;PASS;EC2 Instance i-08adc39bb44195755 has IMDSv2 enabled and required.;False;ec2;;high;AwsEc2Instance;arn:aws:ec2:eu-north-1:227842501528:instance/i-08adc39bb44195755;i-08adc39bb44195755;;Environment=Lab | Project=Autonomous-Cloud-Security | Name=cloud-security-lab-vm;aws;eu-north-1;**EC2 instances** are evaluated for **IMDSv2 enforcement**: metadata endpoint enabled with `http_tokens: required`, or metadata service fully disabled (`http_endpoint: disabled`).;Permitting **IMDSv1** or optional tokens lets SSRF or compromised workloads retrieve **temporary IAM credentials**, impacting confidentiality and integrity. Stolen role creds can drive **privilege escalation**, unauthorized data access, and lateral movement across AWS resources.;;"Apply defense in depth:
- Require **IMDSv2** tokens on all instances (`http_tokens: required`)
- Disable metadata where not needed (`http_endpoint: disabled`)
- Minimize hop limit to `1` when feasible
- Update SDKs/apps for IMDSv2
- Restrict instance profile permissions (least privilege)
- Block metadata access from untrusted workloads";https://hub.prowler.com/check/ec2_instance_imdsv2_enabled;"```yaml
# CloudFormation: enforce IMDSv2 on an EC2 instance
Resources:
  <example_resource_name>:
    Type: AWS::EC2::Instance
    Properties:
      ImageId: ""<example_resource_id>""
      InstanceType: ""<example_resource_name>""
      MetadataOptions:
        HttpTokens: required  # Critical: Require IMDSv2 tokens (blocks IMDSv1)
```";"```hcl
# Enforce IMDSv2 on an EC2 instance
resource ""aws_instance"" ""<example_resource_name>"" {
  ami           = ""<example_resource_id>""
  instance_type = ""<example_resource_name>""

  metadata_options {
    http_tokens = ""required""  # Critical: Require IMDSv2 tokens (blocks IMDSv1)
  }
}
```";aws ec2 modify-instance-metadata-options --instance-id <instance-id> --http-tokens required --http-endpoint enabled;"1. In AWS Console, go to EC2 > Instances
2. Select the instance > Actions > Instance settings > Modify instance metadata options
3. Set Metadata version to IMDSv2 only (HTTP tokens: Required)
4. Ensure Instance metadata service is Enabled (or set to Disabled to turn off IMDS entirely)
5. Click Save";CIS-4.0.1: 5.7 | CIS-3.0: 5.6 | NIST-800-53-Revision-4: ac_6, ca_7, si_4_2, si_4 | SOC2: cc_7_2 | CIS-5.0: 5.7 | KISA-ISMS-P-2023-korean: 2.6.2, 2.10.2 | AWS-Foundational-Security-Best-Practices: EC2.8 | GxP-21-CFR-Part-11: 11.10-d, 11.10-g | ISO27001-2022: A.8.20, A.8.21, A.8.22 | PCI-4.0: 8.2.8.4 | MITRE-ATTACK: T1552 | CIS-7.0: 6.7 | FedRAMP-20x-KSI-Low-25.05C: ksi-cna | NIST-CSF-2.0: ac_3 | FedRamp-Moderate-Revision-4: ac-3, ac-6, ca-7-a-b, si-4-2, si-4-4, si-4-5, si-4-a-b-c | NIST-CSF-1.1: cm_2, cm_5, cp_4, cp_5, ra_5, sc_4 | CIS-2.0: 5.6 | FedRAMP-Low-Revision-4: ac-3, ca-7 | NIS2: 6.7.2.i | KISA-ISMS-P-2023: 2.6.2, 2.10.2 | AWS-Well-Architected-Framework-Security-Pillar: SEC03-BP01, SEC06-BP01 | CIS-6.0: 6.7 | ProwlerThreatScore-1.0: 4.1.2 | NIST-800-53-Revision-5: ac_2_6, ac_3, ac_3_3, ac_3_3_a, ac_3_3_b_1, ac_3_3_b_2, ac_3_3_b_3, ac_3_3_b_4, ac_3_3_b_5, ac_3_3_c, ac_3_4, ac_3_4_a, ac_3_4_b, ac_3_4_c, ac_3_4_d, ac_3_4_e, ac_3_7, ac_3_8, ac_3_12_a, ac_3_13, ac_3_15_a, ac_3_15_b, ac_4_28, ac_6, ac_24, cm_5_1_a, mp_2, sc_23_3 | NIST-800-171-Revision-2: 3_12_4;identity-access | secrets | ec2-imdsv1;;;;5.41.0;https://www.trendmicro.com/trendaivisiononecloudriskmanagement/knowledge-base/aws/EC2/require-imds-v2.html | https://support.icompaas.com/support/solutions/articles/62000234166-5-7-ensure-that-the-ec2-metadata-service-only-allows-imdsv2-automated- | https://docs.aws.amazon.com/AWSEC2/latest/UserGuide/configuring-instance-metadata-service.html#configuring-instance-metadata-options;;
profile: None;2026-09-05 17:57:02.969483;227842501528;;;;;;prowler-aws-ec2_instance_internet_facing_with_instance_profile-227842501528-eu-north-1-i-08adc39bb44195755;aws;ec2_instance_internet_facing_with_instance_profile;EC2 instance is not internet-facing with an instance profile attached;Software and Configuration Checks/AWS Security Best Practices/Network Reachability | TTPs/Initial Access | TTPs/Credential Access;FAIL;EC2 Instance i-08adc39bb44195755 at IP 13.60.238.101 is internet-facing with Instance Profile arn:aws:iam::227842501528:instance-profile/cloud-security-ec2-ssm-profile.;False;ec2;;high;AwsEc2Instance;arn:aws:ec2:eu-north-1:227842501528:instance/i-08adc39bb44195755;i-08adc39bb44195755;;Environment=Lab | Project=Autonomous-Cloud-Security | Name=cloud-security-lab-vm;aws;eu-north-1;"**EC2 instances** with a public IP address and an attached **instance profile** (IAM role) are identified.

Instances lacking public exposure or without an instance profile are excluded.";Publicly reachable instances with **IAM role credentials** expand the blast radius. Remote exploits or misconfigurations can steal credentials via the **instance metadata service**, enabling unauthorized API calls, data exfiltration, and lateral movement, impacting confidentiality, integrity, and availability.;;Avoid direct Internet exposure. Place workloads behind an **Application Load Balancer** and protect HTTP apps with **WAF**. Remove public IPs or restrict ingress to trusted sources. Apply **least privilege** to instance profiles and enforce **IMDSv2**. Use **bastion hosts** or **Session Manager** for admin access.;https://hub.prowler.com/check/ec2_instance_internet_facing_with_instance_profile;"```yaml
# CloudFormation: EC2 instance without a public IP to avoid being internet-facing
Resources:
  <example_resource_name>:
    Type: AWS::EC2::Instance
    Properties:
      ImageId: <example_ami_id>
      InstanceType: t3.micro
      NetworkInterfaces:
        - DeviceIndex: 0
          SubnetId: <example_resource_id>
          AssociatePublicIpAddress: false  # Critical: disables public IPv4 so the instance is not internet-facing
```";"```hcl
# EC2 instance without a public IP to avoid being internet-facing
resource ""aws_instance"" ""<example_resource_name>"" {
  ami           = ""<example_ami_id>""
  instance_type = ""t3.micro""
  associate_public_ip_address = false  # Critical: disables public IPv4 so the instance is not internet-facing
}
```";aws ec2 disassociate-iam-instance-profile --association-id <ASSOCIATION_ID>;"1. In the AWS Console, go to EC2 > Instances and select the instance
2. Choose Actions > Security > Modify IAM role
3. Set IAM role to None and click Update IAM role
4. Verify the instance no longer lists an IAM role (instance profile)

Alternative (if you need the role): remove internet exposure
1. Select the instance > Networking tab
2. If an Elastic IP is attached, choose Disassociate Elastic IP
3. For auto-assigned public IPv4, stop the instance and relaunch without a public IP or in a subnet without auto-assign public IPv4";KISA-ISMS-P-2023-korean: 2.5.6, 2.6.1, 2.6.2, 2.10.2 | ISO27001-2022: A.8.20, A.8.21, A.8.22 | KISA-ISMS-P-2023: 2.5.6, 2.6.1, 2.6.2, 2.10.2 | AWS-Well-Architected-Framework-Security-Pillar: SEC06-BP01 | ENS-RD2022: mp.com.4.aws.vpc.2;internet-exposed | identity-access;;;;5.41.0;https://docs.aws.amazon.com/IAM/latest/UserGuide/id_roles_use_switch-role-ec2_instance-profiles.html | https://aws.amazon.com/blogs/aws/aws-web-application-firewall-waf-for-application-load-balancers/ | https://support.icompaas.com/support/solutions/articles/62000127121-ensure-instance-profile-is-attached-for-internet-facing-ec2-instances;;
profile: None;2026-09-05 17:57:02.969483;227842501528;;;;;;prowler-aws-ec2_instance_managed_by_ssm-227842501528-eu-north-1-i-08adc39bb44195755;aws;ec2_instance_managed_by_ssm;EC2 instance is managed by AWS Systems Manager or not running;Software and Configuration Checks/AWS Security Best Practices | Software and Configuration Checks/Industry and Regulatory Standards/AWS Foundational Security Best Practices | Software and Configuration Checks/Patch Management;PASS;EC2 Instance i-08adc39bb44195755 is managed by Systems Manager.;False;ec2;;medium;AwsEc2Instance;arn:aws:ec2:eu-north-1:227842501528:instance/i-08adc39bb44195755;i-08adc39bb44195755;;Environment=Lab | Project=Autonomous-Cloud-Security | Name=cloud-security-lab-vm;aws;eu-north-1;"**EC2 instances** are assessed for enrollment as **Systems Manager managed nodes**. Running instances lacking Systems Manager registration are marked as unmanaged; instances in `stopped`, `terminated`, or `pending` states are noted separately.";Unmanaged instances lack centralized patching, inventory, and secure remote access. This increases exposure to brute force on SSH/RDP, delayed patching, and poor visibility. Exploits can enable lateral movement and persistence, degrading confidentiality, integrity, and availability.;;Enroll all instances as **Systems Manager managed nodes**. Prefer **Session Manager** over SSH/RDP, restrict inbound admin ports, and use **least privilege** roles. Ensure connectivity to SSM endpoints (or private endpoints), automate patching and inventory, and monitor activity for defense-in-depth.;https://hub.prowler.com/check/ec2_instance_managed_by_ssm;"```yaml
# CloudFormation: make the instance SSM-managed by attaching the required IAM role
Resources:
  <example_resource_name>Role:
    Type: AWS::IAM::Role
    Properties:
      AssumeRolePolicyDocument:
        Version: '2012-10-17'
        Statement:
          - Effect: Allow
            Principal:
              Service: ec2.amazonaws.com
            Action: sts:AssumeRole
      ManagedPolicyArns:
        - arn:aws:iam::aws:policy/AmazonSSMManagedInstanceCore  # CRITICAL: grants SSM permissions required for management

  <example_resource_name>InstanceProfile:
    Type: AWS::IAM::InstanceProfile
    Properties:
      Roles:
        - !Ref <example_resource_name>Role

  <example_resource_name>Instance:
    Type: AWS::EC2::Instance
    Properties:
      ImageId: ami-<example_resource_id>
      InstanceType: t3.micro
      IamInstanceProfile: !Ref <example_resource_name>InstanceProfile  # CRITICAL: attaches the SSM-enabled role to the instance
```";"```hcl
# Terraform: make the instance SSM-managed by attaching the required IAM role
resource ""aws_iam_role"" ""<example_resource_name>"" {
  name               = ""<example_resource_name>""
  assume_role_policy = jsonencode({
    Version = ""2012-10-17""
    Statement = [{
      Effect = ""Allow""
      Principal = { Service = ""ec2.amazonaws.com"" }
      Action   = ""sts:AssumeRole""
    }]
  })
}

resource ""aws_iam_role_policy_attachment"" ""<example_resource_name>_ssm"" {
  role       = aws_iam_role.<example_resource_name>.name
  policy_arn = ""arn:aws:iam::aws:policy/AmazonSSMManagedInstanceCore""  # CRITICAL: grants SSM permissions required for management
}

resource ""aws_iam_instance_profile"" ""<example_resource_name>"" {
  name = ""<example_resource_name>""
  role = aws_iam_role.<example_resource_name>.name
}

resource ""aws_instance"" ""<example_resource_name>"" {
  ami                  = ""ami-<example_resource_id>""
  instance_type        = ""t3.micro""
  iam_instance_profile = aws_iam_instance_profile.<example_resource_name>.name  # CRITICAL: attaches the SSM-enabled role to the instance
}
```";aws ec2 stop-instances --instance-ids <INSTANCE_ID>;"1. In IAM console: Create role > AWS service > EC2 > Next; attach policy ""AmazonSSMManagedInstanceCore""; Create role
2. In EC2 console: Instances > select the instance > Actions > Security > Modify IAM role > choose the role created above > Update IAM role
3. Wait a few minutes; in Systems Manager console: Managed nodes, verify the instance shows as Online
4. If the instance OS does not include SSM Agent by default, install the SSM Agent for that OS, then verify again";NIST-800-53-Revision-4: cm_2, cm_7, cm_8_1, cm_8_3, sa_3, sa_10, si_2_2, si_7_1 | SOC2: cc_3_2, cc_7_1 | KISA-ISMS-P-2023-korean: 2.6.2, 2.10.2 | AWS-Foundational-Security-Best-Practices: SSM.1 | GxP-21-CFR-Part-11: 11.10-a, 11.10-h | ISO27001-2022: A.5.26 | FedRAMP-20x-KSI-Low-25.05C: ksi-cmt, ksi-piy | SecNumCloud-3.2: 8.1, 12.10, 12.12 | NIST-CSF-2.0: ac_3 | FedRamp-Moderate-Revision-4: cm-2, cm-7-a, cm-8-1, cm-8-3-a, sa-3-a, sa-10, si-2-2, si-7-1 | ASD-Essential-Eight-Nov 2023: E8-1.1, E8-2.1, E8-2.6, E8-2.7 | FFIEC: d1-g-it-b-1, d3-pc-im-b-5 | NIST-CSF-1.1: am_1, am_2, ds_3, ds_7, ds_8, ip_1, ip_2, ip_12 | CISA: your-systems-1 | HIPAA: 164_308_a_5_ii_b | FedRAMP-Low-Revision-4: cm-8, sa-3 | KISA-ISMS-P-2023: 2.6.2, 2.10.2 | RBI-Cyber-Security-Framework: annex_i_1_1 | AWS-Well-Architected-Framework-Security-Pillar: SEC01-BP06, SEC06-BP04, SEC06-BP05 | NIST-800-53-Revision-5: cm_2_a, cm_2_b, cm_2_b_1, cm_2_b_2, cm_2_b_3, cm_2_2, cm_3_3, cm_6, cm_8_1, cm_8_2, cm_8_3_a, cm_8_6, cm_8_a, cm_8_a_1, cm_8_a_2, cm_8_a_3, cm_8_a_4, cm_8_a_5, cm_8_b, si_3_c_2 | ENS-RD2022: op.acc.4.aws.iam.6, op.acc.4.aws.sys.1, op.exp.1.aws.sys.1, op.exp.4.aws.sys.2, op.exp.4.r2.aws.sys.1, op.exp.9.aws.img.1, op.acc.4.aws.iam.3 | NIST-800-171-Revision-2: 3_4_1, 3_4_2, 3_4_6, 3_4_9, 3_14_2;node-security;;;;5.41.0;https://www.trendmicro.com/trendaivisiononecloudriskmanagement/knowledge-base/aws/SSM/ssm-managed-instances.html | https://docs.aws.amazon.com/systems-manager/latest/userguide/managed_instances.html;;
profile: None;2026-09-05 17:57:02.969483;227842501528;;;;;;prowler-aws-ec2_instance_older_than_specific_days-227842501528-eu-north-1-i-08adc39bb44195755;aws;ec2_instance_older_than_specific_days;EC2 instance is not older than the configured maximum age or is not running;Software and Configuration Checks/AWS Security Best Practices | Software and Configuration Checks/Patch Management;PASS;EC2 Instance i-08adc39bb44195755 is not older than 180 days (0 days).;False;ec2;;medium;AwsEc2Instance;arn:aws:ec2:eu-north-1:227842501528:instance/i-08adc39bb44195755;i-08adc39bb44195755;;Environment=Lab | Project=Autonomous-Cloud-Security | Name=cloud-security-lab-vm;aws;eu-north-1;**EC2 instances** are evaluated for age while in `running` state. Instances launched beyond the configurable limit (`max_ec2_instance_age_in_days`, default `180`) are flagged as older than the allowed lifetime. Stopped instances are ignored.;"Long-lived instances often run **unpatched OS and agents**, enabling:
- Exploitation of known CVEs  loss of confidentiality
- Privilege escalation and tampering  integrity compromise
- Malware/crypto-mining and instability  reduced availability

Aged hosts also drift from baselines and impede response.";;"Adopt **short-lived, patched workloads**:
- Rebuild regularly from hardened, updated images; rotate AMIs
- Use centralized patch management and vulnerability scanning
- Retire or modernize legacy hosts; tag for lifecycle
- Apply **least privilege** and **defense in depth** to limit blast radius

Adjust `max_ec2_instance_age_in_days` to match policy.";https://hub.prowler.com/check/ec2_instance_older_than_specific_days;;;aws ec2 stop-instances --instance-ids <example_resource_id>;"1. Sign in to the AWS Management Console and open EC2
2. Go to Instances and select the noncompliant instance
3. Choose Instance state > Stop instance
4. Confirm Stop
5. Verify the instance state is Stopped (the check passes when the instance is not running)";NIST-800-53-Revision-4: cm_2 | KISA-ISMS-P-2023-korean: 2.9.2 | AWS-Foundational-Security-Best-Practices: EC2.4 | GxP-21-CFR-Part-11: 11.10-a | ISO27001-2022: A.8.10 | FedRAMP-20x-KSI-Low-25.05C: ksi-cmt | FedRamp-Moderate-Revision-4: cm-2 | ASD-Essential-Eight-Nov 2023: E8-2.8 | FFIEC: d1-g-it-b-1 | NIST-CSF-1.1: ds_7, ip_1 | CISA: your-systems-1 | HIPAA: 164_308_a_1_ii_b | FedRAMP-Low-Revision-4: cm-2 | KISA-ISMS-P-2023: 2.9.2 | NIST-800-53-Revision-5: cm_2_a, cm_2_b, cm_2_b_1, cm_2_b_2, cm_2_b_3, cm_2_2, cm_3_3, cm_8_6 | NIST-800-171-Revision-2: 3_4_1, 3_4_2;;;;;5.41.0;https://docs.aws.amazon.com/systems-manager/latest/userguide/viewing-patch-compliance-results.html | https://www.trendmicro.com/trendaivisiononecloudriskmanagement/knowledge-base/aws/EC2/ec2-instance-too-old.html;;
profile: None;2026-09-05 17:57:02.969483;227842501528;;;;;;prowler-aws-ec2_instance_paravirtual_type-227842501528-eu-north-1-i-08adc39bb44195755;aws;ec2_instance_paravirtual_type;EC2 instance virtualization type is HVM;Software and Configuration Checks/AWS Security Best Practices;PASS;EC2 Instance i-08adc39bb44195755 virtualization type is set to HVM.;False;ec2;;medium;AwsEc2Instance;arn:aws:ec2:eu-north-1:227842501528:instance/i-08adc39bb44195755;i-08adc39bb44195755;;Environment=Lab | Project=Autonomous-Cloud-Security | Name=cloud-security-lab-vm;aws;eu-north-1;"**EC2 instances** are evaluated for their virtualization mode. Instances with `virtualization_type` set to `paravirtual` are identified; those using **HVM** are recognized as hardware-assisted virtualization.";"Using **paravirtual (PV)** weakens isolation versus **HVM/Nitro** and blocks features like `ENA` and `NVMe`. Confidentiality and integrity can suffer due to reliance on legacy hypercalls/drivers; availability and performance may degrade under load, increasing exposure to kernel/driver exploits and noisy-neighbor impacts.";;"Standardize on **HVM/Nitro**. Migrate PV workloads to HVM AMIs and current instance families; ensure support for `ENA` and `NVMe`, current kernels, and hardened configs. Apply **defense in depth** and **least privilege**. Use immutable images with staged testing, then retire PV images to prevent drift and regressions.";https://hub.prowler.com/check/ec2_instance_paravirtual_type;"```yaml
# Launch an EC2 instance using an HVM-based AMI
Resources:
  <example_resource_name>:
    Type: AWS::EC2::Instance
    Properties:
      ImageId: <HVM_AMI_ID>  # Critical: Using an HVM AMI ensures virtualization type is HVM
      InstanceType: t3.micro
```";"```hcl
# EC2 instance launched from an HVM AMI
resource ""aws_instance"" ""<example_resource_name>"" {
  ami           = ""<HVM_AMI_ID>""  # Critical: AMI must be HVM to pass the check
  instance_type = ""t3.micro""
}
```";aws ec2 terminate-instances --instance-ids <INSTANCE_ID>;"1. In the AWS Console, go to EC2 > Instances and select the instance with Virtualization type = paravirtual
2. Launch a replacement instance using any HVM-based AMI (e.g., Amazon Linux 2)
3. Verify the new instance is running
4. Back in EC2 > Instances, select the paravirtual instance, choose Instance state > Terminate instance, and confirm";KISA-ISMS-P-2023-korean: 2.9.2 | AWS-Foundational-Security-Best-Practices: EC2.24 | ISO27001-2022: A.8.20, A.8.21, A.8.22 | KISA-ISMS-P-2023: 2.9.2;node-security;;;;5.41.0;https://docs.aws.amazon.com/securityhub/latest/userguide/ec2-controls.html#ec2-24 | https://docs.aws.amazon.com/AWSEC2/latest/UserGuide/ec2-instance-resize.html | https://docs.aws.amazon.com/config/latest/developerguide/ec2-paravirtual-instance-check.html;;
profile: None;2026-09-05 17:57:02.969483;227842501528;;;;;;prowler-aws-ec2_instance_port_cassandra_exposed_to_internet-227842501528-eu-north-1-i-08adc39bb44195755;aws;ec2_instance_port_cassandra_exposed_to_internet;EC2 instance does not have Cassandra ports (TCP 7000, 7001, 7199, 9042, 9160) open to the Internet;Software and Configuration Checks/AWS Security Best Practices/Network Reachability | TTPs/Initial Access | Effects/Data Exposure;PASS;Instance i-08adc39bb44195755 does not have Cassandra ports open to the Internet.;False;ec2;;critical;AwsEc2Instance;arn:aws:ec2:eu-north-1:227842501528:instance/i-08adc39bb44195755;i-08adc39bb44195755;;Environment=Lab | Project=Autonomous-Cloud-Security | Name=cloud-security-lab-vm;aws;eu-north-1;"**EC2 instances** have **Cassandra service ports** (`7000`, `7001`, `7199`, `9042`, `9160`) reachable from the Internet through security group ingress.

Public IP presence and subnet exposure are considered to assess external reachability.";"Internet-exposed Cassandra enables unauthorized queries on `9042`, remote management via `7199` (JMX), and tampering with inter-node channels on `7000/7001` and `9160`.

Attackers can read/modify data (**confidentiality, integrity**), disrupt or take over the cluster (**availability**), and pivot within the VPC.";;"Apply **least privilege network access**:
- Remove `0.0.0.0/0` and `::/0` to Cassandra ports
- Allow only trusted subnets or VPN/bastion
- Keep nodes in private subnets; segment inter-node traffic
- Enforce **authentication** and **TLS/mTLS** for clients and JMX
- Add **defense in depth** with NACLs and monitoring";https://hub.prowler.com/check/ec2_instance_port_cassandra_exposed_to_internet;"```yaml
# Restrict Cassandra ports so they are not open to the Internet
Resources:
  <example_resource_name>:
    Type: AWS::EC2::SecurityGroup
    Properties:
      GroupDescription: Restrict Cassandra ports
      VpcId: <example_resource_id>
      SecurityGroupIngress:
        - IpProtocol: tcp
          FromPort: 7000
          ToPort: 7000
          CidrIp: 10.0.0.0/8  # FIX: not 0.0.0.0/0; restricts Internet access
        - IpProtocol: tcp
          FromPort: 7001
          ToPort: 7001
          CidrIp: 10.0.0.0/8  # FIX
        - IpProtocol: tcp
          FromPort: 7199
          ToPort: 7199
          CidrIp: 10.0.0.0/8  # FIX
        - IpProtocol: tcp
          FromPort: 9042
          ToPort: 9042
          CidrIp: 10.0.0.0/8  # FIX
        - IpProtocol: tcp
          FromPort: 9160
          ToPort: 9160
          CidrIp: 10.0.0.0/8  # FIX
```";"```hcl
# Security group with Cassandra ports not open to the Internet
resource ""aws_security_group"" ""<example_resource_name>"" {
  name   = ""<example_resource_name>""
  vpc_id = ""<example_resource_id>""

  # FIX: restrict these ports; do not use 0.0.0.0/0
  ingress { from_port = 7000 to_port = 7000 protocol = ""tcp"" cidr_blocks = [""10.0.0.0/8""] }
  ingress { from_port = 7001 to_port = 7001 protocol = ""tcp"" cidr_blocks = [""10.0.0.0/8""] }
  ingress { from_port = 7199 to_port = 7199 protocol = ""tcp"" cidr_blocks = [""10.0.0.0/8""] }
  ingress { from_port = 9042 to_port = 9042 protocol = ""tcp"" cidr_blocks = [""10.0.0.0/8""] }
  ingress { from_port = 9160 to_port = 9160 protocol = ""tcp"" cidr_blocks = [""10.0.0.0/8""] }
}
```";"aws ec2 revoke-security-group-ingress --group-id <SECURITY_GROUP_ID> --ip-permissions '[{""IpProtocol"":""tcp"",""FromPort"":7000,""ToPort"":7000,""IpRanges"":[{""CidrIp"":""0.0.0.0/0""}]},{""IpProtocol"":""tcp"",""FromPort"":7001,""ToPort"":7001,""IpRanges"":[{""CidrIp"":""0.0.0.0/0""}]},{""IpProtocol"":""tcp"",""FromPort"":7199,""ToPort"":7199,""IpRanges"":[{""CidrIp"":""0.0.0.0/0""}]},{""IpProtocol"":""tcp"",""FromPort"":9042,""ToPort"":9042,""IpRanges"":[{""CidrIp"":""0.0.0.0/0""}]},{""IpProtocol"":""tcp"",""FromPort"":9160,""ToPort"":9160,""IpRanges"":[{""CidrIp"":""0.0.0.0/0""}]]'";"1. Open the AWS Console > EC2 > Instances and select the instance
2. In the Security tab, click the attached Security Group(s)
3. Click Edit inbound rules
4. Remove or change any rule allowing TCP 7000, 7001, 7199, 9042, or 9160 from Anywhere (0.0.0.0/0 or ::/0)
5. If needed, re-add those ports with a specific trusted source CIDR or security group
6. Save rules";SOC2: cc_6_6 | KISA-ISMS-P-2023-korean: 2.6.1, 2.6.4, 2.10.2 | ISO27001-2022: A.8.20, A.8.21, A.8.22 | C5-2025: PI-01.01AC | NIS2: 6.7.2.g | KISA-ISMS-P-2023: 2.6.1, 2.6.4, 2.10.2 | ProwlerThreatScore-1.0: 2.1.6;internet-exposed;;;;5.41.0;https://docs.aws.amazon.com/vpc/latest/userguide/VPC_SecurityGroups.html | https://support.icompaas.com/support/solutions/articles/62000127020-ensure-security-groups-do-not-allow-unrestricted-ingress-access-to-cassandra-ports-7199-or-9160-or-88;;
profile: None;2026-09-05 17:57:02.969483;227842501528;;;;;;prowler-aws-ec2_instance_port_cifs_exposed_to_internet-227842501528-eu-north-1-i-08adc39bb44195755;aws;ec2_instance_port_cifs_exposed_to_internet;EC2 instance does not allow Internet ingress to TCP ports 139 or 445 (CIFS);Software and Configuration Checks/AWS Security Best Practices/Network Reachability | Software and Configuration Checks/Industry and Regulatory Standards/AWS Foundational Security Best Practices | TTPs/Initial Access | Effects/Data Exposure;PASS;Instance i-08adc39bb44195755 does not have CIFS ports open to the Internet.;False;ec2;;critical;AwsEc2Instance;arn:aws:ec2:eu-north-1:227842501528:instance/i-08adc39bb44195755;i-08adc39bb44195755;;Environment=Lab | Project=Autonomous-Cloud-Security | Name=cloud-security-lab-vm;aws;eu-north-1;"**EC2 instances** with security groups permitting **inbound** TCP `139` or `445` (**CIFS/SMB**) from `0.0.0.0/0` are identified.

Exposure level reflects whether the instance has a **public IP** and the subnet's Internet reachability.";Publicly reachable **SMB** allows unauthorized access and **remote code execution**, enabling credential theft, NTLM relay, and share enumeration. Attackers can exfiltrate files, tamper or delete data, and spread **ransomware**, degrading **confidentiality**, **integrity**, and **availability**.;;"Restrict **CIFS/SMB** to trusted internal sources using **least privilege**; do not allow `0.0.0.0/0`.

Adopt **defense in depth**: place hosts in private subnets, require **VPN** or controlled jump paths, and enforce **segmentation**. Disable SMB if unnecessary or use alternatives (e.g., SFTP). Require strong auth and SMB signing.";https://hub.prowler.com/check/ec2_instance_port_cifs_exposed_to_internet;"```yaml
# CloudFormation: Security group without CIFS open to the Internet
Resources:
  <example_resource_name>:
    Type: AWS::EC2::SecurityGroup
    Properties:
      GroupDescription: SG without CIFS open to Internet
      VpcId: <example_resource_id>
      SecurityGroupIngress:
        - IpProtocol: tcp
          FromPort: 139
          ToPort: 139
          CidrIp: 10.0.0.0/8  # CRITICAL: restrict CIFS (139) to a non-Internet CIDR to avoid 0.0.0.0/0
        - IpProtocol: tcp
          FromPort: 445
          ToPort: 445
          CidrIp: 10.0.0.0/8  # CRITICAL: restrict CIFS (445) to a non-Internet CIDR to avoid 0.0.0.0/0
```";"```hcl
# Security group without CIFS open to the Internet
resource ""aws_security_group"" ""<example_resource_name>"" {
  name   = ""<example_resource_name>""
  vpc_id = ""<example_resource_id>""

  ingress {
    from_port   = 139
    to_port     = 139
    protocol    = ""tcp""
    cidr_blocks = [""10.0.0.0/8""] # CRITICAL: restrict CIFS (139); do not use 0.0.0.0/0
  }

  ingress {
    from_port   = 445
    to_port     = 445
    protocol    = ""tcp""
    cidr_blocks = [""10.0.0.0/8""] # CRITICAL: restrict CIFS (445); do not use 0.0.0.0/0
  }
}
```";"aws ec2 revoke-security-group-ingress --group-id <SECURITY_GROUP_ID> --ip-permissions '[{""IpProtocol"":""tcp"",""FromPort"":139,""ToPort"":139,""IpRanges"":[{""CidrIp"":""0.0.0.0/0""}]},{""IpProtocol"":""tcp"",""FromPort"":445,""ToPort"":445,""IpRanges"":[{""CidrIp"":""0.0.0.0/0""}]}]'";"1. In AWS Console, go to EC2 > Security Groups
2. Select the security group attached to the affected instance
3. Edit Inbound rules
4. Delete any rule allowing TCP port 139 or 445 from 0.0.0.0/0 or ::/0, or change the source to a specific trusted CIDR
5. Save rules";CIS-4.0.1: 5.1.2 | SOC2: cc_6_6 | CIS-5.0: 5.1.2 | KISA-ISMS-P-2023-korean: 2.6.1, 2.6.2, 2.6.6, 2.10.2 | ISO27001-2022: A.8.20, A.8.21, A.8.22 | CIS-7.0: 6.1.2 | C5-2025: PI-01.01AC | NIS2: 6.7.2.g | KISA-ISMS-P-2023: 2.6.1, 2.6.2, 2.6.6, 2.10.2 | CIS-6.0: 6.1.2 | ProwlerThreatScore-1.0: 2.1.6;internet-exposed;;;;5.41.0;https://docs.aws.amazon.com/vpc/latest/userguide/VPC_SecurityGroups.html | https://www.trendmicro.com/trendaivisiononecloudriskmanagement/knowledge-base/aws/EC2/unrestricted-cifs-access.html;;
profile: None;2026-09-05 17:57:02.969483;227842501528;;;;;;prowler-aws-ec2_instance_port_elasticsearch_kibana_exposed_to_internet-227842501528-eu-north-1-i-08adc39bb44195755;aws;ec2_instance_port_elasticsearch_kibana_exposed_to_internet;EC2 instance does not allow ingress from the Internet to Elasticsearch and Kibana ports (TCP 9200, 9300, 5601);Software and Configuration Checks/AWS Security Best Practices/Network Reachability | Software and Configuration Checks/Industry and Regulatory Standards/AWS Foundational Security Best Practices | TTPs/Initial Access/Unauthorized Access | Effects/Data Exposure;PASS;Instance i-08adc39bb44195755 does not have Elasticsearch/Kibana ports open to the Internet.;False;ec2;;critical;AwsEc2Instance;arn:aws:ec2:eu-north-1:227842501528:instance/i-08adc39bb44195755;i-08adc39bb44195755;;Environment=Lab | Project=Autonomous-Cloud-Security | Name=cloud-security-lab-vm;aws;eu-north-1;"**EC2 instances** with **Elasticsearch/Kibana ports** (`9200`, `9300`, `5601`) exposed to the Internet through inbound security group rules.

Assesses reachability considering instance public IP and subnet to reflect real exposure.";"Public access to Elasticsearch/Kibana can lead to:
- Unauthorized queries or dashboard viewing  confidentiality loss
- Index changes or cluster control via `9300`  integrity impact
- Scans and bulk queries  availability degradation

Enables data exfiltration and lateral movement.";;"Apply **least privilege** to network exposure:
- Restrict `9200`, `9300`, `5601` to trusted sources or keep them private
- Use **private subnets**, **VPN/peering**, or **bastion/SSM** for admin access
- Enforce **authentication** and **TLS** on Elasticsearch/Kibana
- Avoid public IPs unless strictly required";https://hub.prowler.com/check/ec2_instance_port_elasticsearch_kibana_exposed_to_internet;"```yaml
# CloudFormation: restrict Elasticsearch/Kibana ports to a private CIDR (not the Internet)
Resources:
  <example_resource_name>:
    Type: AWS::EC2::SecurityGroup
    Properties:
      GroupDescription: Restrict Elasticsearch/Kibana ports
      VpcId: <example_resource_id>
      SecurityGroupIngress:
        - IpProtocol: tcp
          FromPort: 9200
          ToPort: 9200
          CidrIp: 10.0.0.0/8  # CRITICAL: do not use 0.0.0.0/0 or ::/0; restrict to internal CIDR
        - IpProtocol: tcp
          FromPort: 9300
          ToPort: 9300
          CidrIp: 10.0.0.0/8  # CRITICAL: restrict source to stop Internet exposure
        - IpProtocol: tcp
          FromPort: 5601
          ToPort: 5601
          CidrIp: 10.0.0.0/8  # CRITICAL: restrict source to stop Internet exposure
```";"```hcl
# Terraform: restrict Elasticsearch/Kibana ports to a private CIDR (not the Internet)
resource ""aws_security_group"" ""<example_resource_name>"" {
  name   = ""<example_resource_name>""
  vpc_id = ""<example_resource_id>""

  # CRITICAL: restrict sources; do NOT use 0.0.0.0/0 or ::/0
  ingress {
    from_port   = 9200
    to_port     = 9200
    protocol    = ""tcp""
    cidr_blocks = [""10.0.0.0/8""]
  }
  ingress {
    from_port   = 9300
    to_port     = 9300
    protocol    = ""tcp""
    cidr_blocks = [""10.0.0.0/8""]
  }
  ingress {
    from_port   = 5601
    to_port     = 5601
    protocol    = ""tcp""
    cidr_blocks = [""10.0.0.0/8""]
  }
}
```";"aws ec2 revoke-security-group-ingress --group-id <SECURITY_GROUP_ID> --ip-permissions '[{""IpProtocol"":""tcp"",""FromPort"":9200,""ToPort"":9200,""IpRanges"":[{""CidrIp"":""0.0.0.0/0""}]},{""IpProtocol"":""tcp"",""FromPort"":9300,""ToPort"":9300,""IpRanges"":[{""CidrIp"":""0.0.0.0/0""}]},{""IpProtocol"":""tcp"",""FromPort"":5601,""ToPort"":5601,""IpRanges"":[{""CidrIp"":""0.0.0.0/0""}]}]'";"1. Open the AWS Console and go to EC2 > Security Groups
2. Select the security group attached to the instance
3. In Inbound rules, find any rule allowing TCP 9200, 9300, or 5601 from 0.0.0.0/0 or ::/0
4. Edit inbound rules and either delete those rules or change the source to a restricted CIDR (e.g., your internal network)
5. Save rules";SOC2: cc_6_6 | KISA-ISMS-P-2023-korean: 2.6.1, 2.6.2, 2.6.3, 2.10.2 | ISO27001-2022: A.8.20, A.8.21, A.8.22 | C5-2025: PI-01.01AC | NIS2: 6.7.2.g | KISA-ISMS-P-2023: 2.6.1, 2.6.2, 2.6.3, 2.10.2 | ProwlerThreatScore-1.0: 2.1.6;internet-exposed;;;;5.41.0;https://docs.aws.amazon.com/vpc/latest/userguide/VPC_SecurityGroups.html | https://support.icompaas.com/support/solutions/articles/62000233821-ensure-no-ec2-instances-allow-ingress-from-the-internet-to-elasticsearch-and-kibana-ports-tcp-9200-;;
profile: None;2026-09-05 17:57:02.969483;227842501528;;;;;;prowler-aws-ec2_instance_port_ftp_exposed_to_internet-227842501528-eu-north-1-i-08adc39bb44195755;aws;ec2_instance_port_ftp_exposed_to_internet;EC2 instance does not allow ingress from the Internet to TCP ports 20 or 21 (FTP);Software and Configuration Checks/AWS Security Best Practices/Network Reachability | Software and Configuration Checks/Industry and Regulatory Standards/AWS Foundational Security Best Practices | TTPs/Initial Access | Effects/Data Exposure;PASS;Instance i-08adc39bb44195755 does not have FTP ports open to the Internet.;False;ec2;;critical;AwsEc2Instance;arn:aws:ec2:eu-north-1:227842501528:instance/i-08adc39bb44195755;i-08adc39bb44195755;;Environment=Lab | Project=Autonomous-Cloud-Security | Name=cloud-security-lab-vm;aws;eu-north-1;"**EC2 instances** with security groups permitting inbound **FTP** on `TCP 20-21` from any address (e.g., `0.0.0.0/0` or `::/0`) are identified.

Exposure is contextualized by the instance's public reachability (public IP and subnet).";"Exposed **FTP** invites Internet brute force and transmits in cleartext, enabling credential theft and packet sniffing (**confidentiality**).

Attackers can upload/alter files (**integrity**) and abuse services for malware staging or DoS (**availability**). Publicly reachable hosts are rapidly probed by scanners.";;"Deny public ingress to **FTP** ports `20-21` following **least privilege**. Prefer **SFTP** or **FTPS**; if transfers are required, restrict to trusted sources and use private access (VPN or dedicated network). Apply **defense in depth** with tightened security groups and network ACLs, and monitor authentication and access.";https://hub.prowler.com/check/ec2_instance_port_ftp_exposed_to_internet;"```yaml
# CloudFormation: restrict FTP (ports 20-21) from Internet
Resources:
  <example_resource_name>:
    Type: AWS::EC2::SecurityGroup
    Properties:
      GroupDescription: Restrict FTP access
      VpcId: <example_resource_id>
      SecurityGroupIngress:
        - IpProtocol: tcp
          FromPort: 20
          ToPort: 21
          CidrIp: 10.0.0.0/8  # CRITICAL: restrict source; not 0.0.0.0/0. Fixes Internet exposure.
```";"```hcl
# Security group with FTP restricted
resource ""aws_security_group"" ""<example_resource_name>"" {
  vpc_id = ""<example_resource_id>""

  ingress {
    from_port   = 20
    to_port     = 21
    protocol    = ""tcp""
    cidr_blocks = [""10.0.0.0/8""] # CRITICAL: restrict source; not 0.0.0.0/0. Fixes Internet exposure.
  }
}
```";aws ec2 revoke-security-group-ingress --group-id <SECURITY_GROUP_ID> --ip-permissions 'IpProtocol=tcp,FromPort=20,ToPort=21,IpRanges=[{CidrIp=0.0.0.0/0}]';"1. In the AWS Console, go to EC2 > Security Groups
2. Select the security group attached to the instance
3. Open the Inbound rules tab and click Edit inbound rules
4. Find any rule allowing TCP ports 20-21 from 0.0.0.0/0 or ::/0
5. Delete the rule, or change Source to a trusted CIDR (e.g., your office IP)
6. Click Save rules";SOC2: cc_6_6 | KISA-ISMS-P-2023-korean: 2.6.1, 2.6.2, 2.6.6, 2.10.2 | ISO27001-2022: A.8.20, A.8.21, A.8.22 | C5-2025: PI-01.01AC | NIS2: 6.7.2.g | KISA-ISMS-P-2023: 2.6.1, 2.6.2, 2.6.6, 2.10.2 | ProwlerThreatScore-1.0: 2.1.6;internet-exposed;;;;5.41.0;https://www.trendmicro.com/trendaivisiononecloudriskmanagement/knowledge-base/aws/EC2/unrestricted-ftp-access.html | https://docs.aws.amazon.com/vpc/latest/userguide/VPC_SecurityGroups.html;;
profile: None;2026-09-05 17:57:02.969483;227842501528;;;;;;prowler-aws-ec2_instance_port_kafka_exposed_to_internet-227842501528-eu-north-1-i-08adc39bb44195755;aws;ec2_instance_port_kafka_exposed_to_internet;EC2 instance does not allow ingress from the Internet to TCP port 9092 (Kafka);Software and Configuration Checks/AWS Security Best Practices/Network Reachability | Software and Configuration Checks/Industry and Regulatory Standards/AWS Foundational Security Best Practices | Software and Configuration Checks/Industry and Regulatory Standards/CIS AWS Foundations Benchmark | TTPs/Initial Access | Effects/Data Exposure;PASS;Instance i-08adc39bb44195755 does not have Kafka port 9092 open to the Internet.;False;ec2;;critical;AwsEc2Instance;arn:aws:ec2:eu-north-1:227842501528:instance/i-08adc39bb44195755;i-08adc39bb44195755;;Environment=Lab | Project=Autonomous-Cloud-Security | Name=cloud-security-lab-vm;aws;eu-north-1;**EC2 instances** with security group rules that allow inbound `TCP 9092` (Kafka) from the Internet are reported. The evaluation inspects ingress rules to detect broad sources (for example `0.0.0.0/0` or `::/0`) that expose Kafka brokers.;Public Kafka access undermines CIA: adversaries can read topics and metadata (**confidentiality**), publish or alter events (**integrity**), and overwhelm brokers (**availability**). Exposure also eases reconnaissance and lateral movement from the broker host.;;Apply **least privilege**: restrict `TCP 9092` to trusted networks, not `0.0.0.0/0` or `::/0`. Keep brokers in private subnets and use private connectivity (VPN/peering). Enforce **TLS** and authenticated clients with granular ACLs, and add **defense in depth** via NACLs or proxies.;https://hub.prowler.com/check/ec2_instance_port_kafka_exposed_to_internet;"```yaml
# CloudFormation: restrict Kafka (9092) from Internet
Resources:
  <example_resource_name>:
    Type: AWS::EC2::SecurityGroup
    Properties:
      GroupDescription: Restrict Kafka port
      VpcId: <example_resource_id>
      SecurityGroupIngress:
        - IpProtocol: tcp
          FromPort: 9092
          ToPort: 9092
          CidrIp: 10.0.0.0/8  # Critical: do NOT use 0.0.0.0/0; restrict to trusted CIDR to close Internet access
```";"```hcl
# Restrict Kafka (9092) from Internet
resource ""aws_security_group"" ""<example_resource_name>"" {
  name   = ""<example_resource_name>""
  vpc_id = ""<example_resource_id>""

  ingress {
    from_port   = 9092
    to_port     = 9092
    protocol    = ""tcp""
    cidr_blocks = [""10.0.0.0/8""]  # Critical: restrict source; not 0.0.0.0/0
  }
}
```";aws ec2 revoke-security-group-ingress --group-id <SECURITY_GROUP_ID> --protocol tcp --port 9092 --cidr 0.0.0.0/0;"1. In the AWS Console, go to EC2 > Security Groups
2. Select the security group attached to the instance
3. Open the Inbound rules tab and click Edit inbound rules
4. Remove the rule allowing TCP 9092 from 0.0.0.0/0 or ::/0 (Internet)
5. If needed, add TCP 9092 with a restricted source (e.g., your VPC CIDR)
6. Click Save rules";SOC2: cc_6_6 | KISA-ISMS-P-2023-korean: 2.6.1, 2.6.2, 2.10.2 | ISO27001-2022: A.8.20, A.8.21, A.8.22 | C5-2025: PI-01.01AC | NIS2: 6.7.2.g | KISA-ISMS-P-2023: 2.6.1, 2.6.2, 2.10.2 | ProwlerThreatScore-1.0: 2.1.6;internet-exposed;;;;5.41.0;https://docs.aws.amazon.com/vpc/latest/userguide/VPC_SecurityGroups.html | https://support.icompaas.com/support/solutions/articles/62000233794-ensure-no-ec2-instances-allow-ingress-from-the-internet-to-tcp-port-9092-kafka-;;
profile: None;2026-09-05 17:57:02.969483;227842501528;;;;;;prowler-aws-ec2_instance_port_kerberos_exposed_to_internet-227842501528-eu-north-1-i-08adc39bb44195755;aws;ec2_instance_port_kerberos_exposed_to_internet;EC2 instance does not allow ingress from the Internet to TCP ports 88, 464, 749, or 750 (Kerberos);Software and Configuration Checks/AWS Security Best Practices/Network Reachability | TTPs/Initial Access/Unauthorized Access;PASS;Instance i-08adc39bb44195755 does not have Kerberos ports open to the Internet.;False;ec2;;critical;AwsEc2Instance;arn:aws:ec2:eu-north-1:227842501528:instance/i-08adc39bb44195755;i-08adc39bb44195755;;Environment=Lab | Project=Autonomous-Cloud-Security | Name=cloud-security-lab-vm;aws;eu-north-1;"**EC2 instances** whose security groups allow public **inbound TCP** access to Kerberos ports `88`, `464`, `749`, or `750` (authentication, password change, admin).

Rules permitting `0.0.0.0/0` or `::/0` are treated as Internet-exposed.";"Public Kerberos exposure risks CIA:
- **Password spraying**/AS-REP roasting against accounts
- Unauthorized password changes on `464`
- Realm/user enumeration and DoS of KDC/services

Stolen tickets enable **lateral movement** and privilege escalation in Active Directory or the Kerberos realm.";;"Restrict Kerberos ports to trusted sources only.
- Prefer **private connectivity** (VPN, peering) over public exposure
- Place KDCs/services in private subnets without public IPs
- Apply **least privilege** with narrowly scoped security group rules and NACLs
- Add defense-in-depth: host firewalls and monitor authentication activity";https://hub.prowler.com/check/ec2_instance_port_kerberos_exposed_to_internet;"```yaml
# CloudFormation: restrict Kerberos ports from Internet
Resources:
  <example_resource_name>:
    Type: AWS::EC2::SecurityGroup
    Properties:
      GroupDescription: Restrict Kerberos ports
      VpcId: <example_resource_id>
      SecurityGroupIngress:
        - IpProtocol: tcp
          FromPort: 88
          ToPort: 88
          CidrIp: 10.0.0.0/8  # CRITICAL: not 0.0.0.0/0; restrict access to trusted CIDR
        - IpProtocol: tcp
          FromPort: 464
          ToPort: 464
          CidrIp: 10.0.0.0/8  # CRITICAL: blocks Internet exposure
        - IpProtocol: tcp
          FromPort: 749
          ToPort: 749
          CidrIp: 10.0.0.0/8  # CRITICAL: blocks Internet exposure
        - IpProtocol: tcp
          FromPort: 750
          ToPort: 750
          CidrIp: 10.0.0.0/8  # CRITICAL: blocks Internet exposure
```";"```hcl
# Terraform: restrict Kerberos ports from Internet
resource ""aws_security_group"" ""<example_resource_name>"" {
  name   = ""<example_resource_name>""
  vpc_id = ""<example_resource_id>""

  ingress {
    from_port   = 88
    to_port     = 88
    protocol    = ""tcp""
    cidr_blocks = [""10.0.0.0/8""]  # CRITICAL: not 0.0.0.0/0; restrict to trusted CIDR
  }

  ingress {
    from_port   = 464
    to_port     = 464
    protocol    = ""tcp""
    cidr_blocks = [""10.0.0.0/8""]  # CRITICAL: blocks Internet exposure
  }

  ingress {
    from_port   = 749
    to_port     = 749
    protocol    = ""tcp""
    cidr_blocks = [""10.0.0.0/8""]  # CRITICAL: blocks Internet exposure
  }

  ingress {
    from_port   = 750
    to_port     = 750
    protocol    = ""tcp""
    cidr_blocks = [""10.0.0.0/8""]  # CRITICAL: blocks Internet exposure
  }
}
```";"aws ec2 revoke-security-group-ingress --group-id <SECURITY_GROUP_ID> --ip-permissions '[{""IpProtocol"":""tcp"",""FromPort"":88,""ToPort"":88,""IpRanges"":[{""CidrIp"":""0.0.0.0/0""}],""Ipv6Ranges"":[{""CidrIpv6"":""::/0""}]},{""IpProtocol"":""tcp"",""FromPort"":464,""ToPort"":464,""IpRanges"":[{""CidrIp"":""0.0.0.0/0""}],""Ipv6Ranges"":[{""CidrIpv6"":""::/0""}]},{""IpProtocol"":""tcp"",""FromPort"":749,""ToPort"":749,""IpRanges"":[{""CidrIp"":""0.0.0.0/0""}],""Ipv6Ranges"":[{""CidrIpv6"":""::/0""}]},{""IpProtocol"":""tcp"",""FromPort"":750,""ToPort"":750,""IpRanges"":[{""CidrIp"":""0.0.0.0/0""}],""Ipv6Ranges"":[{""CidrIpv6"":""::/0""}]}]'";"1. In the AWS console, go to EC2 > Security Groups
2. Select the security group attached to the affected instance
3. Edit inbound rules
4. Remove any rule allowing TCP ports 88, 464, 749, or 750 from 0.0.0.0/0 or ::/0
5. If access is required, re-add these ports only from trusted CIDR(s) (e.g., your internal network)
6. Save rules";SOC2: cc_6_6 | KISA-ISMS-P-2023-korean: 2.6.1, 2.6.2, 2.10.2 | ISO27001-2022: A.8.20, A.8.21, A.8.22 | C5-2025: PI-01.01AC | NIS2: 6.7.2.g | KISA-ISMS-P-2023: 2.6.1, 2.6.2, 2.10.2 | ProwlerThreatScore-1.0: 2.1.6;internet-exposed;;;;5.41.0;https://docs.aws.amazon.com/vpc/latest/userguide/VPC_SecurityGroups.html | https://support.icompaas.com/support/solutions/articles/62000233825-ensure-no-ec2-instances-allow-ingress-from-the-internet-to-tcp-port-88-464-749-or-750-kerberos-;;
profile: None;2026-09-05 17:57:02.969483;227842501528;;;;;;prowler-aws-ec2_instance_port_ldap_exposed_to_internet-227842501528-eu-north-1-i-08adc39bb44195755;aws;ec2_instance_port_ldap_exposed_to_internet;EC2 instance does not allow ingress from the Internet to TCP ports 389 or 636 (LDAP/LDAPS);Software and Configuration Checks/AWS Security Best Practices/Network Reachability | Software and Configuration Checks/Industry and Regulatory Standards/AWS Foundational Security Best Practices | TTPs/Initial Access/Unauthorized Access;PASS;Instance i-08adc39bb44195755 does not have LDAP ports open to the Internet.;False;ec2;;critical;AwsEc2Instance;arn:aws:ec2:eu-north-1:227842501528:instance/i-08adc39bb44195755;i-08adc39bb44195755;;Environment=Lab | Project=Autonomous-Cloud-Security | Name=cloud-security-lab-vm;aws;eu-north-1;"**EC2 instances** with security groups permitting Internet-sourced access to **LDAP** on `TCP 389` or **LDAPS** on `TCP 636` are identified.

Public exposure context (presence of public IP and subnet reachability) is considered to gauge how broadly these ports can be accessed.";"Publicly reachable **LDAP/LDAPS** enables:
- Directory enumeration and weak/anonymous bind attempts
- **Password spraying** and credential theft (cleartext on `389`)
- Unauthorized queries causing **data exfiltration**

Abuse may lead to **privilege escalation** and availability impact via account lockouts.";;"Limit LDAP to trusted networks:
- Allowlist specific source CIDRs in security groups (*least privilege*)
- Use **private connectivity** (peering/VPN) instead of Internet
- Require **LDAPS**, strong certificates, and disable insecure binds
- Add NACLs and monitoring for defense in depth

*If external access is required*, place a proxy and enforce rate limits.";https://hub.prowler.com/check/ec2_instance_port_ldap_exposed_to_internet;"```yaml
# CloudFormation: restrict LDAP/LDAPS from the Internet
Resources:
  <example_resource_name>:
    Type: AWS::EC2::SecurityGroup
    Properties:
      GroupDescription: Restricted LDAP access
      VpcId: ""<example_resource_id>""
      SecurityGroupIngress:
        - IpProtocol: tcp
          FromPort: 389
          ToPort: 389
          CidrIp: 10.0.0.0/8   # CRITICAL: not 0.0.0.0/0; restricts LDAP (389) to internal range
        - IpProtocol: tcp
          FromPort: 636
          ToPort: 636
          CidrIp: 10.0.0.0/8   # CRITICAL: not 0.0.0.0/0; restricts LDAPS (636) to internal range
```";"```hcl
# Restrict LDAP/LDAPS from the Internet
resource ""aws_security_group"" ""<example_resource_name>"" {
  name   = ""restricted-ldap""
  vpc_id = ""<example_resource_id>""

  ingress {
    from_port   = 389
    to_port     = 389
    protocol    = ""tcp""
    cidr_blocks = [""10.0.0.0/8""]  # CRITICAL: not 0.0.0.0/0; restricts LDAP (389)
  }

  ingress {
    from_port   = 636
    to_port     = 636
    protocol    = ""tcp""
    cidr_blocks = [""10.0.0.0/8""]  # CRITICAL: not 0.0.0.0/0; restricts LDAPS (636)
  }
}
```";"aws ec2 revoke-security-group-ingress --group-id <SECURITY_GROUP_ID> --ip-permissions '[{""IpProtocol"":""tcp"",""FromPort"":389,""ToPort"":389,""IpRanges"":[{""CidrIp"":""0.0.0.0/0""}]},{""IpProtocol"":""tcp"",""FromPort"":636,""ToPort"":636,""IpRanges"":[{""CidrIp"":""0.0.0.0/0""}]}]'";"1. In the AWS Console, go to EC2 > Security Groups
2. Select the security group attached to the affected instance
3. In Inbound rules, find rules for TCP 389 or 636 with Source set to Anywhere (0.0.0.0/0 or ::/0)
4. Delete those rule(s)
5. (If access is required) Add inbound rules for TCP 389 and/or 636 scoped to specific trusted CIDR(s) only
6. Save rules";SOC2: cc_6_6 | KISA-ISMS-P-2023-korean: 2.6.1, 2.6.2, 2.10.2 | ISO27001-2022: A.8.20, A.8.21, A.8.22 | C5-2025: PI-01.01AC | NIS2: 6.7.2.g | KISA-ISMS-P-2023: 2.6.1, 2.6.2, 2.10.2 | ProwlerThreatScore-1.0: 2.1.6;internet-exposed;;;;5.41.0;https://docs.aws.amazon.com/vpc/latest/userguide/VPC_SecurityGroups.html;;
profile: None;2026-09-05 17:57:02.969483;227842501528;;;;;;prowler-aws-ec2_instance_port_memcached_exposed_to_internet-227842501528-eu-north-1-i-08adc39bb44195755;aws;ec2_instance_port_memcached_exposed_to_internet;EC2 instance does not allow ingress from the Internet to TCP port 11211 (Memcached);Software and Configuration Checks/AWS Security Best Practices/Network Reachability | TTPs/Initial Access;PASS;Instance i-08adc39bb44195755 does not have Memcached port 11211 open to the Internet.;False;ec2;;critical;AwsEc2Instance;arn:aws:ec2:eu-north-1:227842501528:instance/i-08adc39bb44195755;i-08adc39bb44195755;;Environment=Lab | Project=Autonomous-Cloud-Security | Name=cloud-security-lab-vm;aws;eu-north-1;**EC2 instances** are evaluated for **open Memcached access**: inbound `TCP 11211` allowed from any address (`0.0.0.0/0` or `::/0`) via their security groups, considering the instance's public exposure.;"Internet-exposed **Memcached** weakens:
- **Availability**: abuse for reflection/amplification and resource exhaustion
- **Confidentiality**: unauthorized reads of cached objects and metadata
- **Integrity**: manipulation of cache entries influencing app behavior

Public reachability also aids reconnaissance and lateral movement.";;"Apply **least privilege** on network access:
- Restrict `TCP 11211` to trusted sources or internal subnets only
- Place instances in private subnets; avoid public IPs
- Layer **defense in depth** with NACLs and routing to block Internet paths
- Prefer private connectivity (peering/VPN) and implement service-level authentication where available";https://hub.prowler.com/check/ec2_instance_port_memcached_exposed_to_internet;"```yaml
# CloudFormation: restrict Memcached (11211) from Internet
Resources:
  <example_resource_name>:
    Type: AWS::EC2::SecurityGroup
    Properties:
      GroupDescription: Restrict Memcached access
      VpcId: <example_resource_id>
      SecurityGroupIngress:
        - IpProtocol: tcp
          FromPort: 11211
          ToPort: 11211
          CidrIp: 10.0.0.0/8  # FIX: not 0.0.0.0/0; limits access to internal range to avoid Internet exposure
```";"```hcl
# Security group with Memcached (11211) not exposed to the Internet
resource ""aws_security_group"" ""<example_resource_name>"" {
  vpc_id = ""<example_resource_id>""

  ingress {
    from_port   = 11211
    to_port     = 11211
    protocol    = ""tcp""
    cidr_blocks = [""10.0.0.0/8""] # FIX: not 0.0.0.0/0; restricts access to internal range
  }
}
```";aws ec2 revoke-security-group-ingress --group-id <SECURITY_GROUP_ID> --protocol tcp --port 11211 --cidr 0.0.0.0/0;"1. In the AWS Console, go to EC2 > Security Groups
2. Select the security group attached to the affected instance
3. In Inbound rules, find the rule allowing TCP 11211 from 0.0.0.0/0 or ::/0
4. Delete the rule or edit the Source to a restricted range (e.g., a private CIDR or a specific security group)
5. Save rules";SOC2: cc_6_6 | KISA-ISMS-P-2023-korean: 2.6.1, 2.6.4, 2.10.2 | ISO27001-2022: A.8.20, A.8.21, A.8.22 | C5-2025: PI-01.01AC | NIS2: 6.7.2.g | KISA-ISMS-P-2023: 2.6.1, 2.6.4, 2.10.2 | ProwlerThreatScore-1.0: 2.1.6;internet-exposed;;;;5.41.0;https://docs.aws.amazon.com/vpc/latest/userguide/VPC_SecurityGroups.html | https://support.icompaas.com/support/solutions/articles/62000127021-ensure-security-groups-do-not-allow-unrestricted-ingress-access-to-memcached-port-11211;;
profile: None;2026-09-05 17:57:02.969483;227842501528;;;;;;prowler-aws-ec2_instance_port_mongodb_exposed_to_internet-227842501528-eu-north-1-i-08adc39bb44195755;aws;ec2_instance_port_mongodb_exposed_to_internet;EC2 instance does not allow ingress from the Internet to TCP ports 27017 or 27018 (MongoDB);Software and Configuration Checks/AWS Security Best Practices/Network Reachability | Software and Configuration Checks/Industry and Regulatory Standards/AWS Foundational Security Best Practices | Software and Configuration Checks/Industry and Regulatory Standards/CIS AWS Foundations Benchmark | TTPs/Initial Access | Effects/Data Exposure;PASS;Instance i-08adc39bb44195755 does not have MongoDB ports open to the Internet.;False;ec2;;critical;AwsEc2Instance;arn:aws:ec2:eu-north-1:227842501528:instance/i-08adc39bb44195755;i-08adc39bb44195755;;Environment=Lab | Project=Autonomous-Cloud-Security | Name=cloud-security-lab-vm;aws;eu-north-1;**EC2 instances** with security groups permitting inbound `TCP 27017` or `27018` (MongoDB) from `0.0.0.0/0` or `::/0` are identified, factoring the instance's public reachability to gauge exposure.;"Internet-exposed MongoDB invites scanning, brute force, and exploits leading to:
- Data extraction (**confidentiality**)
- Collection tampering or deletion (**integrity**)
- DoS or ransomware disruptions (**availability**)
A compromised DB host can also enable lateral movement within the environment.";;"Apply **least privilege** to MongoDB access:
- Remove Internet-wide rules; allow only trusted sources
- Keep DBs on **private subnets** without public IPs; use private connectivity or proxies
- Enforce strong auth and **TLS**
- Add segmentation and monitoring for **defense in depth**";https://hub.prowler.com/check/ec2_instance_port_mongodb_exposed_to_internet;"```yaml
# CloudFormation: restrict MongoDB ports from Internet
Resources:
  <example_resource_name>:
    Type: AWS::EC2::SecurityGroup
    Properties:
      GroupDescription: Restrict MongoDB ports
      VpcId: <example_resource_id>
      SecurityGroupIngress:
        - IpProtocol: tcp
          FromPort: 27017
          ToPort: 27017
          CidrIp: 10.0.0.0/8  # Critical: restricts 27017 to internal CIDR (not 0.0.0.0/0)
        - IpProtocol: tcp
          FromPort: 27018
          ToPort: 27018
          CidrIp: 10.0.0.0/8  # Critical: restricts 27018 to internal CIDR (not 0.0.0.0/0)
```";"```hcl
resource ""aws_security_group"" ""<example_resource_name>"" {
  vpc_id = ""<example_resource_id>""

  # Critical: restrict MongoDB ports to internal CIDR, not 0.0.0.0/0 or ::/0
  ingress {
    from_port   = 27017
    to_port     = 27017
    protocol    = ""tcp""
    cidr_blocks = [""10.0.0.0/8""]
  }

  ingress {
    from_port   = 27018
    to_port     = 27018
    protocol    = ""tcp""
    cidr_blocks = [""10.0.0.0/8""]
  }
}
```";"aws ec2 revoke-security-group-ingress --group-id <SECURITY_GROUP_ID> --ip-permissions '[{""IpProtocol"":""tcp"",""FromPort"":27017,""ToPort"":27017,""IpRanges"":[{""CidrIp"":""0.0.0.0/0""}],""Ipv6Ranges"":[{""CidrIpv6"":""::/0""}]},{""IpProtocol"":""tcp"",""FromPort"":27018,""ToPort"":27018,""IpRanges"":[{""CidrIp"":""0.0.0.0/0""}],""Ipv6Ranges"":[{""CidrIpv6"":""::/0""}]}]'";"1. In the AWS Console, go to EC2 > Security Groups
2. Select the security group attached to the affected instance
3. Open the Inbound rules tab and click Edit inbound rules
4. Delete any rule allowing TCP port 27017 or 27018 from 0.0.0.0/0 or ::/0
5. If access is required, add a rule for those ports limited to a specific trusted CIDR (e.g., your VPC CIDR)
6. Click Save rules";SOC2: cc_6_6 | KISA-ISMS-P-2023-korean: 2.6.1, 2.6.4, 2.10.2 | ISO27001-2022: A.8.20, A.8.21, A.8.22 | C5-2025: PI-01.01AC | NIS2: 6.7.2.g | KISA-ISMS-P-2023: 2.6.1, 2.6.4, 2.10.2 | ProwlerThreatScore-1.0: 2.1.6;internet-exposed;;;;5.41.0;https://docs.aws.amazon.com/vpc/latest/userguide/VPC_SecurityGroups.html | https://support.icompaas.com/support/solutions/articles/62000233752-ensure-no-ec2-instances-allow-ingress-from-the-internet-to-tcp-port-27017-or-27018-mongodb-;;
profile: None;2026-09-05 17:57:02.969483;227842501528;;;;;;prowler-aws-ec2_instance_port_mysql_exposed_to_internet-227842501528-eu-north-1-i-08adc39bb44195755;aws;ec2_instance_port_mysql_exposed_to_internet;EC2 instance does not allow ingress from the Internet to TCP port 3306 (MySQL);Software and Configuration Checks/AWS Security Best Practices/Network Reachability | Software and Configuration Checks/Industry and Regulatory Standards/AWS Foundational Security Best Practices | TTPs/Initial Access/Unauthorized Access | Effects/Data Exposure;PASS;Instance i-08adc39bb44195755 does not have MySQL port 3306 open to the Internet.;False;ec2;;critical;AwsEc2Instance;arn:aws:ec2:eu-north-1:227842501528:instance/i-08adc39bb44195755;i-08adc39bb44195755;;Environment=Lab | Project=Autonomous-Cloud-Security | Name=cloud-security-lab-vm;aws;eu-north-1;**EC2 instances** with security groups that expose **MySQL** on `TCP 3306` to the Internet (`0.0.0.0/0` or `::/0`) are identified, with context on public IP and subnet exposure.;Publicly reachable **MySQL** enables Internet scanning, brute force, and credential stuffing, leading to unauthorized queries and data dumps (**confidentiality**). Attackers can alter or delete data (**integrity**), overload the service with query floods (**availability**), and pivot from the DB host into adjacent workloads.;;"Restrict `TCP 3306` to trusted sources per **least privilege**:
- Allow DB access only from specific application subnets or security groups
- Place database hosts in private subnets without public IPs
- Apply **defense in depth** with VPN/peering for admin access, TLS for connections, and host firewalls; optionally reinforce with NACLs";https://hub.prowler.com/check/ec2_instance_port_mysql_exposed_to_internet;"```yaml
# CloudFormation: restrict MySQL (3306) from Internet
Resources:
  <example_resource_name>:
    Type: AWS::EC2::SecurityGroup
    Properties:
      GroupDescription: Restrict MySQL access
      VpcId: <example_resource_id>
      SecurityGroupIngress:
        - IpProtocol: tcp
          FromPort: 3306
          ToPort: 3306
          CidrIp: 10.0.0.0/8  # Critical: do NOT use 0.0.0.0/0; restrict 3306 to a private range
```";"```hcl
# Restrict MySQL (3306) from Internet
resource ""aws_security_group"" ""<example_resource_name>"" {
  name   = ""<example_resource_name>""
  vpc_id = ""<example_resource_id>""

  ingress {
    from_port   = 3306
    to_port     = 3306
    protocol    = ""tcp""
    cidr_blocks = [""10.0.0.0/8""] # Critical: do NOT use 0.0.0.0/0; restrict 3306 to a private CIDR
  }
}
```";aws ec2 revoke-security-group-ingress --group-id <SECURITY_GROUP_ID> --protocol tcp --port 3306 --cidr 0.0.0.0/0;"1. In the AWS Console, go to EC2 > Security Groups
2. Select the security group attached to the affected instance
3. Click Inbound rules > Edit inbound rules
4. Find the rule allowing TCP 3306 from 0.0.0.0/0 or ::/0 and delete it
5. (If access is required) Add a rule for TCP 3306 from a specific private CIDR or trusted IP range only
6. Save rules";SOC2: cc_6_6 | KISA-ISMS-P-2023-korean: 2.6.1, 2.6.4, 2.10.2 | ISO27001-2022: A.8.20, A.8.21, A.8.22 | C5-2025: PI-01.01AC | NIS2: 6.7.2.g | KISA-ISMS-P-2023: 2.6.1, 2.6.4, 2.10.2 | ProwlerThreatScore-1.0: 2.1.6;internet-exposed;;;;5.41.0;https://docs.aws.amazon.com/vpc/latest/userguide/VPC_SecurityGroups.html | https://www.trendmicro.com/trendaivisiononecloudriskmanagement/knowledge-base/aws/EC2/unrestricted-mysql-access.html;;
profile: None;2026-09-05 17:57:02.969483;227842501528;;;;;;prowler-aws-ec2_instance_port_oracle_exposed_to_internet-227842501528-eu-north-1-i-08adc39bb44195755;aws;ec2_instance_port_oracle_exposed_to_internet;EC2 instance does not allow ingress from the Internet to TCP ports 1521, 2483, or 2484 (Oracle);Software and Configuration Checks/AWS Security Best Practices/Network Reachability | Software and Configuration Checks/Industry and Regulatory Standards/AWS Foundational Security Best Practices | Software and Configuration Checks/Industry and Regulatory Standards/CIS AWS Foundations Benchmark | TTPs/Initial Access | Effects/Data Exposure;PASS;Instance i-08adc39bb44195755 does not have Oracle ports open to the Internet.;False;ec2;;critical;AwsEc2Instance;arn:aws:ec2:eu-north-1:227842501528:instance/i-08adc39bb44195755;i-08adc39bb44195755;;Environment=Lab | Project=Autonomous-Cloud-Security | Name=cloud-security-lab-vm;aws;eu-north-1;**EC2 instances** with security groups allowing inbound `TCP` from any address to Oracle listener ports `1521`, `2483`, or `2484`;Exposed Oracle listener ports enable SID enumeration, credential brute force, and TNS abuse. A successful intrusion can grant database access, causing data exfiltration (C), unauthorized changes (I), and outages via exploits or DoS (A). Internet scanning quickly finds these endpoints, enlarging the attack surface.;;"Restrict Oracle ports to trusted sources; remove `0.0.0.0/0` and `::/0`. Place databases in private subnets without public IPs. Use VPN/Direct Connect or bastions for access. Enable TLS on `2484`, strong auth, and apply **least privilege** rules with **defense in depth** using NACLs and monitoring.";https://hub.prowler.com/check/ec2_instance_port_oracle_exposed_to_internet;"```yaml
# CloudFormation: Restrict Oracle port from Internet
Resources:
  <example_resource_name>:
    Type: AWS::EC2::SecurityGroup
    Properties:
      GroupDescription: Restrict Oracle port access
      VpcId: <example_resource_id>
      SecurityGroupIngress:
        - IpProtocol: tcp
          FromPort: 1521
          ToPort: 1521
          CidrIp: 10.0.0.0/16  # FIX: do not use 0.0.0.0/0 or ::/0; limits access to a trusted CIDR to block Internet
```";"```hcl
# Security group with Oracle port restricted from Internet
resource ""aws_security_group"" ""<example_resource_name>"" {
  vpc_id = ""<example_resource_id>""

  ingress {
    from_port   = 1521
    to_port     = 1521
    protocol    = ""tcp""
    cidr_blocks = [""10.0.0.0/16""] # FIX: restrict source; do not use 0.0.0.0/0 or ::/0
  }
}
```";aws ec2 revoke-security-group-ingress --group-id <SECURITY_GROUP_ID> --protocol tcp --port 1521 --cidr 0.0.0.0/0;"1. In the AWS Console, go to EC2 > Security Groups
2. Select the security group attached to the instance
3. Open the Inbound rules tab and click Edit inbound rules
4. For TCP ports 1521, 2483, and 2484, delete any rule with Source 0.0.0.0/0 or ::/0
5. If access is required, change the Source to a specific trusted CIDR only
6. Click Save rules";SOC2: cc_6_6 | KISA-ISMS-P-2023-korean: 2.6.1, 2.6.4, 2.10.2 | ISO27001-2022: A.8.20, A.8.21, A.8.22 | C5-2025: PI-01.01AC | NIS2: 6.7.2.g | KISA-ISMS-P-2023: 2.6.1, 2.6.4, 2.10.2 | ProwlerThreatScore-1.0: 2.1.6;internet-exposed;;;;5.41.0;https://docs.aws.amazon.com/vpc/latest/userguide/VPC_SecurityGroups.html | https://www.trendmicro.com/trendaivisiononecloudriskmanagement/knowledge-base/aws/EC2/unrestricted-oracle-access.html;;
profile: None;2026-09-05 17:57:02.969483;227842501528;;;;;;prowler-aws-ec2_instance_port_postgresql_exposed_to_internet-227842501528-eu-north-1-i-08adc39bb44195755;aws;ec2_instance_port_postgresql_exposed_to_internet;EC2 instance does not allow ingress from the Internet to TCP port 5432 (PostgreSQL);Software and Configuration Checks/AWS Security Best Practices/Network Reachability | Software and Configuration Checks/Industry and Regulatory Standards/AWS Foundational Security Best Practices | Software and Configuration Checks/Industry and Regulatory Standards/CIS AWS Foundations Benchmark | TTPs/Initial Access | Effects/Data Exposure;PASS;Instance i-08adc39bb44195755 does not have PostgreSQL port 5432 open to the Internet.;False;ec2;;critical;AwsEc2Instance;arn:aws:ec2:eu-north-1:227842501528:instance/i-08adc39bb44195755;i-08adc39bb44195755;;Environment=Lab | Project=Autonomous-Cloud-Security | Name=cloud-security-lab-vm;aws;eu-north-1;**EC2 instances** with security group rules allowing inbound **PostgreSQL** on `TCP 5432` from the Internet (`0.0.0.0/0` or `::/0`) are identified, considering the instance's public reachability via IP and subnet.;Exposed `TCP 5432` enables unauthenticated Internet probes and **brute-force** attempts against PostgreSQL, risking database **confidentiality**, **integrity**, and **availability**. Attackers could dump data, alter schemas, create backdoor accounts, pivot within the VPC, or exploit unpatched flaws at scale.;;"Restrict PostgreSQL to trusted sources only:
- Remove `0.0.0.0/0` and `::/0` rules
- Apply **least privilege** security groups (allow from app tier or VPN)
- Place instances in private subnets without public IPs
- Enforce **TLS** and strong auth; disable unused listeners
- Layer with NACLs and monitoring for **defense in depth**";https://hub.prowler.com/check/ec2_instance_port_postgresql_exposed_to_internet;"```yaml
# CloudFormation: restrict PostgreSQL (5432) from Internet
Resources:
  <example_resource_name>:
    Type: AWS::EC2::SecurityGroup
    Properties:
      GroupDescription: Restrict PostgreSQL
      VpcId: <example_resource_id>
      SecurityGroupIngress:
        - IpProtocol: tcp
          FromPort: 5432
          ToPort: 5432
          CidrIp: 10.0.0.0/8  # CRITICAL: not 0.0.0.0/0; limits access to internal range
```";"```hcl
# Restrict PostgreSQL (5432) from Internet
resource ""aws_security_group"" ""<example_resource_name>"" {
  vpc_id = ""<example_resource_id>""

  ingress {
    from_port   = 5432
    to_port     = 5432
    protocol    = ""tcp""
    cidr_blocks = [""10.0.0.0/8""]  # CRITICAL: not 0.0.0.0/0; prevents Internet exposure
  }
}
```";aws ec2 revoke-security-group-ingress --group-id <SECURITY_GROUP_ID> --protocol tcp --port 5432 --cidr 0.0.0.0/0;"1. In AWS Console, go to EC2 > Security Groups
2. Select the group attached to the instance
3. In Inbound rules, find any rule for PostgreSQL (TCP 5432) with source 0.0.0.0/0 or ::/0
4. Delete the rule or change the source to a specific trusted CIDR only
5. Save rules";SOC2: cc_6_6 | KISA-ISMS-P-2023-korean: 2.6.1, 2.6.4, 2.10.2 | ISO27001-2022: A.8.20, A.8.21, A.8.22 | C5-2025: PI-01.01AC | NIS2: 6.7.2.g | KISA-ISMS-P-2023: 2.6.1, 2.6.4, 2.10.2 | ProwlerThreatScore-1.0: 2.1.6;internet-exposed;;;;5.41.0;https://docs.aws.amazon.com/vpc/latest/userguide/VPC_SecurityGroups.html | https://www.trendmicro.com/trendaivisiononecloudriskmanagement/knowledge-base/aws/EC2/unrestricted-postgresql-access.html;;
profile: None;2026-09-05 17:57:02.969483;227842501528;;;;;;prowler-aws-ec2_instance_port_rdp_exposed_to_internet-227842501528-eu-north-1-i-08adc39bb44195755;aws;ec2_instance_port_rdp_exposed_to_internet;EC2 instance does not allow ingress from the Internet to TCP port 3389 (RDP);Software and Configuration Checks/AWS Security Best Practices/Network Reachability | Software and Configuration Checks/Industry and Regulatory Standards/AWS Foundational Security Best Practices | Software and Configuration Checks/Industry and Regulatory Standards/CIS AWS Foundations Benchmark | TTPs/Initial Access/External Remote Services;PASS;Instance i-08adc39bb44195755 does not have RDP port 3389 open to the Internet.;False;ec2;;critical;AwsEc2Instance;arn:aws:ec2:eu-north-1:227842501528:instance/i-08adc39bb44195755;i-08adc39bb44195755;;Environment=Lab | Project=Autonomous-Cloud-Security | Name=cloud-security-lab-vm;aws;eu-north-1;**EC2 instances** whose security groups allow Internet-wide inbound **RDP** on `TCP 3389` (`0.0.0.0/0` or `::/0`). The instance's public IP and subnet routing are considered to determine external reachability.;"Internet-exposed **RDP** allows:
- **Brute force** and credential reuse on Windows logons
- Exploitation of RDP flaws for remote code execution
- **Lateral movement** and data exfiltration
This threatens **confidentiality**, **integrity**, and **availability** through data theft, tampering, account lockouts, or ransomware.";;"Remove Internet-wide RDP. Apply **least privilege**:
- Restrict `TCP 3389` to trusted IPs
- Prefer private access via **VPN** or a hardened **bastion**; consider **Session Manager**
- Use **just-in-time** access and short-lived rules
- Enforce strong auth (e.g., NLA) and monitor logs
Adopt **defense in depth** with layered network controls.";https://hub.prowler.com/check/ec2_instance_port_rdp_exposed_to_internet;"```yaml
# CloudFormation: restrict RDP so it's not open to the Internet
Resources:
  <example_resource_name>:
    Type: AWS::EC2::SecurityGroup
    Properties:
      GroupDescription: Restrict RDP access
      VpcId: <example_resource_id>
      SecurityGroupIngress:
        - IpProtocol: tcp
          FromPort: 3389
          ToPort: 3389
          CidrIp: <TRUSTED_CIDR>  # CRITICAL: limit RDP to a specific CIDR to avoid 0.0.0.0/0 (::/0)
```";"```hcl
# Restrict RDP so it's not open to the Internet
resource ""aws_security_group"" ""<example_resource_name>"" {
  vpc_id = ""<example_resource_id>""

  ingress {
    from_port   = 3389
    to_port     = 3389
    protocol    = ""tcp""
    cidr_blocks = [""<TRUSTED_CIDR>""]  # CRITICAL: restrict RDP to a specific CIDR; not 0.0.0.0/0 or ::/0
  }
}
```";aws ec2 revoke-security-group-ingress --group-id <SECURITY_GROUP_ID> --protocol tcp --port 3389 --cidr 0.0.0.0/0;"1. In AWS Console, go to EC2 > Security Groups
2. Open each security group attached to the affected instance
3. In Inbound rules, find any rule allowing TCP 3389 from 0.0.0.0/0 or ::/0
4. Delete the rule, or edit Source to a specific trusted IP/CIDR only
5. Click Save rules";SOC2: cc_6_6 | KISA-ISMS-P-2023-korean: 2.6.1, 2.6.2, 2.6.6, 2.10.2 | ISO27001-2022: A.8.20, A.8.21, A.8.22 | C5-2025: PI-01.01AC | NIST-CSF-2.0: ac_3 | NIS2: 6.7.2.g | KISA-ISMS-P-2023: 2.6.1, 2.6.2, 2.6.6, 2.10.2 | ProwlerThreatScore-1.0: 2.1.6;internet-exposed;;;;5.41.0;https://docs.aws.amazon.com/vpc/latest/userguide/VPC_SecurityGroups.html | https://support.icompaas.com/support/solutions/articles/62000233789-ensure-no-ec2-instances-allow-ingress-from-the-internet-to-tcp-port-3389-rdp- | https://www.trendmicro.com/trendaivisiononecloudriskmanagement/knowledge-base/aws/EC2/unrestricted-rdp-access.html;;
profile: None;2026-09-05 17:57:02.969483;227842501528;;;;;;prowler-aws-ec2_instance_port_redis_exposed_to_internet-227842501528-eu-north-1-i-08adc39bb44195755;aws;ec2_instance_port_redis_exposed_to_internet;EC2 instance does not allow ingress from the Internet to TCP port 6379 (Redis);Software and Configuration Checks/AWS Security Best Practices/Network Reachability | TTPs/Initial Access/Unauthorized Access | Effects/Data Exposure;PASS;Instance i-08adc39bb44195755 does not have Redis port 6379 open to the Internet.;False;ec2;;critical;AwsEc2Instance;arn:aws:ec2:eu-north-1:227842501528:instance/i-08adc39bb44195755;i-08adc39bb44195755;;Environment=Lab | Project=Autonomous-Cloud-Security | Name=cloud-security-lab-vm;aws;eu-north-1;"**EC2 instances** with security groups permitting Internet access to **Redis** on `TCP 6379` are identified.

Exposure is assessed using public IP assignment and subnet reachability to reflect how broadly the service can be contacted.";Exposed **Redis** allows remote access to cached data and secrets, reducing **confidentiality**. Unauthorized commands (`SET`, `DEL`, `FLUSHALL`, config changes) can corrupt or erase data, harming **integrity**. Internet scanning and abuse can exhaust memory and disrupt service, degrading **availability** and enabling lateral movement.;;"Apply **least privilege** network access: restrict Redis to trusted sources or VPC-only, place instances in private subnets, and avoid public IPs.

Layer controls with **NACLs** and host firewalls, enforce **authentication and TLS** on Redis, and use **VPN/bastion** or proxies to broker access.";https://hub.prowler.com/check/ec2_instance_port_redis_exposed_to_internet;"```yaml
# CloudFormation: restrict Redis (6379) from Internet
Resources:
  <example_resource_name>:
    Type: AWS::EC2::SecurityGroup
    Properties:
      GroupDescription: Restrict Redis ingress
      VpcId: <example_resource_id>
      SecurityGroupIngress:
        - IpProtocol: tcp
          FromPort: 6379
          ToPort: 6379
          CidrIp: 10.0.0.0/8  # Critical: restrict source CIDR (not 0.0.0.0/0 or ::/0) to block Internet access
```";"```hcl
# Terraform: restrict Redis (6379) from Internet
resource ""aws_security_group"" ""<example_resource_name>"" {
  name   = ""<example_resource_name>""
  vpc_id = ""<example_resource_id>""

  ingress {
    from_port   = 6379
    to_port     = 6379
    protocol    = ""tcp""
    cidr_blocks = [""10.0.0.0/8""] # Critical: not 0.0.0.0/0 or ::/0; restrict to trusted range
  }
}
```";aws ec2 revoke-security-group-ingress --group-id <SECURITY_GROUP_ID> --protocol tcp --port 6379 --cidr 0.0.0.0/0;"1. In the AWS Console, go to EC2 > Security Groups
2. Select the security group attached to the affected instance
3. Open the Inbound rules tab and click Edit inbound rules
4. Find any rule allowing TCP port 6379 from 0.0.0.0/0 or ::/0
5. Delete the rule, or change the source to a specific trusted CIDR or security group
6. Click Save rules";SOC2: cc_6_6 | KISA-ISMS-P-2023-korean: 2.6.1, 2.6.4, 2.10.2 | ISO27001-2022: A.8.20, A.8.21, A.8.22 | C5-2025: PI-01.01AC | NIS2: 6.7.2.g | KISA-ISMS-P-2023: 2.6.1, 2.6.4, 2.10.2 | ProwlerThreatScore-1.0: 2.1.6;internet-exposed;;;;5.41.0;https://docs.aws.amazon.com/vpc/latest/userguide/VPC_SecurityGroups.html | https://support.icompaas.com/support/solutions/articles/62000233806-ensure-no-ec2-instances-allow-ingress-from-the-internet-to-tcp-port-6379-redis- | https://www.trendmicro.com/trendaivisiononecloudriskmanagement/knowledge-base/aws/EC2/unrestricted-redis-access.html;;
profile: None;2026-09-05 17:57:02.969483;227842501528;;;;;;prowler-aws-ec2_instance_port_sqlserver_exposed_to_internet-227842501528-eu-north-1-i-08adc39bb44195755;aws;ec2_instance_port_sqlserver_exposed_to_internet;EC2 instance does not allow ingress from the Internet to TCP ports 1433 or 1434 (SQL Server);Software and Configuration Checks/AWS Security Best Practices/Network Reachability | Software and Configuration Checks/Industry and Regulatory Standards/AWS Foundational Security Best Practices | Software and Configuration Checks/Industry and Regulatory Standards/CIS AWS Foundations Benchmark | TTPs/Initial Access;PASS;Instance i-08adc39bb44195755 does not have SQL Server ports open to the Internet.;False;ec2;;critical;AwsEc2Instance;arn:aws:ec2:eu-north-1:227842501528:instance/i-08adc39bb44195755;i-08adc39bb44195755;;Environment=Lab | Project=Autonomous-Cloud-Security | Name=cloud-security-lab-vm;aws;eu-north-1;**EC2 instances** with security groups permitting any source to `TCP 1433` or `1434` (SQL Server) are identified, considering the instance's public reachability based on IP and subnet exposure.;"Internet-reachable SQL services enable:
- Brute-force and credential-stuffing of DB logins
- Exploitation of SQL Server flaws for remote code execution
- Unauthorized queries and data exfiltration
This threatens **confidentiality** and **integrity**, and facilitates **lateral movement** from the database host.";;"Enforce **least privilege** and **defense in depth**:
- Remove `0.0.0.0/0` and `::/0` to `1433-1434`
- Allow only trusted IPs or app tiers via security group references
- Keep databases in private subnets without public IPs; access via VPN or bastion
- Require TLS and strong authentication; monitor access.";https://hub.prowler.com/check/ec2_instance_port_sqlserver_exposed_to_internet;"```yaml
# CloudFormation: restrict SQL Server ports to non-Internet sources
Resources:
  <example_resource_name>:
    Type: AWS::EC2::SecurityGroup
    Properties:
      GroupDescription: Restrict SQL ports
      VpcId: <example_resource_id>
      SecurityGroupIngress:
        - IpProtocol: tcp
          FromPort: 1433
          ToPort: 1434
          CidrIp: 10.0.0.0/8  # FIX: do not use 0.0.0.0/0; limits access to internal range to close Internet exposure
```";"```hcl
# Restrict SQL Server ports to non-Internet sources
resource ""aws_security_group"" ""<example_resource_name>"" {
  vpc_id = ""<example_resource_id>""

  ingress {
    from_port   = 1433
    to_port     = 1434
    protocol    = ""tcp""
    cidr_blocks = [""10.0.0.0/8""]  # FIX: do not use 0.0.0.0/0; restricts access to prevent Internet exposure
  }
}
```";"aws ec2 revoke-security-group-ingress --group-id <SECURITY_GROUP_ID> --ip-permissions '[{""IpProtocol"":""tcp"",""FromPort"":1433,""ToPort"":1434,""IpRanges"":[{""CidrIp"":""0.0.0.0/0""}],""Ipv6Ranges"":[{""CidrIpv6"":""::/0""}]}]'";"1. In the AWS Console, go to VPC > Security Groups
2. Select the security group attached to the affected EC2 instance
3. In the Inbound rules tab, click Edit inbound rules
4. Delete any rule allowing TCP 1433 or 1434 from 0.0.0.0/0 or ::/0
5. If access is required, add a rule for TCP 1433-1434 with a specific trusted source (e.g., your office IP or another security group)
6. Click Save rules";SOC2: cc_6_6 | KISA-ISMS-P-2023-korean: 2.6.1, 2.6.4, 2.10.2 | ISO27001-2022: A.8.20, A.8.21, A.8.22 | C5-2025: PI-01.01AC | NIS2: 6.7.2.g | KISA-ISMS-P-2023: 2.6.1, 2.6.4, 2.10.2 | ProwlerThreatScore-1.0: 2.1.6;internet-exposed;;;;5.41.0;https://docs.aws.amazon.com/vpc/latest/userguide/VPC_SecurityGroups.html | https://support.icompaas.com/support/solutions/articles/62000223371-ensure-no-security-groups-allow-ingress-from-0-0-0-0-0-or-0-to-windows-sql-server-ports-1433-or-14 | https://www.trendmicro.com/trendaivisiononecloudriskmanagement/knowledge-base/aws/EC2/unrestricted-mssql-access.html;;
profile: None;2026-09-05 17:57:02.969483;227842501528;;;;;;prowler-aws-ec2_instance_port_ssh_exposed_to_internet-227842501528-eu-north-1-i-08adc39bb44195755;aws;ec2_instance_port_ssh_exposed_to_internet;EC2 instance does not allow ingress from the Internet to TCP port 22 (SSH);Software and Configuration Checks/AWS Security Best Practices/Network Reachability | Software and Configuration Checks/Industry and Regulatory Standards/AWS Foundational Security Best Practices | Software and Configuration Checks/Industry and Regulatory Standards/CIS AWS Foundations Benchmark | TTPs/Initial Access/External Remote Services;PASS;Instance i-08adc39bb44195755 does not have SSH port 22 open to the Internet.;False;ec2;;critical;AwsEc2Instance;arn:aws:ec2:eu-north-1:227842501528:instance/i-08adc39bb44195755;i-08adc39bb44195755;;Environment=Lab | Project=Autonomous-Cloud-Security | Name=cloud-security-lab-vm;aws;eu-north-1;"**EC2 instances** with **SSH (TCP 22)** exposed to the Internet via security group inbound rules allowing `0.0.0.0/0` or `::/0`.

Exposure is qualified using the instance's public IP status and subnet reachability.";**Internet-exposed SSH** invites **brute force** and **credential stuffing**. A successful sign-in grants **remote shell**, enabling data exfiltration, tampering of workloads, and **lateral movement** within the VPC, degrading confidentiality, integrity, and availability.;;"Apply **least privilege** on SSH:
- Restrict ingress to trusted IPs; avoid `0.0.0.0/0` and `::/0`
- Prefer **Session Manager** or a hardened **bastion** behind VPN
- Use **key-based auth**; disable passwords
- Add **defense in depth** with network controls and monitor access logs";https://hub.prowler.com/check/ec2_instance_port_ssh_exposed_to_internet;"```yaml
# CloudFormation: Restrict SSH so it's not open to the Internet
Resources:
  <example_resource_name>:
    Type: AWS::EC2::SecurityGroup
    Properties:
      GroupDescription: Restrict SSH
      VpcId: ""<example_resource_id>""
      SecurityGroupIngress:
        - IpProtocol: tcp
          FromPort: 22
          ToPort: 22
          CidrIp: 10.0.0.0/8  # Critical: restrict SSH to a specific CIDR, not 0.0.0.0/0
```";"```hcl
# Terraform: Restrict SSH so it's not open to the Internet
resource ""aws_security_group"" ""<example_resource_name>"" {
  name   = ""<example_resource_name>""
  vpc_id = ""<example_resource_id>""

  ingress {
    from_port   = 22
    to_port     = 22
    protocol    = ""tcp""
    cidr_blocks = [""10.0.0.0/8""] # Critical: restrict SSH to a specific CIDR, not 0.0.0.0/0
  }
}
```";"aws ec2 revoke-security-group-ingress --group-id <SECURITY_GROUP_ID> --ip-permissions '[{""IpProtocol"":""tcp"",""FromPort"":22,""ToPort"":22,""IpRanges"":[{""CidrIp"":""0.0.0.0/0""}]},{""IpProtocol"":""tcp"",""FromPort"":22,""ToPort"":22,""Ipv6Ranges"":[{""CidrIpv6"":""::/0""}]}]'";"1. Open the Amazon EC2 console and go to Security Groups
2. Select the security group attached to the instance
3. Click Inbound rules > Edit inbound rules
4. Delete any rule allowing SSH (port 22) from 0.0.0.0/0 or ::/0
5. Save rules";SOC2: cc_6_6 | KISA-ISMS-P-2023-korean: 2.6.1, 2.6.2, 2.6.6, 2.10.2 | ISO27001-2022: A.8.20, A.8.21, A.8.22 | C5-2025: PI-01.01AC | NIST-CSF-2.0: ac_3 | NIS2: 6.7.2.g | KISA-ISMS-P-2023: 2.6.1, 2.6.2, 2.6.6, 2.10.2 | ProwlerThreatScore-1.0: 2.1.6 | CCC-v2025.10: CCC.Core.CN01.AR02;internet-exposed;;;;5.41.0;https://docs.aws.amazon.com/vpc/latest/userguide/VPC_SecurityGroups.html | https://www.trendmicro.com/trendaivisiononecloudriskmanagement/knowledge-base/aws/EC2/unrestricted-ssh-access.html;;
profile: None;2026-09-05 17:57:02.969483;227842501528;;;;;;prowler-aws-ec2_instance_port_telnet_exposed_to_internet-227842501528-eu-north-1-i-08adc39bb44195755;aws;ec2_instance_port_telnet_exposed_to_internet;EC2 instance does not allow ingress from the Internet to TCP port 23 (Telnet);Software and Configuration Checks/AWS Security Best Practices/Network Reachability | Software and Configuration Checks/Industry and Regulatory Standards/AWS Foundational Security Best Practices | TTPs/Initial Access/Unauthorized Access;PASS;Instance i-08adc39bb44195755 does not have Telnet port 23 open to the Internet.;False;ec2;;critical;AwsEc2Instance;arn:aws:ec2:eu-north-1:227842501528:instance/i-08adc39bb44195755;i-08adc39bb44195755;;Environment=Lab | Project=Autonomous-Cloud-Security | Name=cloud-security-lab-vm;aws;eu-north-1;"EC2 instances with security groups allowing inbound **Telnet** on `TCP 23` from the Internet are identified, including open IPv4/IPv6 sources like `0.0.0.0/0` and `::/0`.

Exposure is evaluated considering public IP assignment and subnet reachability.";Exposed **Telnet** weakens **confidentiality** and **integrity**: credentials and commands are plaintext, enabling interception and session hijacking. Attackers can brute-force to gain shell, run remote commands, exfiltrate data, and pivot laterally, also threatening **availability** through misuse or takeover.;;"Eliminate Telnet: disable the service and block `TCP 23`.

Apply **least privilege** network access-restrict admin connectivity via **SSH** through bastion or **VPN**, keep management paths private, and segregate hosts. Use **defense in depth** with monitoring and strong authentication for any legacy needs.";https://hub.prowler.com/check/ec2_instance_port_telnet_exposed_to_internet;"```yaml
# CloudFormation: restrict Telnet (port 23) from the Internet
Resources:
  <example_resource_name>:
    Type: AWS::EC2::SecurityGroup
    Properties:
      GroupDescription: Restrict Telnet access
      VpcId: <example_resource_id>
      SecurityGroupIngress:
        - IpProtocol: tcp
          FromPort: 23
          ToPort: 23
          CidrIp: 10.0.0.0/8  # Critical: do NOT use 0.0.0.0/0; restrict Telnet to trusted CIDR to remediate exposure
```";"```hcl
# Restrict Telnet (port 23) from the Internet
resource ""aws_security_group"" ""<example_resource_name>"" {
  name   = ""<example_resource_name>""
  vpc_id = ""<example_resource_id>""

  ingress {
    from_port   = 23
    to_port     = 23
    protocol    = ""tcp""
    cidr_blocks = [""10.0.0.0/8""] # Critical: do NOT use 0.0.0.0/0; restrict Telnet to trusted CIDR to fix the finding
  }
}
```";aws ec2 revoke-security-group-ingress --group-id <SECURITY_GROUP_ID> --protocol tcp --port 23 --cidr 0.0.0.0/0;"1. In the AWS Console, go to EC2 > Security Groups
2. Select the security group attached to the affected instance
3. Open the Inbound rules tab and find any rule allowing TCP port 23 from 0.0.0.0/0 or ::/0
4. Delete the rule, or edit it to a specific trusted CIDR only
5. Click Save rules";SOC2: cc_6_6 | KISA-ISMS-P-2023-korean: 2.6.1, 2.6.2, 2.6.6, 2.10.2 | ISO27001-2022: A.8.20, A.8.21, A.8.22 | C5-2025: PI-01.01AC | NIST-CSF-2.0: ac_3 | NIS2: 6.7.2.g | KISA-ISMS-P-2023: 2.6.1, 2.6.2, 2.6.6, 2.10.2 | ProwlerThreatScore-1.0: 2.1.6;internet-exposed;;;;5.41.0;https://docs.aws.amazon.com/vpc/latest/userguide/VPC_SecurityGroups.html | https://www.trendmicro.com/trendaivisiononecloudriskmanagement/knowledge-base/aws/EC2/unrestricted-telnet-access.html;;
profile: None;2026-09-05 17:57:02.969483;227842501528;;;;;;prowler-aws-ec2_instance_profile_attached-227842501528-eu-north-1-i-08adc39bb44195755;aws;ec2_instance_profile_attached;EC2 instance is associated with an IAM instance profile role;Software and Configuration Checks/AWS Security Best Practices | Software and Configuration Checks/Industry and Regulatory Standards/CIS AWS Foundations Benchmark;PASS;EC2 Instance i-08adc39bb44195755 associated with Instance Profile Role arn:aws:iam::227842501528:instance-profile/cloud-security-ec2-ssm-profile.;False;ec2;;medium;AwsEc2Instance;arn:aws:ec2:eu-north-1:227842501528:instance/i-08adc39bb44195755;i-08adc39bb44195755;;Environment=Lab | Project=Autonomous-Cloud-Security | Name=cloud-security-lab-vm;aws;eu-north-1;**EC2 instances** are evaluated for association with an **IAM instance profile role** that delivers temporary credentials to workloads running on the instance;Without an instance profile, apps often rely on long-term access keys on the host. Exposed keys can be used from anywhere to read data, alter resources, or disrupt services, impacting confidentiality, integrity, and availability. Keys may persist in AMIs, images, or logs, hindering rotation and amplifying blast radius.;;"Attach an **IAM instance profile** to every instance and grant only permissions each workload requires (**least privilege**). Eliminate static keys on hosts; use **temporary credentials** with automatic rotation. Separate roles per application, enforce **separation of duties**, and limit who can assign roles (govern via `iam:PassRole`). Monitor role usage for anomalies.";https://hub.prowler.com/check/ec2_instance_profile_attached;"```yaml
# CloudFormation: attach an IAM instance profile to the EC2 instance
Resources:
  ExampleInstance:
    Type: AWS::EC2::Instance
    Properties:
      ImageId: <AMI_ID>
      InstanceType: <INSTANCE_TYPE>
      IamInstanceProfile: <INSTANCE_PROFILE_NAME>  # Critical: associates an instance profile so the check passes
```";"```hcl
# Attach an IAM instance profile to the EC2 instance
resource ""aws_instance"" ""example"" {
  ami                  = ""<AMI_ID>""
  instance_type        = ""<INSTANCE_TYPE>""
  iam_instance_profile = ""<INSTANCE_PROFILE_NAME>""  # Critical: associates an instance profile so the check passes
}
```";aws ec2 associate-iam-instance-profile --instance-id <INSTANCE_ID> --iam-instance-profile Name=<INSTANCE_PROFILE_NAME>;"1. Open the AWS Management Console and go to EC2
2. Select Instances and choose the target instance
3. Click Actions > Security > Modify IAM role
4. Select the IAM role (instance profile) to attach
5. Click Update IAM role";CIS-4.0.1: 1.18 | CIS-1.4: 1.18 | CIS-3.0: 1.18 | CIS-5.0: 1.17 | KISA-ISMS-P-2023-korean: 2.5.1, 2.5.6, 2.10.2 | GxP-21-CFR-Part-11: 11.10-d, 11.10-g | ISO27001-2022: A.8.2, A.8.20, A.8.21, A.8.22 | PCI-4.0: 7.2.1.5, 7.2.2.5, 7.2.5.3, 7.3.1.3, 7.3.2.3, 7.3.3.3, 8.2.7.3, 8.2.8.5, 8.3.4.3 | CIS-7.0: 2.16 | C5-2025: HR-01.01B, AM-03.01B, IAM-01.01B, IAM-01.04B, IAM-03.03B, IAM-08.02B, IAM-10.01B, IAM-10.02B, PSS-09.01AC | FFIEC: d3-pc-am-b-1 | CIS-2.0: 1.18 | CIS-1.5: 1.18 | NIS2: 11.1.1, 11.2.2.d | KISA-ISMS-P-2023: 2.5.1, 2.5.6, 2.10.2 | AWS-Well-Architected-Framework-Security-Pillar: SEC03-BP01, SEC03-BP02, SEC06-BP04, SEC06-BP05 | CIS-6.0: 2.17 | ProwlerThreatScore-1.0: 1.2.4 | NIST-800-53-Revision-5: ac_3, cm_5_1_a, cm_6_a | NIST-800-171-Revision-2: 3_1_1, 3_1_2;identity-access;;;;5.41.0;http://docs.aws.amazon.com/IAM/latest/UserGuide/id_roles_use_switch-role-ec2.html | https://www.trendmicro.com/trendaivisiononecloudriskmanagement/knowledge-base/aws/EC2/ec2-instance-using-iam-roles.html;;
profile: None;2026-09-05 17:57:02.969483;227842501528;;;;;;prowler-aws-ec2_instance_public_ip-227842501528-eu-north-1-i-08adc39bb44195755;aws;ec2_instance_public_ip;EC2 instance does not have a public IP address;Software and Configuration Checks/AWS Security Best Practices/Network Reachability | Software and Configuration Checks/Industry and Regulatory Standards/AWS Foundational Security Best Practices | TTPs/Initial Access;FAIL;EC2 Instance i-08adc39bb44195755 has a Public IP: 13.60.238.101 (ec2-13-60-238-101.eu-north-1.compute.amazonaws.com).;False;ec2;;medium;AwsEc2Instance;arn:aws:ec2:eu-north-1:227842501528:instance/i-08adc39bb44195755;i-08adc39bb44195755;;Environment=Lab | Project=Autonomous-Cloud-Security | Name=cloud-security-lab-vm;aws;eu-north-1;"**EC2 instances** are assessed for the presence of a **public IPv4 address** and public DNS. A public IP indicates the instance is directly reachable from the Internet; no public IP implies access only through private networking paths such as load balancers, gateways, or proxies.";Publicly addressed instances are Internet-scannable, enabling direct probing and brute-force of exposed services and management ports. This increases risks of unauthorized access, remote code execution, and data exfiltration (**confidentiality, integrity**), and allows direct DDoS targeting, degrading **availability**.;;"Avoid assigning public IPs unless strictly required. Place workloads in private subnets and expose only via **load balancers** with **WAF**; use **bastions** or **Session Manager** for administration. Enforce **least privilege** security groups, prefer **private endpoints**, and route egress via **NAT** for **defense in depth**.";https://hub.prowler.com/check/ec2_instance_public_ip;"```yaml
# CloudFormation: Launch EC2 without a public IP
Resources:
  ExampleInstance:
    Type: AWS::EC2::Instance
    Properties:
      ImageId: <ami_id>
      InstanceType: <instance_type>
      NetworkInterfaces:
        - DeviceIndex: 0
          SubnetId: <example_subnet_id>
          AssociatePublicIpAddress: false  # CRITICAL: ensures the instance has no public IPv4 address
```";"```hcl
# Terraform: Launch EC2 without a public IP
resource ""aws_instance"" ""example"" {
  ami           = ""<ami_id>""
  instance_type = ""<instance_type>""
  subnet_id     = ""<example_subnet_id>""

  associate_public_ip_address = false  # CRITICAL: ensures no public IPv4 is assigned
}
```";;"1. In the AWS Console, go to EC2 > Instances and select the instance with a public IPv4 address
2. Check the Networking tab to see if an Elastic IP is attached
3. If an Elastic IP is attached:
   - Go to EC2 > Elastic IPs, select the address, choose Actions > Disassociate Elastic IP
4. If the public IPv4 is auto-assigned (no Elastic IP shown):
   - Create a new instance (or an AMI from the current one) and, during launch, in Network settings, set Auto-assign public IP to Disable
   - Verify the new instance has no public IPv4, then migrate and terminate the old instance";NIST-800-53-Revision-4: ac_4, ac_6, ac_21, sc_7_3, sc_7 | SOC2: cc_6_6 | KISA-ISMS-P-2023-korean: 2.6.1, 2.10.2 | AWS-Foundational-Security-Best-Practices: EC2.9 | GxP-21-CFR-Part-11: 11.10-d, 11.10-g | ISO27001-2022: A.8.1, A.8.20, A.8.21, A.8.22 | MITRE-ATTACK: T1190 | C5-2025: PS-03.02B | SecNumCloud-3.2: 9.7 | NIST-CSF-2.0: ip_1 | FedRamp-Moderate-Revision-4: ac-3, ac-4, ac-6, ac-17-1, ac-21-b, cm-2, sc-7-3, sc-7 | FFIEC: d3-pc-im-b-1 | NIST-CSF-1.1: ac_3, ac_5, ip_8 | CISA: your-systems-3, your-data-2 | AWS-Foundational-Technical-Review: NETSEC-001 | PCI-3.2.1: 1.3, 2.2, 2.2.2, 7.2, 7.2.1 | HIPAA: 164_308_a_1_ii_b, 164_308_a_3_i, 164_312_a_1 | FedRAMP-Low-Revision-4: ac-3, ac-17, cm-2, sc-7 | KISA-ISMS-P-2023: 2.6.1, 2.10.2 | RBI-Cyber-Security-Framework: annex_i_1_3 | AWS-Well-Architected-Framework-Security-Pillar: SEC03-BP07 | NIST-800-53-Revision-5: ac_2_6, ac_3, ac_3_7, ac_4_21, ac_6, ac_17_b, ac_17_1, ac_17_4_a, ac_17_9, ac_17_10, mp_2, sc_7_2, sc_7_3, sc_7_7, sc_7_9_a, sc_7_11, sc_7_12, sc_7_16, sc_7_20, sc_7_21, sc_7_24_b, sc_7_25, sc_7_26, sc_7_27, sc_7_28, sc_7_a, sc_7_b, sc_7_c, sc_25 | NIST-800-171-Revision-2: 3_1_1, 3_1_2, 3_1_3, 3_1_14, 3_13_2, 3_13_5;internet-exposed;;;;5.41.0;https://www.trendmicro.com/trendaivisiononecloudriskmanagement/knowledge-base/aws/EC2/aws-ec2-public-ip.html | https://docs.aws.amazon.com/AWSEC2/latest/UserGuide/using-instance-addressing.html;;
profile: None;2026-09-05 17:57:02.969483;227842501528;;;;;;prowler-aws-ec2_instance_secrets_user_data-227842501528-eu-north-1-i-08adc39bb44195755;aws;ec2_instance_secrets_user_data;EC2 instance user data contains no secrets;Software and Configuration Checks/AWS Security Best Practices | Sensitive Data Identifications/Security | Sensitive Data Identifications/Passwords | Effects/Data Exposure;PASS;No secrets found in EC2 instance i-08adc39bb44195755 since User Data is empty.;False;ec2;;high;AwsEc2Instance;arn:aws:ec2:eu-north-1:227842501528:instance/i-08adc39bb44195755;i-08adc39bb44195755;;Environment=Lab | Project=Autonomous-Cloud-Security | Name=cloud-security-lab-vm;aws;eu-north-1;**EC2 instance User Data** is inspected for **secret-like values** (credentials, tokens, keys). Both plain and compressed content are parsed, honoring configured exclusions, to identify patterns that resemble sensitive material within initialization scripts.;**Secrets embedded in User Data** undermine confidentiality and integrity. Anyone with instance or build-system access can read them, reuse credentials to call services, exfiltrate data, or move laterally. Exposure may persist in AMIs, snapshots, and backups, increasing blast radius over time.;;Avoid placing secrets in User Data. Store them in a **managed secret service** and fetch at runtime via a **least-privilege instance role**. Prefer short-lived credentials with **regular rotation**. Limit who can view or edit User Data and apply **defense in depth** with automated secret scanning in build pipelines.;https://hub.prowler.com/check/ec2_instance_secrets_user_data;"```yaml
# CloudFormation: EC2 instance with empty user data
Resources:
  <example_resource_name>:
    Type: AWS::EC2::Instance
    Properties:
      ImageId: <AMI_ID>
      InstanceType: t3.micro
      UserData: !Base64 """"  # Critical: empty user data ensures no secrets are present
```";"```hcl
resource ""aws_instance"" ""<example_resource_name>"" {
  ami           = ""<AMI_ID>""
  instance_type = ""t3.micro""
  user_data     = """" # Critical: empty user data so no secrets are stored
}
```";"aws ec2 modify-instance-attribute --instance-id <INSTANCE_ID> --user-data ""Value=""";"1. Open the AWS EC2 console and go to Instances
2. Select the affected instance
3. Click Actions > Instance settings > Edit user data
4. Delete all contents of the user data field
5. Click Save";KISA-ISMS-P-2023-korean: 2.7.1, 2.10.2 | ISO27001-2022: A.8.20, A.8.21, A.8.22 | MITRE-ATTACK: T1552 | SecNumCloud-3.2: 10.5 | NIST-CSF-2.0: ds_5 | NIS2: 3.5.3.a | AWS-AI-Security-Framework-1.0: AISF-DATA-05 | KISA-ISMS-P-2023: 2.7.1, 2.10.2 | AWS-Well-Architected-Framework-Security-Pillar: SEC02-BP03;secrets;;;;5.41.0;https://docs.aws.amazon.com/secretsmanager/latest/userguide/tutorials_basic.html | https://support.icompaas.com/support/solutions/articles/62000127092-ensure-no-secrets-are-found-in-ec2-user-data;;
profile: None;2026-09-05 17:57:02.969483;227842501528;;;;;;prowler-aws-ec2_instance_stopped_older_than_specific_days-227842501528-eu-north-1-i-08adc39bb44195755;aws;ec2_instance_stopped_older_than_specific_days;EC2 instance has not been stopped longer than the configured maximum days;Software and Configuration Checks/AWS Security Best Practices | Software and Configuration Checks/Patch Management;PASS;EC2 Instance i-08adc39bb44195755 is not stopped.;False;ec2;;low;AwsEc2Instance;arn:aws:ec2:eu-north-1:227842501528:instance/i-08adc39bb44195755;i-08adc39bb44195755;;Environment=Lab | Project=Autonomous-Cloud-Security | Name=cloud-security-lab-vm;aws;eu-north-1;**EC2 instances** in the `stopped` state are evaluated for how long they have remained stopped. Instances stopped beyond the configurable limit (`max_ec2_instance_stopped_days`, default `30`) are flagged. Running, pending, and other non-stopped instances pass.;Long-stopped instances remain **unmonitored and unpatched** while still retaining EBS volumes, network configuration, IAM instance profiles, and SSH keys. This expands attack surface and incurs unnecessary storage cost. Stale AMIs and credentials attached to abandoned instances increase the chance of compromise if the instance is later started.;;"Establish a lifecycle policy for stopped instances:
- Tag instances with owner and expiry
- Terminate instances no longer needed to reclaim EBS cost
- If retained, start regularly for patching or rebuild from a hardened AMI
- Prefer ephemeral, autoscaled workloads over long-lived stopped hosts

Adjust `max_ec2_instance_stopped_days` to match policy.";https://hub.prowler.com/check/ec2_instance_stopped_older_than_specific_days;;;aws ec2 terminate-instances --instance-ids <example_resource_id>;"1. Sign in to the AWS Management Console and open EC2
2. Go to Instances and select the long-stopped instance
3. Review attached EBS volumes, tags, and ownership
4. Choose Instance state > Terminate instance (or Start instance if still needed, then patch/rebuild)
5. Confirm and verify the instance is terminated or returned to an actively managed lifecycle";;;;ec2_instance_older_than_specific_days;;5.41.0;https://docs.aws.amazon.com/AWSEC2/latest/UserGuide/ec2-instance-lifecycle.html | https://docs.aws.amazon.com/AWSEC2/latest/UserGuide/Stop_Start.html | https://docs.aws.amazon.com/AWSEC2/latest/APIReference/API_DescribeInstances.html;;
profile: None;2026-09-05 17:57:02.969483;227842501528;;;;;;prowler-aws-ec2_instance_uses_single_eni-227842501528-eu-north-1-i-08adc39bb44195755;aws;ec2_instance_uses_single_eni;EC2 instance has no more than one Elastic Network Interface (ENI) attached;Software and Configuration Checks/AWS Security Best Practices/Network Reachability;PASS;EC2 Instance i-08adc39bb44195755 uses only one ENI: ( Interfaces: ['eni-0ae41a50d91b12a99'] ).;False;ec2;;low;AwsEc2Instance;arn:aws:ec2:eu-north-1:227842501528:instance/i-08adc39bb44195755;i-08adc39bb44195755;;Environment=Lab | Project=Autonomous-Cloud-Security | Name=cloud-security-lab-vm;aws;eu-north-1;**EC2 instances** are evaluated for attached network adapters. It identifies instances with more than one `ENI`-including `efa`, `interface`, or `trunk` types-and distinguishes those using a single adapter.;**Multiple ENIs** create dual-homed hosts across subnets and security groups, enabling unintended routing and policy bypass. Adversaries can pivot between segments, use alternate egress for **data exfiltration**, or exploit asymmetric paths, undermining segmentation and **confidentiality/integrity** while complicating containment.;;"Prefer a **single ENI per instance**.

If multi-homing is unavoidable:
- Place ENIs in least-privilege subnets/SGs
- Keep `source/destination check` enabled and routes explicit
- Use gateways/LBs for NAT or ingress, not the host
- Monitor flow logs and formally approve exceptions

Embed **defense in depth** and **zero trust**.";https://hub.prowler.com/check/ec2_instance_uses_single_eni;"```yaml
# CloudFormation: ensure the instance has only one ENI
Resources:
  <example_resource_name>:
    Type: AWS::EC2::Instance
    Properties:
      ImageId: <example_resource_id>
      InstanceType: t3.micro
      SubnetId: <example_resource_id>  # FIX: creates a single primary ENI; do not add extra NetworkInterfaces/attachments
```";"```hcl
# Terraform: instance with only the primary ENI
resource ""aws_instance"" ""<example_resource_name>"" {
  ami           = ""<example_resource_id>""
  instance_type = ""t3.micro""
  subnet_id     = ""<example_resource_id>""  # FIX: only primary ENI; no additional network_interface attachments
}
```";aws ec2 detach-network-interface --attachment-id <ATTACHMENT_ID>;"1. Open the AWS EC2 console and go to Network Interfaces
2. Filter by the affected instance ID
3. Select each non-primary network interface (Primary cannot be detached)
4. Choose Actions > Detach
5. Confirm the detach for each secondary ENI";KISA-ISMS-P-2023-korean: 2.6.1, 2.10.2 | AWS-Foundational-Security-Best-Practices: EC2.17 | ISO27001-2022: A.8.20, A.8.21, A.8.22 | KISA-ISMS-P-2023: 2.6.1, 2.10.2;trust-boundaries;;;;5.41.0;https://docs.aws.amazon.com/AWSEC2/latest/UserGuide/using-eni.html#detach_eni | https://docs.aws.amazon.com/config/latest/developerguide/ec2-instance-multiple-eni-check.html | https://docs.aws.amazon.com/securityhub/latest/userguide/ec2-controls.html#ec2-17;;
profile: None;2026-09-05 17:57:02.969483;227842501528;;;;;;prowler-aws-ec2_instance_with_outdated_ami-227842501528-eu-north-1-i-08adc39bb44195755;aws;ec2_instance_with_outdated_ami;EC2 instance uses a non-deprecated Amazon AMI;Software and Configuration Checks/AWS Security Best Practices | Software and Configuration Checks/Patch Management | Software and Configuration Checks/Industry and Regulatory Standards/AWS Foundational Security Best Practices;PASS;EC2 Instance i-08adc39bb44195755 is not using an outdated AMI.;False;ec2;;medium;AwsEc2Instance;arn:aws:ec2:eu-north-1:227842501528:instance/i-08adc39bb44195755;i-08adc39bb44195755;;Environment=Lab | Project=Autonomous-Cloud-Security | Name=cloud-security-lab-vm;aws;eu-north-1;"**EC2 instances** launched from **Amazon-owned AMIs** are evaluated for the AMI's `DeprecationTime`; instances tied to images with a deprecation date in the past are reported as using **deprecated AMIs**.";"Running on a **deprecated AMI** undermines security and availability:
- Missing patches enable exploitation of known CVEs (confidentiality/integrity)
- Unsupported components hinder hardening and forensics
- AMI removal from catalogs complicates scale-out and recovery (availability)";;Adopt **non-deprecated, maintained AMIs** and perform rolling replacements of affected instances. Standardize on hardened golden images with **regular AMI rotation** and `DeprecationTime` monitoring. Update launch templates/ASGs to reference current images. Automate patching via an image pipeline and apply **defense in depth**.;https://hub.prowler.com/check/ec2_instance_with_outdated_ami;"```yaml
# Use a non-deprecated Amazon AMI for instances launched via this template
Resources:
  <example_resource_name>:
    Type: AWS::EC2::LaunchTemplate
    Properties:
      LaunchTemplateData:
        ImageId: ""<non_deprecated_amazon_ami_id>""  # Critical: Amazon-owned AMI with no DeprecationTime
```";"```hcl
# EC2 instance using a non-deprecated Amazon AMI
resource ""aws_instance"" ""<example_resource_name>"" {
  ami           = ""<non_deprecated_amazon_ami_id>""  # Critical: Amazon-owned AMI with no DeprecationTime
  instance_type = ""t3.micro""
}
```";;"1. In the EC2 console, go to AMIs
2. Set Owner to ""Amazon"" and ensure deprecated AMIs are not included; copy the AMI ID
3. If using an Auto Scaling Group:
   - Launch templates > select the one in use > Create new version with Image ID set to the copied AMI and set it as default
   - Auto Scaling Groups > select the group > Start instance refresh
4. If it is a standalone instance:
   - Launch a new instance using the copied Amazon AMI
   - Move workloads and terminate the old instance";ASD-Essential-Eight-Nov 2023: E8-2.8;vulnerabilities;;;;5.41.0;https://docs.aws.amazon.com/AWSEC2/latest/UserGuide/ami-deprecate.html | https://repost.aws/knowledge-center/ec2-find-deprecated-ami;;
profile: None;2026-09-05 17:57:02.969483;227842501528;;;;;;prowler-aws-ec2_networkacl_allow_ingress_any_port-227842501528-eu-north-1-acl-07d3c473c6eb2d97b;aws;ec2_networkacl_allow_ingress_any_port;Network ACL does not allow ingress from 0.0.0.0/0 to any port;Software and Configuration Checks/AWS Security Best Practices/Network Reachability | Software and Configuration Checks/Industry and Regulatory Standards/AWS Foundational Security Best Practices | Software and Configuration Checks/Industry and Regulatory Standards/CIS AWS Foundations Benchmark | TTPs/Initial Access/Unauthorized Access | Effects/Data Exposure;FAIL;Network ACL acl-07d3c473c6eb2d97b has every port open to the Internet.;False;ec2;;high;AwsEc2NetworkAcl;arn:aws:ec2:eu-north-1:227842501528:network-acl/acl-07d3c473c6eb2d97b;acl-07d3c473c6eb2d97b;;;aws;eu-north-1;**VPC network ACLs** with **inbound entries** that permit traffic from `0.0.0.0/0` to any port (any protocol) are identified at the subnet boundary.;Allowing Internet-wide ingress at the subnet layer enables broad port scanning and unsolicited connections. Attackers can probe and exploit exposed services, risking data disclosure and tampering (confidentiality, integrity) and causing outages via floods or brute-force (availability). Any security group lapse then lacks a compensating control.;;Adopt a **deny-by-default** NACL posture: block `0.0.0.0/0` and allow only required ports from trusted CIDRs. Apply **least privilege** using security groups for fine-grained access, with NACLs as coarse stateless filters. Review and prune rules regularly, and employ **defense in depth** with monitoring and alerting.;https://hub.prowler.com/check/ec2_networkacl_allow_ingress_any_port;"```yaml
# CloudFormation: deny all inbound from the Internet on the NACL
Resources:
  NetworkAclDenyAllIngress:
    Type: AWS::EC2::NetworkAclEntry
    Properties:
      NetworkAclId: ""<example_resource_id>""
      RuleNumber: 100
      Protocol: -1
      Egress: false
      RuleAction: deny       # CRITICAL: Denies ingress
      CidrBlock: 0.0.0.0/0  # CRITICAL: From the Internet (any IP)
```";"```hcl
# Deny all inbound from the Internet on the NACL
resource ""aws_network_acl_rule"" ""<example_resource_name>"" {
  network_acl_id = ""<example_resource_id>""
  rule_number    = 100
  egress         = false
  protocol       = ""-1""
  rule_action    = ""deny""          # CRITICAL: Denies ingress
  cidr_block     = ""0.0.0.0/0""      # CRITICAL: From the Internet (any IP)
}
```";aws ec2 replace-network-acl-entry --network-acl-id <example_resource_id> --ingress --rule-number <RULE_NUMBER> --protocol -1 --rule-action deny --cidr-block 0.0.0.0/0;"1. In AWS Console, go to VPC > Network ACLs
2. Select the NACL used by the affected subnet
3. Open the Inbound rules tab and click Edit inbound rules
4. Find any rule that allows 0.0.0.0/0 to all ports and change Action to Deny (or delete the allow-all rule)
5. Save changes";CIS-4.0.1: 5.2 | CIS-1.4: 5.1 | CIS-3.0: 5.1 | NIST-800-53-Revision-4: ac_4, cm_2, sc_7_3, sc_7 | SOC2: cc_6_6 | CIS-5.0: 5.2 | KISA-ISMS-P-2023-korean: 2.6.1, 2.10.2 | GxP-21-CFR-Part-11: 11.10-d, 11.10-g, 11.10-k | ISO27001-2022: A.8.20, A.8.21, A.8.22 | MITRE-ATTACK: T1199, T1048, T1499, T1498, T1046 | CIS-7.0: 6.2 | C5-2025: PI-01.01AC | FedRAMP-20x-KSI-Low-25.05C: ksi-cna | SecNumCloud-3.2: 13.2 | FedRamp-Moderate-Revision-4: ac-4, ac-17-1, ac-21-b, cm-2, sc-4, sc-7-3, sc-7 | FFIEC: d3-pc-am-b-10, d3-pc-im-b-1, d3-pc-im-b-2, d3-pc-im-b-6, d4-c-co-b-2 | NIST-CSF-1.1: ae_1, ac_3, ac_5, pt_4 | CISA: your-data-2 | CIS-2.0: 5.1 | CIS-1.5: 5.1 | HIPAA: 164_308_a_1_ii_b, 164_312_e_1 | FedRAMP-Low-Revision-4: ac-17, cm-2, sc-7 | KISA-ISMS-P-2023: 2.6.1, 2.10.2 | RBI-Cyber-Security-Framework: annex_i_1_3, annex_i_5_1 | AWS-Well-Architected-Framework-Security-Pillar: SEC05-BP03 | CIS-6.0: 6.2 | ProwlerThreatScore-1.0: 2.1.3 | NIST-800-53-Revision-5: ac_4_21, ac_17_b, ac_17_1, ac_17_4_a, ac_17_9, ac_17_10, cm_2_a, cm_2_2, cm_6_a, cm_7_b, cm_8_6, cm_9_b, sc_7_5, sc_7_7, sc_7_11, sc_7_12, sc_7_16, sc_7_21, sc_7_24_b, sc_7_25, sc_7_26, sc_7_27, sc_7_28, sc_7_a, sc_7_c | CCC-v2025.10: CCC.Core.CN05.AR05 | NIST-800-171-Revision-2: 3_1_1, 3_1_2, 3_1_3, 3_1_14, 3_1_20, 3_4_1, 3_4_7, 3_13_1, 3_13_2, 3_13_5, 3_13_6;internet-exposed;;;;5.41.0;https://docs.aws.amazon.com/vpc/latest/userguide/vpc-network-acls.html | https://support.icompaas.com/support/solutions/articles/62000233809-ensure-no-network-acls-allow-ingress-from-0-0-0-0-0-to-any-port;;
profile: None;2026-09-05 17:57:02.969483;227842501528;;;;;;prowler-aws-ec2_networkacl_allow_ingress_any_port-227842501528-eu-north-1-acl-09536259fa0a7ac39;aws;ec2_networkacl_allow_ingress_any_port;Network ACL does not allow ingress from 0.0.0.0/0 to any port;Software and Configuration Checks/AWS Security Best Practices/Network Reachability | Software and Configuration Checks/Industry and Regulatory Standards/AWS Foundational Security Best Practices | Software and Configuration Checks/Industry and Regulatory Standards/CIS AWS Foundations Benchmark | TTPs/Initial Access/Unauthorized Access | Effects/Data Exposure;FAIL;Network ACL acl-09536259fa0a7ac39 has every port open to the Internet.;False;ec2;;high;AwsEc2NetworkAcl;arn:aws:ec2:eu-north-1:227842501528:network-acl/acl-09536259fa0a7ac39;acl-09536259fa0a7ac39;;;aws;eu-north-1;**VPC network ACLs** with **inbound entries** that permit traffic from `0.0.0.0/0` to any port (any protocol) are identified at the subnet boundary.;Allowing Internet-wide ingress at the subnet layer enables broad port scanning and unsolicited connections. Attackers can probe and exploit exposed services, risking data disclosure and tampering (confidentiality, integrity) and causing outages via floods or brute-force (availability). Any security group lapse then lacks a compensating control.;;Adopt a **deny-by-default** NACL posture: block `0.0.0.0/0` and allow only required ports from trusted CIDRs. Apply **least privilege** using security groups for fine-grained access, with NACLs as coarse stateless filters. Review and prune rules regularly, and employ **defense in depth** with monitoring and alerting.;https://hub.prowler.com/check/ec2_networkacl_allow_ingress_any_port;"```yaml
# CloudFormation: deny all inbound from the Internet on the NACL
Resources:
  NetworkAclDenyAllIngress:
    Type: AWS::EC2::NetworkAclEntry
    Properties:
      NetworkAclId: ""<example_resource_id>""
      RuleNumber: 100
      Protocol: -1
      Egress: false
      RuleAction: deny       # CRITICAL: Denies ingress
      CidrBlock: 0.0.0.0/0  # CRITICAL: From the Internet (any IP)
```";"```hcl
# Deny all inbound from the Internet on the NACL
resource ""aws_network_acl_rule"" ""<example_resource_name>"" {
  network_acl_id = ""<example_resource_id>""
  rule_number    = 100
  egress         = false
  protocol       = ""-1""
  rule_action    = ""deny""          # CRITICAL: Denies ingress
  cidr_block     = ""0.0.0.0/0""      # CRITICAL: From the Internet (any IP)
}
```";aws ec2 replace-network-acl-entry --network-acl-id <example_resource_id> --ingress --rule-number <RULE_NUMBER> --protocol -1 --rule-action deny --cidr-block 0.0.0.0/0;"1. In AWS Console, go to VPC > Network ACLs
2. Select the NACL used by the affected subnet
3. Open the Inbound rules tab and click Edit inbound rules
4. Find any rule that allows 0.0.0.0/0 to all ports and change Action to Deny (or delete the allow-all rule)
5. Save changes";CIS-4.0.1: 5.2 | CIS-1.4: 5.1 | CIS-3.0: 5.1 | NIST-800-53-Revision-4: ac_4, cm_2, sc_7_3, sc_7 | SOC2: cc_6_6 | CIS-5.0: 5.2 | KISA-ISMS-P-2023-korean: 2.6.1, 2.10.2 | GxP-21-CFR-Part-11: 11.10-d, 11.10-g, 11.10-k | ISO27001-2022: A.8.20, A.8.21, A.8.22 | MITRE-ATTACK: T1199, T1048, T1499, T1498, T1046 | CIS-7.0: 6.2 | C5-2025: PI-01.01AC | FedRAMP-20x-KSI-Low-25.05C: ksi-cna | SecNumCloud-3.2: 13.2 | FedRamp-Moderate-Revision-4: ac-4, ac-17-1, ac-21-b, cm-2, sc-4, sc-7-3, sc-7 | FFIEC: d3-pc-am-b-10, d3-pc-im-b-1, d3-pc-im-b-2, d3-pc-im-b-6, d4-c-co-b-2 | NIST-CSF-1.1: ae_1, ac_3, ac_5, pt_4 | CISA: your-data-2 | CIS-2.0: 5.1 | CIS-1.5: 5.1 | HIPAA: 164_308_a_1_ii_b, 164_312_e_1 | FedRAMP-Low-Revision-4: ac-17, cm-2, sc-7 | KISA-ISMS-P-2023: 2.6.1, 2.10.2 | RBI-Cyber-Security-Framework: annex_i_1_3, annex_i_5_1 | AWS-Well-Architected-Framework-Security-Pillar: SEC05-BP03 | CIS-6.0: 6.2 | ProwlerThreatScore-1.0: 2.1.3 | NIST-800-53-Revision-5: ac_4_21, ac_17_b, ac_17_1, ac_17_4_a, ac_17_9, ac_17_10, cm_2_a, cm_2_2, cm_6_a, cm_7_b, cm_8_6, cm_9_b, sc_7_5, sc_7_7, sc_7_11, sc_7_12, sc_7_16, sc_7_21, sc_7_24_b, sc_7_25, sc_7_26, sc_7_27, sc_7_28, sc_7_a, sc_7_c | CCC-v2025.10: CCC.Core.CN05.AR05 | NIST-800-171-Revision-2: 3_1_1, 3_1_2, 3_1_3, 3_1_14, 3_1_20, 3_4_1, 3_4_7, 3_13_1, 3_13_2, 3_13_5, 3_13_6;internet-exposed;;;;5.41.0;https://docs.aws.amazon.com/vpc/latest/userguide/vpc-network-acls.html | https://support.icompaas.com/support/solutions/articles/62000233809-ensure-no-network-acls-allow-ingress-from-0-0-0-0-0-to-any-port;;
profile: None;2026-09-05 17:57:02.969483;227842501528;;;;;;prowler-aws-ec2_networkacl_allow_ingress_tcp_port_22-227842501528-eu-north-1-acl-07d3c473c6eb2d97b;aws;ec2_networkacl_allow_ingress_tcp_port_22;Network ACL does not allow ingress from the Internet to TCP port 22 (SSH);Software and Configuration Checks/AWS Security Best Practices/Network Reachability | TTPs/Initial Access;FAIL;Network ACL acl-07d3c473c6eb2d97b has SSH port 22 open to the Internet.;False;ec2;;medium;AwsEc2NetworkAcl;arn:aws:ec2:eu-north-1:227842501528:network-acl/acl-07d3c473c6eb2d97b;acl-07d3c473c6eb2d97b;;;aws;eu-north-1;**VPC network ACLs** are evaluated for inbound rules that permit `0.0.0.0/0` to access **SSH** on `TCP 22` at the subnet boundary.;"An ACL allowing Internet-wide SSH erodes **defense in depth**. Systems reachable on `TCP 22` face **brute-force**, credential stuffing, reconnaissance, and SSH exploit attempts.

Changes to routes or security groups can create direct exposure, enabling unauthorized access and **lateral movement**, undermining **confidentiality** and **integrity**.";;"Apply **least privilege** at the subnet layer:
- Do not allow `0.0.0.0/0` to `TCP 22`
- Restrict SSH to trusted sources, or avoid direct SSH via **Session Manager** or a bastion behind **VPN**

Pair tight **security groups** with periodic rule reviews and change control to maintain **defense in depth**.";https://hub.prowler.com/check/ec2_networkacl_allow_ingress_tcp_port_22;"```yaml
# CloudFormation: Deny SSH (22) from Internet on the NACL
Resources:
  <example_resource_name>:
    Type: AWS::EC2::NetworkAclEntry
    Properties:
      NetworkAclId: <example_resource_id>
      RuleNumber: 1
      Protocol: 6
      RuleAction: deny   # Critical: blocks the traffic instead of allowing it
      Egress: false
      CidrBlock: 0.0.0.0/0  # Critical: matches Internet sources
      PortRange:
        From: 22           # Critical: SSH port
        To: 22
```";"```hcl
# Deny SSH (22) from Internet on the NACL
resource ""aws_network_acl_rule"" ""<example_resource_name>"" {
  network_acl_id = ""<example_resource_id>""
  rule_number    = 1
  egress         = false
  protocol       = ""tcp""
  rule_action    = ""deny""          # Critical: blocks SSH ingress
  cidr_block     = ""0.0.0.0/0""     # Critical: Internet sources
  from_port      = 22               # Critical: SSH port
  to_port        = 22
}
```";aws ec2 replace-network-acl-entry --network-acl-id <NETWORK_ACL_ID> --ingress --rule-number <RULE_NUMBER> --protocol 6 --rule-action deny --cidr-block 0.0.0.0/0 --port-range From=22,To=22;"1. In AWS Console, go to VPC > Network ACLs
2. Select <example_resource_name> and open the Inbound rules tab
3. Delete any rule that ALLOWS TCP port 22 from 0.0.0.0/0 or ::/0
4. Save changes
5. If you cannot delete it, edit the rule and set Action to Deny for TCP port 22 with source 0.0.0.0/0 (and ::/0 if present), then save";CIS-4.0.1: 5.2 | CIS-1.4: 5.1 | CIS-3.0: 5.1 | SOC2: cc_6_6 | CIS-5.0: 5.2 | KISA-ISMS-P-2023-korean: 2.6.1, 2.6.6, 2.10.2 | AWS-Foundational-Security-Best-Practices: EC2.21 | ISO27001-2022: A.8.20, A.8.21, A.8.22 | MITRE-ATTACK: T1199, T1048, T1499, T1498, T1046 | CIS-7.0: 6.2 | C5-2025: PI-01.01AC | CIS-2.0: 5.1 | PCI-3.2.1: 1.2, 1.2.1, 1.2.1.a, 1.2.1.b, 1.2.1.c, 1.2.3, 1.2.3.b, 1.3, 1.3.2 | CIS-1.5: 5.1 | NIS2: 6.7.2.g | KISA-ISMS-P-2023: 2.6.1, 2.6.6, 2.10.2 | AWS-Well-Architected-Framework-Security-Pillar: SEC05-BP02, SEC05-BP03 | CIS-6.0: 6.2 | ProwlerThreatScore-1.0: 2.1.3 | CCC-v2025.10: CCC.Core.CN01.AR02;internet-exposed;;;;5.41.0;https://support.icompaas.com/support/solutions/articles/62000233578-ensure-no-network-acls-allow-ingress-from-0-0-0-0-0-to-ssh-port-22 | https://docs.aws.amazon.com/vpc/latest/userguide/vpc-network-acls.html;;
profile: None;2026-09-05 17:57:02.969483;227842501528;;;;;;prowler-aws-ec2_networkacl_allow_ingress_tcp_port_22-227842501528-eu-north-1-acl-09536259fa0a7ac39;aws;ec2_networkacl_allow_ingress_tcp_port_22;Network ACL does not allow ingress from the Internet to TCP port 22 (SSH);Software and Configuration Checks/AWS Security Best Practices/Network Reachability | TTPs/Initial Access;FAIL;Network ACL acl-09536259fa0a7ac39 has SSH port 22 open to the Internet.;False;ec2;;medium;AwsEc2NetworkAcl;arn:aws:ec2:eu-north-1:227842501528:network-acl/acl-09536259fa0a7ac39;acl-09536259fa0a7ac39;;;aws;eu-north-1;**VPC network ACLs** are evaluated for inbound rules that permit `0.0.0.0/0` to access **SSH** on `TCP 22` at the subnet boundary.;"An ACL allowing Internet-wide SSH erodes **defense in depth**. Systems reachable on `TCP 22` face **brute-force**, credential stuffing, reconnaissance, and SSH exploit attempts.

Changes to routes or security groups can create direct exposure, enabling unauthorized access and **lateral movement**, undermining **confidentiality** and **integrity**.";;"Apply **least privilege** at the subnet layer:
- Do not allow `0.0.0.0/0` to `TCP 22`
- Restrict SSH to trusted sources, or avoid direct SSH via **Session Manager** or a bastion behind **VPN**

Pair tight **security groups** with periodic rule reviews and change control to maintain **defense in depth**.";https://hub.prowler.com/check/ec2_networkacl_allow_ingress_tcp_port_22;"```yaml
# CloudFormation: Deny SSH (22) from Internet on the NACL
Resources:
  <example_resource_name>:
    Type: AWS::EC2::NetworkAclEntry
    Properties:
      NetworkAclId: <example_resource_id>
      RuleNumber: 1
      Protocol: 6
      RuleAction: deny   # Critical: blocks the traffic instead of allowing it
      Egress: false
      CidrBlock: 0.0.0.0/0  # Critical: matches Internet sources
      PortRange:
        From: 22           # Critical: SSH port
        To: 22
```";"```hcl
# Deny SSH (22) from Internet on the NACL
resource ""aws_network_acl_rule"" ""<example_resource_name>"" {
  network_acl_id = ""<example_resource_id>""
  rule_number    = 1
  egress         = false
  protocol       = ""tcp""
  rule_action    = ""deny""          # Critical: blocks SSH ingress
  cidr_block     = ""0.0.0.0/0""     # Critical: Internet sources
  from_port      = 22               # Critical: SSH port
  to_port        = 22
}
```";aws ec2 replace-network-acl-entry --network-acl-id <NETWORK_ACL_ID> --ingress --rule-number <RULE_NUMBER> --protocol 6 --rule-action deny --cidr-block 0.0.0.0/0 --port-range From=22,To=22;"1. In AWS Console, go to VPC > Network ACLs
2. Select <example_resource_name> and open the Inbound rules tab
3. Delete any rule that ALLOWS TCP port 22 from 0.0.0.0/0 or ::/0
4. Save changes
5. If you cannot delete it, edit the rule and set Action to Deny for TCP port 22 with source 0.0.0.0/0 (and ::/0 if present), then save";CIS-4.0.1: 5.2 | CIS-1.4: 5.1 | CIS-3.0: 5.1 | SOC2: cc_6_6 | CIS-5.0: 5.2 | KISA-ISMS-P-2023-korean: 2.6.1, 2.6.6, 2.10.2 | AWS-Foundational-Security-Best-Practices: EC2.21 | ISO27001-2022: A.8.20, A.8.21, A.8.22 | MITRE-ATTACK: T1199, T1048, T1499, T1498, T1046 | CIS-7.0: 6.2 | C5-2025: PI-01.01AC | CIS-2.0: 5.1 | PCI-3.2.1: 1.2, 1.2.1, 1.2.1.a, 1.2.1.b, 1.2.1.c, 1.2.3, 1.2.3.b, 1.3, 1.3.2 | CIS-1.5: 5.1 | NIS2: 6.7.2.g | KISA-ISMS-P-2023: 2.6.1, 2.6.6, 2.10.2 | AWS-Well-Architected-Framework-Security-Pillar: SEC05-BP02, SEC05-BP03 | CIS-6.0: 6.2 | ProwlerThreatScore-1.0: 2.1.3 | CCC-v2025.10: CCC.Core.CN01.AR02;internet-exposed;;;;5.41.0;https://support.icompaas.com/support/solutions/articles/62000233578-ensure-no-network-acls-allow-ingress-from-0-0-0-0-0-to-ssh-port-22 | https://docs.aws.amazon.com/vpc/latest/userguide/vpc-network-acls.html;;
profile: None;2026-09-05 17:57:02.969483;227842501528;;;;;;prowler-aws-ec2_networkacl_allow_ingress_tcp_port_3389-227842501528-eu-north-1-acl-07d3c473c6eb2d97b;aws;ec2_networkacl_allow_ingress_tcp_port_3389;Network ACL does not allow ingress from the Internet to TCP port 3389 (RDP);Software and Configuration Checks/AWS Security Best Practices/Network Reachability | Software and Configuration Checks/Industry and Regulatory Standards/AWS Foundational Security Best Practices | Software and Configuration Checks/Industry and Regulatory Standards/CIS AWS Foundations Benchmark | TTPs/Initial Access;FAIL;Network ACL acl-07d3c473c6eb2d97b has Microsoft RDP port 3389 open to the Internet.;False;ec2;;medium;AwsEc2NetworkAcl;arn:aws:ec2:eu-north-1:227842501528:network-acl/acl-07d3c473c6eb2d97b;acl-07d3c473c6eb2d97b;;;aws;eu-north-1;"**VPC network ACLs** with inbound rules allowing **RDP** on `TCP 3389` from `0.0.0.0/0` are identified.

Assessment focuses on subnet-level ACL entries that permit this traffic.";Internet-exposed **RDP** enables **password spraying**, brute force, and exploitation of RDP flaws to gain remote control. Allowing it at the subnet layer weakens **defense in depth**-a misconfigured security group or route can expose instances-leading to data exfiltration, privilege escalation, and ransomware, impacting confidentiality and integrity.;;"Enforce **least privilege**: do not allow `TCP 3389` from `0.0.0.0/0` in network ACLs.

- Restrict RDP to specific admin IP ranges
- Prefer **bastion hosts** or **Session Manager** over direct RDP
- Use private subnets and layer controls for **defense in depth**";https://hub.prowler.com/check/ec2_networkacl_allow_ingress_tcp_port_3389;"```yaml
# CloudFormation: deny inbound RDP (TCP 3389) from the Internet on an existing NACL
Resources:
  NetworkAclDenyRDP:
    Type: AWS::EC2::NetworkAclEntry
    Properties:
      NetworkAclId: <example_resource_id>
      RuleNumber: 1                 # Critical: ensure this deny is evaluated before any allow
      Protocol: 6                   # TCP
      Egress: false                 # Ingress rule
      RuleAction: deny              # Critical: block the traffic
      CidrBlock: 0.0.0.0/0          # Critical: Internet source
      PortRange:
        From: 3389                  # Critical: RDP port
        To: 3389
```";"```hcl
# Deny inbound RDP (TCP 3389) from the Internet on an existing NACL
resource ""aws_network_acl_rule"" ""<example_resource_name>"" {
  network_acl_id = ""<example_resource_id>""
  rule_number    = 1                 # Critical: lower than any allow so deny takes precedence
  egress         = false             # Ingress rule
  protocol       = ""tcp""
  rule_action    = ""deny""            # Critical: block the traffic
  cidr_block     = ""0.0.0.0/0""       # Critical: Internet source
  from_port      = 3389              # Critical: RDP port
  to_port        = 3389
}
```";aws ec2 delete-network-acl-entry --network-acl-id <NETWORK_ACL_ID> --ingress --rule-number <RULE_NUMBER>;"1. In the AWS Console, go to VPC > Network ACLs and select the ACL used by the affected subnet(s)
2. Open the Inbound rules tab
3. Find any rule allowing TCP port 3389 (RDP) from 0.0.0.0/0 or ::/0
4. Select that rule and click Delete, then Save
5. If you must keep broad allows, instead click Edit inbound rules and add a new rule with a lower rule number that Denies TCP 3389 from 0.0.0.0/0, then Save";CIS-4.0.1: 5.2 | CIS-1.4: 5.1 | CIS-3.0: 5.1 | SOC2: cc_6_6 | CIS-5.0: 5.2 | KISA-ISMS-P-2023-korean: 2.6.1, 2.6.6, 2.10.2 | AWS-Foundational-Security-Best-Practices: EC2.21 | ISO27001-2022: A.8.20, A.8.21, A.8.22 | PCI-4.0: 1.2.8.21, 1.3.1.24, 1.3.2.24, 1.4.2.22, 1.5.1.21, A1.1.3.21 | MITRE-ATTACK: T1199, T1048, T1499, T1498, T1046 | CIS-7.0: 6.2 | C5-2025: PI-01.01AC | CIS-2.0: 5.1 | PCI-3.2.1: 1.2, 1.2.1, 1.2.1.a, 1.2.1.b, 1.2.1.c, 1.2.3, 1.2.3.b, 1.3, 1.3.2 | CIS-1.5: 5.1 | NIS2: 6.7.2.g | KISA-ISMS-P-2023: 2.6.1, 2.6.6, 2.10.2 | AWS-Well-Architected-Framework-Security-Pillar: SEC05-BP03 | CIS-6.0: 6.2 | ProwlerThreatScore-1.0: 2.1.3;internet-exposed;;;;5.41.0;https://support.icompaas.com/support/solutions/articles/62000223179-ensure-no-network-acls-allow-ingress-from-0-0-0-0-0-to-microsoft-rdp-port-3389- | https://docs.aws.amazon.com/vpc/latest/userguide/vpc-network-acls.html;;
profile: None;2026-09-05 17:57:02.969483;227842501528;;;;;;prowler-aws-ec2_networkacl_allow_ingress_tcp_port_3389-227842501528-eu-north-1-acl-09536259fa0a7ac39;aws;ec2_networkacl_allow_ingress_tcp_port_3389;Network ACL does not allow ingress from the Internet to TCP port 3389 (RDP);Software and Configuration Checks/AWS Security Best Practices/Network Reachability | Software and Configuration Checks/Industry and Regulatory Standards/AWS Foundational Security Best Practices | Software and Configuration Checks/Industry and Regulatory Standards/CIS AWS Foundations Benchmark | TTPs/Initial Access;FAIL;Network ACL acl-09536259fa0a7ac39 has Microsoft RDP port 3389 open to the Internet.;False;ec2;;medium;AwsEc2NetworkAcl;arn:aws:ec2:eu-north-1:227842501528:network-acl/acl-09536259fa0a7ac39;acl-09536259fa0a7ac39;;;aws;eu-north-1;"**VPC network ACLs** with inbound rules allowing **RDP** on `TCP 3389` from `0.0.0.0/0` are identified.

Assessment focuses on subnet-level ACL entries that permit this traffic.";Internet-exposed **RDP** enables **password spraying**, brute force, and exploitation of RDP flaws to gain remote control. Allowing it at the subnet layer weakens **defense in depth**-a misconfigured security group or route can expose instances-leading to data exfiltration, privilege escalation, and ransomware, impacting confidentiality and integrity.;;"Enforce **least privilege**: do not allow `TCP 3389` from `0.0.0.0/0` in network ACLs.

- Restrict RDP to specific admin IP ranges
- Prefer **bastion hosts** or **Session Manager** over direct RDP
- Use private subnets and layer controls for **defense in depth**";https://hub.prowler.com/check/ec2_networkacl_allow_ingress_tcp_port_3389;"```yaml
# CloudFormation: deny inbound RDP (TCP 3389) from the Internet on an existing NACL
Resources:
  NetworkAclDenyRDP:
    Type: AWS::EC2::NetworkAclEntry
    Properties:
      NetworkAclId: <example_resource_id>
      RuleNumber: 1                 # Critical: ensure this deny is evaluated before any allow
      Protocol: 6                   # TCP
      Egress: false                 # Ingress rule
      RuleAction: deny              # Critical: block the traffic
      CidrBlock: 0.0.0.0/0          # Critical: Internet source
      PortRange:
        From: 3389                  # Critical: RDP port
        To: 3389
```";"```hcl
# Deny inbound RDP (TCP 3389) from the Internet on an existing NACL
resource ""aws_network_acl_rule"" ""<example_resource_name>"" {
  network_acl_id = ""<example_resource_id>""
  rule_number    = 1                 # Critical: lower than any allow so deny takes precedence
  egress         = false             # Ingress rule
  protocol       = ""tcp""
  rule_action    = ""deny""            # Critical: block the traffic
  cidr_block     = ""0.0.0.0/0""       # Critical: Internet source
  from_port      = 3389              # Critical: RDP port
  to_port        = 3389
}
```";aws ec2 delete-network-acl-entry --network-acl-id <NETWORK_ACL_ID> --ingress --rule-number <RULE_NUMBER>;"1. In the AWS Console, go to VPC > Network ACLs and select the ACL used by the affected subnet(s)
2. Open the Inbound rules tab
3. Find any rule allowing TCP port 3389 (RDP) from 0.0.0.0/0 or ::/0
4. Select that rule and click Delete, then Save
5. If you must keep broad allows, instead click Edit inbound rules and add a new rule with a lower rule number that Denies TCP 3389 from 0.0.0.0/0, then Save";CIS-4.0.1: 5.2 | CIS-1.4: 5.1 | CIS-3.0: 5.1 | SOC2: cc_6_6 | CIS-5.0: 5.2 | KISA-ISMS-P-2023-korean: 2.6.1, 2.6.6, 2.10.2 | AWS-Foundational-Security-Best-Practices: EC2.21 | ISO27001-2022: A.8.20, A.8.21, A.8.22 | PCI-4.0: 1.2.8.21, 1.3.1.24, 1.3.2.24, 1.4.2.22, 1.5.1.21, A1.1.3.21 | MITRE-ATTACK: T1199, T1048, T1499, T1498, T1046 | CIS-7.0: 6.2 | C5-2025: PI-01.01AC | CIS-2.0: 5.1 | PCI-3.2.1: 1.2, 1.2.1, 1.2.1.a, 1.2.1.b, 1.2.1.c, 1.2.3, 1.2.3.b, 1.3, 1.3.2 | CIS-1.5: 5.1 | NIS2: 6.7.2.g | KISA-ISMS-P-2023: 2.6.1, 2.6.6, 2.10.2 | AWS-Well-Architected-Framework-Security-Pillar: SEC05-BP03 | CIS-6.0: 6.2 | ProwlerThreatScore-1.0: 2.1.3;internet-exposed;;;;5.41.0;https://support.icompaas.com/support/solutions/articles/62000223179-ensure-no-network-acls-allow-ingress-from-0-0-0-0-0-to-microsoft-rdp-port-3389- | https://docs.aws.amazon.com/vpc/latest/userguide/vpc-network-acls.html;;
profile: None;2026-09-05 17:57:02.969483;227842501528;;;;;;prowler-aws-ec2_securitygroup_allow_ingress_from_internet_to_all_ports-227842501528-eu-north-1-sg-0af8a22d4ab57b610;aws;ec2_securitygroup_allow_ingress_from_internet_to_all_ports;Security group does not have all ports open to the Internet;Software and Configuration Checks/AWS Security Best Practices/Network Reachability | Software and Configuration Checks/Industry and Regulatory Standards/AWS Foundational Security Best Practices | Software and Configuration Checks/Industry and Regulatory Standards/CIS AWS Foundations Benchmark | TTPs/Initial Access/Unauthorized Access | Effects/Data Exposure;PASS;Security group cloud-security-ec2-sg (sg-0af8a22d4ab57b610) does not have all ports open to the Internet.;False;ec2;;critical;AwsEc2SecurityGroup;arn:aws:ec2:eu-north-1:227842501528:security-group/sg-0af8a22d4ab57b610;sg-0af8a22d4ab57b610;cloud-security-ec2-sg;Name=cloud-security-ec2-sg;aws;eu-north-1;**EC2 security groups** with **inbound rules** permitting Internet sources (`0.0.0.0/0`, `::/0`) to `all ports` across any protocol;Opening every port to the Internet enables broad scanning and exploit attempts, leading to **unauthorized access**, **remote code execution**, and **data exfiltration**, with easier lateral movement into the VPC. Confidentiality, integrity, and availability are all at risk.;;Enforce **least privilege** on ingress: allow only required ports from trusted sources, avoid `0.0.0.0/0` and `::/0`. Prefer private access (VPN, bastion, or Session Manager), use security group references, and layer **defense in depth** with network ACLs. Periodically review and remove unused rules.;https://hub.prowler.com/check/ec2_securitygroup_allow_ingress_from_internet_to_all_ports;"```yaml
# CloudFormation: Security Group without an inbound rule that opens all ports to the Internet
Resources:
  <example_resource_name>:
    Type: AWS::EC2::SecurityGroup
    Properties:
      GroupDescription: Example SG
      VpcId: <example_resource_id>
      # Critical: Omit SecurityGroupIngress to ensure no rule with IpProtocol ""-1"" from 0.0.0.0/0 or ::/0 exists,
      # which prevents all ports from being open to the Internet.
```";"```hcl
# Security Group with no inbound rules (prevents all ports open to the Internet)
resource ""aws_security_group"" ""<example_resource_name>"" {
  name   = ""<example_resource_name>""
  vpc_id = ""<example_resource_id>""

  # Critical: no ingress blocks; avoids any rule with protocol ""-1"" from 0.0.0.0/0 or ::/0
}
```";;"1. In the AWS Console, go to EC2 > Security Groups
2. Select the affected security group
3. Open the Inbound rules tab and click Edit inbound rules
4. Delete any rule where Type is All traffic (protocol = All) with Source 0.0.0.0/0 or ::/0
5. Click Save rules";CIS-4.0.1: 5.3, 5.4 | CIS-1.4: 5.2 | CIS-3.0: 5.2, 5.3 | SOC2: cc_6_6 | CIS-5.0: 5.3, 5.4 | KISA-ISMS-P-2023-korean: 2.6.1, 2.6.2, 2.6.4, 2.6.6, 2.10.2 | ISO27001-2022: A.8.20, A.8.21, A.8.22 | MITRE-ATTACK: T1199, T1048, T1499, T1498, T1046 | CIS-7.0: 6.3, 6.4 | C5-2025: PI-01.01AC | SecNumCloud-3.2: 13.2 | NIST-CSF-2.0: ac_3, ac_5, ds_5, ip_1, pt_4 | CISA: your-systems-3, your-data-2 | AWS-Foundational-Technical-Review: NETSEC-001 | CIS-2.0: 5.2, 5.3 | PCI-3.2.1: 1.1, 1.1.4, 1.1.4.c, 1.2, 1.2.1, 1.2.1.a, 1.2.1.b, 1.2.1.c, 1.2.3, 1.2.3.b, 1.3, 1.3.2, 1.3.5 | CIS-1.5: 5.2, 5.3 | KISA-ISMS-P-2023: 2.6.1, 2.6.2, 2.6.4, 2.6.6, 2.10.2 | AWS-Well-Architected-Framework-Security-Pillar: SEC05-BP03 | CIS-6.0: 6.3, 6.4 | ProwlerThreatScore-1.0: 2.1.4 | ENS-RD2022: mp.com.1.aws.sg.2 | CCC-v2025.10: CCC.Core.CN01.AR02, CCC.Core.CN05.AR01, CCC.Core.CN05.AR05;internet-exposed;;;;5.41.0;https://docs.aws.amazon.com/vpc/latest/userguide/VPC_SecurityGroups.html | https://www.trendmicro.com/trendaivisiononecloudriskmanagement/knowledge-base/aws/EC2/security-group-ingress-any.html;;
profile: None;2026-09-05 17:57:02.969483;227842501528;;;;;;prowler-aws-ec2_securitygroup_allow_ingress_from_internet_to_any_port-227842501528-eu-north-1-sg-0af8a22d4ab57b610;aws;ec2_securitygroup_allow_ingress_from_internet_to_any_port;Security group has no 0.0.0.0/0 or ::/0 ingress to any port, or is attached only to allowed interface types or instance owners;Software and Configuration Checks/AWS Security Best Practices/Network Reachability | Software and Configuration Checks/Industry and Regulatory Standards/AWS Foundational Security Best Practices | Software and Configuration Checks/Industry and Regulatory Standards/CIS AWS Foundations Benchmark | TTPs/Initial Access;PASS;Security group cloud-security-ec2-sg (sg-0af8a22d4ab57b610) does not have any port open to the Internet.;False;ec2;;high;AwsEc2SecurityGroup;arn:aws:ec2:eu-north-1:227842501528:security-group/sg-0af8a22d4ab57b610;sg-0af8a22d4ab57b610;cloud-security-ec2-sg;Name=cloud-security-ec2-sg;aws;eu-north-1;**EC2 security groups** with **internet-sourced ingress** from `0.0.0.0/0` or `::/0` to any port, and their attachments, are evaluated. Groups linked to network interfaces or instance owners outside an approved list for public exposure are identified.;Open ingress to any port on non-approved interfaces enables external scanning, brute force, and exploitation of unintended services. This threatens **confidentiality** (unauthorized access), **integrity** (tampering), and **availability** (DoS), and facilitates **lateral movement**.;;"Apply **least privilege**: restrict ingress to required ports and trusted sources; avoid `0.0.0.0/0` and `::/0` except for managed public endpoints. Place workloads behind **load balancers**, **API gateways**, or **WAFs**; use **private networking**. Allow public rules only on approved interface types.";https://hub.prowler.com/check/ec2_securitygroup_allow_ingress_from_internet_to_any_port;"```yaml
# CloudFormation: security group without Internet-open ingress
Resources:
  <example_resource_name>:
    Type: AWS::EC2::SecurityGroup
    Properties:
      GroupDescription: ""SG without Internet ingress""
      VpcId: ""<example_resource_id>""
      SecurityGroupIngress: []  # Critical: no 0.0.0.0/0 or ::/0 inbound; denies all inbound
```";"```hcl
# Security group with no Internet-open ingress
resource ""aws_security_group"" ""<example_resource_name>"" {
  name   = ""<example_resource_name>""
  vpc_id = ""<example_resource_id>""
  # Critical: no ingress blocks -> prevents 0.0.0.0/0 or ::/0 inbound
}
```";;"1. In the AWS console, go to EC2 > Security Groups
2. Select the affected security group
3. Open Inbound rules > Edit inbound rules
4. Delete any rule with Source 0.0.0.0/0 or ::/0
5. Save rules";SOC2: cc_6_6 | KISA-ISMS-P-2023-korean: 2.6.1, 2.6.2, 2.6.4, 2.6.6, 2.10.2 | ISO27001-2022: A.8.20, A.8.21, A.8.22 | PCI-4.0: 1.2.5.17, 1.2.8.41, 1.3.1.45, 1.3.2.45, 1.4.2.43, 1.5.1.40, 2.2.5.17, A1.1.3.40 | C5-2025: PI-01.01AC | FedRAMP-20x-KSI-Low-25.05C: ksi-cna | SecNumCloud-3.2: 9.6, 13.2 | KISA-ISMS-P-2023: 2.6.1, 2.6.2, 2.6.4, 2.6.6, 2.10.2;internet-exposed;;;;5.41.0;https://docs.aws.amazon.com/vpc/latest/userguide/VPC_SecurityGroups.html | https://support.icompaas.com/support/solutions/articles/62000234274-5-3-ensure-no-security-groups-allow-ingress-from-0-0-0-0-0-to-remote-server-administration-ports-aut;;
profile: None;2026-09-05 17:57:02.969483;227842501528;;;;;;prowler-aws-ec2_securitygroup_allow_ingress_from_internet_to_any_port_from_ip-227842501528-eu-north-1-sg-0af8a22d4ab57b610;aws;ec2_securitygroup_allow_ingress_from_internet_to_any_port_from_ip;Security group does not have any port open to a specific public IP address;Software and Configuration Checks/AWS Security Best Practices/Network Reachability | TTPs/Initial Access;PASS;Security group cloud-security-ec2-sg (sg-0af8a22d4ab57b610) does not have any port open to a public IP address.;False;ec2;;medium;AwsEc2SecurityGroup;arn:aws:ec2:eu-north-1:227842501528:security-group/sg-0af8a22d4ab57b610;sg-0af8a22d4ab57b610;cloud-security-ec2-sg;Name=cloud-security-ec2-sg;aws;eu-north-1;EC2 security groups with inbound rules allowing traffic from specific globally routable IP addresses to any port or protocol. Wildcard CIDRs (0.0.0.0/0 and ::/0) are excluded as they are covered by the related checks. This targets cases where developers add personal or third-party IPs directly to security groups.;Ingress rules with specific public IPs can become stale when personnel change or access requirements expire. An attacker with compromised AWS credentials could also add narrow IP rules to gain access on any port, bypassing checks that only look for 0.0.0.0/0 or ::/0.;;Review all security group rules with specific public IP sources. Remove stale entries for former employees or expired access. Use VPN, AWS Systems Manager Session Manager, or AWS Client VPN instead of direct IP-based access. For third-party integrations, use VPC endpoints or AWS PrivateLink where possible.;https://hub.prowler.com/check/ec2_securitygroup_allow_ingress_from_internet_to_any_port_from_ip;"```yaml
# CloudFormation: security group without public IP ingress
Resources:
  <example_resource_name>:
    Type: AWS::EC2::SecurityGroup
    Properties:
      GroupDescription: ""SG without public IP ingress""
      VpcId: ""<example_resource_id>""
      SecurityGroupIngress: []  # No inbound rules with public IPs
```";"```hcl
# Security group with no public IP ingress
resource ""aws_security_group"" ""<example_resource_name>"" {
  name   = ""<example_resource_name>""
  vpc_id = ""<example_resource_id>""
  # No ingress blocks with public IP CIDRs
}
```";;"1. In the AWS Console, go to EC2 > Security Groups
2. Select the affected security group
3. Open the Inbound rules tab and click Edit inbound rules
4. Remove or restrict any rule with a Source that is a public IP address
5. Click Save rules";;internet-exposed;;ec2_securitygroup_allow_ingress_from_internet_to_all_ports | ec2_securitygroup_allow_ingress_from_internet_to_any_port;;5.41.0;https://docs.aws.amazon.com/vpc/latest/userguide/VPC_SecurityGroups.html;;
profile: None;2026-09-05 17:57:02.969483;227842501528;;;;;;prowler-aws-ec2_securitygroup_allow_ingress_from_internet_to_high_risk_tcp_ports-227842501528-eu-north-1-sg-0af8a22d4ab57b610;aws;ec2_securitygroup_allow_ingress_from_internet_to_high_risk_tcp_ports;Security group does not allow ingress from 0.0.0.0/0 or ::/0 to high-risk TCP ports;Software and Configuration Checks/AWS Security Best Practices/Network Reachability | Software and Configuration Checks/Industry and Regulatory Standards/AWS Foundational Security Best Practices | Software and Configuration Checks/Industry and Regulatory Standards/CIS AWS Foundations Benchmark | TTPs/Initial Access/Unauthorized Access;PASS;Security group cloud-security-ec2-sg (sg-0af8a22d4ab57b610) does not have any high-risk port open to the Internet.;False;ec2;;high;AwsEc2SecurityGroup;arn:aws:ec2:eu-north-1:227842501528:security-group/sg-0af8a22d4ab57b610;sg-0af8a22d4ab57b610;cloud-security-ec2-sg;Name=cloud-security-ec2-sg;aws;eu-north-1;"**EC2 security groups** are assessed for inbound rules that allow Internet sources (`0.0.0.0/0` or `::/0`) to **high-risk TCP ports**: `25, 110, 135, 143, 445, 3000, 4333, 5000, 5500, 8080, 8088`.

Findings highlight groups exposing any of these ports to the public network.";"Public exposure of these ports enables:
- **RCE** via SMB/RPC and weak admin consoles (`445`, `135`, `3000`, `5000`, `8080`)
- **Credential theft/data leakage** via mail protocols (`25`, `110`, `143`)
- **Spam relay** on `25`
Impacts: **confidentiality**, **integrity**, and **availability** through exploitation and mass scanning.";;"Restrict these ports using **least privilege**:
- Deny Internet ingress; allow only trusted CIDRs or private connectivity
- Place services behind **VPN**, **bastion**, or **proxies/WAF**; prefer **private endpoints**
- Disable unnecessary services; require auth and TLS on exposed apps
Apply **defense in depth** with security groups and network ACLs.";https://hub.prowler.com/check/ec2_securitygroup_allow_ingress_from_internet_to_high_risk_tcp_ports;"```yaml
# CloudFormation: restrict high-risk TCP port from Internet
Resources:
  ExampleSecurityGroup:
    Type: AWS::EC2::SecurityGroup
    Properties:
      GroupDescription: Restrict high-risk TCP port
      VpcId: <example_resource_id>
      SecurityGroupIngress:
        - IpProtocol: tcp
          FromPort: 8080
          ToPort: 8080
          CidrIp: 10.0.0.0/8  # CRITICAL: do not use 0.0.0.0/0 or ::/0; restrict source to non-Internet to pass the check
```";"```hcl
# Terraform: restrict high-risk TCP port from Internet
resource ""aws_security_group"" ""example"" {
  vpc_id = ""<example_resource_id>""

  ingress {
    from_port   = 8080
    to_port     = 8080
    protocol    = ""tcp""
    cidr_blocks = [""10.0.0.0/8""] # CRITICAL: do not use 0.0.0.0/0 or ::/0; restrict source to non-Internet to pass the check
  }
}
```";;"1. In the AWS console, go to EC2 > Network & Security > Security Groups
2. Select the security group in the finding and click Inbound rules > Edit inbound rules
3. For each high-risk TCP port (25, 110, 135, 143, 445, 3000, 4333, 5000, 5500, 8080, 8088) with Source 0.0.0.0/0 or ::/0, delete the rule or change Source to a specific trusted CIDR (for example, your VPC CIDR)
4. Save rules";SOC2: cc_6_6 | KISA-ISMS-P-2023-korean: 2.6.1, 2.6.2, 2.6.4, 2.6.6, 2.10.2 | AWS-Foundational-Security-Best-Practices: EC2.19 | ISO27001-2022: A.8.20, A.8.21, A.8.22 | C5-2025: OIS-05.03B, PI-01.01AC | SecNumCloud-3.2: 13.2 | NIST-CSF-2.0: ac_5 | KISA-ISMS-P-2023: 2.6.1, 2.6.2, 2.6.4, 2.6.6, 2.10.2 | ProwlerThreatScore-1.0: 2.1.7;internet-exposed;;;;5.41.0;https://docs.aws.amazon.com/vpc/latest/userguide/VPC_SecurityGroups.html | https://support.icompaas.com/support/solutions/articles/62000234274-5-3-ensure-no-security-groups-allow-ingress-from-0-0-0-0-0-to-remote-server-administration-ports-aut;;
profile: None;2026-09-05 17:57:02.969483;227842501528;;;;;;prowler-aws-ec2_securitygroup_allow_ingress_from_internet_to_tcp_port_22-227842501528-eu-north-1-sg-0af8a22d4ab57b610;aws;ec2_securitygroup_allow_ingress_from_internet_to_tcp_port_22;Security group does not allow ingress from 0.0.0.0/0 or ::/0 to TCP port 22 (SSH);Software and Configuration Checks/AWS Security Best Practices/Network Reachability | Software and Configuration Checks/Industry and Regulatory Standards/AWS Foundational Security Best Practices | Software and Configuration Checks/Industry and Regulatory Standards/CIS AWS Foundations Benchmark | TTPs/Initial Access/Unauthorized Access;PASS;Security group cloud-security-ec2-sg (sg-0af8a22d4ab57b610) does not have SSH port 22 open to the Internet.;False;ec2;;high;AwsEc2SecurityGroup;arn:aws:ec2:eu-north-1:227842501528:security-group/sg-0af8a22d4ab57b610;sg-0af8a22d4ab57b610;cloud-security-ec2-sg;Name=cloud-security-ec2-sg;aws;eu-north-1;"**EC2 security groups** are assessed for **inbound SSH exposure** by locating ingress rules that allow `TCP 22` from the Internet (`0.0.0.0/0` or `::/0`).

Only groups in use are considered; sets already flagged for all-port exposure are not repeated.";Exposed **SSH** invites Internet-scale **brute force** and **credential stuffing**. A successful login grants **remote shell**, enabling data theft (confidentiality), code or config tampering (integrity), and cryptomining or service disruption (availability), plus **lateral movement** within the environment.;;"Apply **least privilege** to SSH:
- Disallow `0.0.0.0/0` and `::/0`; allow only trusted IPs or VPN ranges
- Prefer **private access** via bastion hosts or AWS Systems Manager Session Manager
- Enforce **key-based auth**, disable passwords, rotate keys
- Add **network segmentation** and monitoring for **defense in depth**";https://hub.prowler.com/check/ec2_securitygroup_allow_ingress_from_internet_to_tcp_port_22;"```yaml
# CloudFormation: restrict SSH from the Internet
Resources:
  <example_resource_name>:
    Type: AWS::EC2::SecurityGroup
    Properties:
      GroupDescription: Restrict SSH
      VpcId: <example_resource_id>
      SecurityGroupIngress:
        - IpProtocol: tcp
          FromPort: 22
          ToPort: 22
          CidrIp: 10.0.0.0/8  # Critical: allows SSH only from a private range, not 0.0.0.0/0
```";"```hcl
# Terraform: restrict SSH from the Internet
resource ""aws_security_group"" ""<example_resource_name>"" {
  vpc_id = ""<example_resource_id>""

  ingress {
    from_port   = 22
    to_port     = 22
    protocol    = ""tcp""
    cidr_blocks = [""10.0.0.0/8""]  # Critical: do not use 0.0.0.0/0 or ::/0
  }
}
```";aws ec2 revoke-security-group-ingress --group-id <SECURITY_GROUP_ID> --protocol tcp --port 22 --cidr 0.0.0.0/0;"1. In the AWS Console, go to EC2 > Security Groups
2. Select the affected security group
3. Open the Inbound rules tab
4. Delete any rule for port 22 (SSH) with source 0.0.0.0/0 or ::/0
5. Click Save rules";CIS-4.0.1: 5.3, 5.4 | CIS-1.4: 5.2 | CIS-3.0: 5.2, 5.3 | NIST-800-53-Revision-4: ac_4, sc_7_3, sc_7 | SOC2: cc_6_6, cc_7_2 | CIS-5.0: 5.3, 5.4 | AWS-Audit-Manager-Control-Tower-Guardrails: 2.0.2 | KISA-ISMS-P-2023-korean: 2.6.1, 2.6.2, 2.6.6, 2.10.2 | AWS-Foundational-Security-Best-Practices: EC2.13 | GxP-21-CFR-Part-11: 11.10-d, 11.10-g | ISO27001-2022: A.8.20, A.8.21, A.8.22 | PCI-4.0: 1.2.8.17, 1.3.1.19, 1.3.2.19, 1.4.2.18, 1.5.1.17, A1.1.3.17 | MITRE-ATTACK: T1199, T1048, T1499, T1498, T1046 | CIS-7.0: 6.3, 6.4 | C5-2025: PI-01.01AC | SecNumCloud-3.2: 13.2 | ISO27001-2013: A.12.6.C, A.13.1.C | NIST-CSF-2.0: ac_3 | FedRamp-Moderate-Revision-4: ac-4, ac-17-1, cm-2, sc-4, sc-7-3, sc-7 | FFIEC: d3-pc-am-b-10, d3-pc-im-b-1, d3-pc-im-b-2, d3-pc-im-b-6, d4-c-co-b-2 | NIST-CSF-1.1: ae_1, ac_3, ac_5, ds_7, pt_4 | CISA: your-systems-3, your-data-2 | AWS-Foundational-Technical-Review: NETSEC-001 | CIS-2.0: 5.2, 5.3 | PCI-3.2.1: 1.2, 1.2.1, 1.2.1.a, 1.2.1.b, 1.2.1.c, 1.3, 1.3.1, 2.2, 2.2.2 | CIS-1.5: 5.2, 5.3 | HIPAA: 164_308_a_1_ii_b, 164_312_e_1 | FedRAMP-Low-Revision-4: ac-17, cm-2, sc-7 | KISA-ISMS-P-2023: 2.6.1, 2.6.2, 2.6.6, 2.10.2 | RBI-Cyber-Security-Framework: annex_i_5_1, annex_i_7_3 | AWS-Well-Architected-Framework-Security-Pillar: SEC05-BP03 | CIS-6.0: 6.3, 6.4 | ProwlerThreatScore-1.0: 2.1.4, 2.1.7 | NIST-800-53-Revision-5: ac_17_b, ac_17_1, ac_17_9, ac_17_10, cm_9_b, sc_7_7, sc_7_11, sc_7_12, sc_7_16, sc_7_21, sc_7_24_b, sc_7_25, sc_7_26, sc_7_27, sc_7_28, sc_7_a, sc_7_c | CCC-v2025.10: CCC.Core.CN01.AR02 | NIST-800-171-Revision-2: 3_1_1, 3_1_2, 3_1_3, 3_1_14, 3_1_20, 3_4_7, 3_13_1, 3_13_2, 3_13_5, 3_13_6;internet-exposed;;;;5.41.0;https://docs.aws.amazon.com/vpc/latest/userguide/VPC_SecurityGroups.html | https://www.trendmicro.com/trendaivisiononecloudriskmanagement/knowledge-base/aws/EC2/unrestricted-ssh-access.html;;
profile: None;2026-09-05 17:57:02.969483;227842501528;;;;;;prowler-aws-ec2_securitygroup_allow_ingress_from_internet_to_tcp_port_3389-227842501528-eu-north-1-sg-0af8a22d4ab57b610;aws;ec2_securitygroup_allow_ingress_from_internet_to_tcp_port_3389;Security group does not allow ingress from the Internet to TCP port 3389 (RDP);Software and Configuration Checks/AWS Security Best Practices/Network Reachability | Software and Configuration Checks/Industry and Regulatory Standards/AWS Foundational Security Best Practices | Software and Configuration Checks/Industry and Regulatory Standards/CIS AWS Foundations Benchmark | TTPs/Initial Access;PASS;Security group cloud-security-ec2-sg (sg-0af8a22d4ab57b610) does not have Microsoft RDP port 3389 open to the Internet.;False;ec2;;high;AwsEc2SecurityGroup;arn:aws:ec2:eu-north-1:227842501528:security-group/sg-0af8a22d4ab57b610;sg-0af8a22d4ab57b610;cloud-security-ec2-sg;Name=cloud-security-ec2-sg;aws;eu-north-1;**EC2 security groups** restrict **inbound RDP** on `TCP 3389` to trusted sources, avoiding Internet-wide (`0.0.0.0/0`, `::/0`) exposure.;"**Internet-exposed RDP** enables brute force and credential stuffing and increases the chance of **remote code execution** via RDP flaws.

Adversaries can gain interactive access, exfiltrate data (**confidentiality**), tamper with systems (**integrity**), and trigger ransomware or service disruption (**availability**).";;"Apply **least privilege**: disallow `0.0.0.0/0` and `::/0` to `3389`; permit only specific IPs or private networks.

Prefer **Session Manager**, VPN, or a hardened bastion with MFA and just-in-time access. Use private subnets and add **defense in depth** with network controls and monitoring.";https://hub.prowler.com/check/ec2_securitygroup_allow_ingress_from_internet_to_tcp_port_3389;"```yaml
# CloudFormation: restrict RDP (3389) from the Internet
Resources:
  <example_resource_name>:
    Type: AWS::EC2::SecurityGroup
    Properties:
      GroupDescription: Restrict RDP
      VpcId: vpc-<example_resource_id>
      SecurityGroupIngress:
        - IpProtocol: tcp
          FromPort: 3389
          ToPort: 3389
          CidrIp: 10.0.0.0/8  # FIX: not 0.0.0.0/0; limits RDP to internal range, closing Internet access
```";"```hcl
# Restrict RDP (3389) from the Internet
resource ""aws_security_group"" ""<example_resource_name>"" {
  vpc_id = ""<example_resource_id>""

  ingress {
    from_port   = 3389
    to_port     = 3389
    protocol    = ""tcp""
    cidr_blocks = [""10.0.0.0/8""] # FIX: not 0.0.0.0/0; restricts RDP to internal range
  }
}
```";aws ec2 revoke-security-group-ingress --group-id <SECURITY_GROUP_ID> --protocol tcp --port 3389 --cidr 0.0.0.0/0;"1. In AWS Console, go to EC2 > Security Groups
2. Select the security group attached to the instance
3. In the Inbound rules tab, click Edit inbound rules
4. Find any rule with Type RDP (TCP 3389) and Source 0.0.0.0/0 or ::/0
5. Delete the rule or change Source to a specific trusted CIDR (e.g., your office IP)
6. Click Save rules";CIS-4.0.1: 5.3, 5.4 | CIS-1.4: 5.2 | CIS-3.0: 5.2, 5.3 | SOC2: cc_6_6 | CIS-5.0: 5.3, 5.4 | AWS-Audit-Manager-Control-Tower-Guardrails: 2.0.1 | KISA-ISMS-P-2023-korean: 2.6.1, 2.6.2, 2.6.6, 2.10.2 | AWS-Foundational-Security-Best-Practices: EC2.14 | ISO27001-2022: A.8.20, A.8.21, A.8.22 | MITRE-ATTACK: T1199, T1048, T1499, T1498, T1046 | CIS-7.0: 6.3, 6.4 | C5-2025: PI-01.01AC | SecNumCloud-3.2: 13.2 | ISO27001-2013: A.12.6.B, A.13.1.B | NIST-CSF-2.0: ac_3, ac_5 | AWS-Foundational-Technical-Review: NETSEC-001 | CIS-2.0: 5.2, 5.3 | CIS-1.5: 5.2, 5.3 | KISA-ISMS-P-2023: 2.6.1, 2.6.2, 2.6.6, 2.10.2 | RBI-Cyber-Security-Framework: annex_i_1_3 | AWS-Well-Architected-Framework-Security-Pillar: SEC05-BP03 | CIS-6.0: 6.3, 6.4 | ProwlerThreatScore-1.0: 2.1.4, 2.1.7;internet-exposed;;;;5.41.0;https://docs.aws.amazon.com/vpc/latest/userguide/VPC_SecurityGroups.html | https://www.trendmicro.com/trendaivisiononecloudriskmanagement/knowledge-base/aws/EC2/unrestricted-rdp-access.html;;
profile: None;2026-09-05 17:57:02.969483;227842501528;;;;;;prowler-aws-ec2_securitygroup_allow_ingress_from_internet_to_tcp_port_cassandra_7199_9160_8888-227842501528-eu-north-1-sg-0af8a22d4ab57b610;aws;ec2_securitygroup_allow_ingress_from_internet_to_tcp_port_cassandra_7199_9160_8888;Security group does not allow ingress from 0.0.0.0/0 or ::/0 to Cassandra TCP ports 7199, 9160, or 8888;Software and Configuration Checks/AWS Security Best Practices/Network Reachability | Software and Configuration Checks/Industry and Regulatory Standards/AWS Foundational Security Best Practices | TTPs/Initial Access/Unauthorized Access | Effects/Data Exposure;PASS;Security group cloud-security-ec2-sg (sg-0af8a22d4ab57b610) does not have Casandra ports 7199, 8888 and 9160 open to the Internet.;False;ec2;;high;AwsEc2SecurityGroup;arn:aws:ec2:eu-north-1:227842501528:security-group/sg-0af8a22d4ab57b610;sg-0af8a22d4ab57b610;cloud-security-ec2-sg;Name=cloud-security-ec2-sg;aws;eu-north-1;"**EC2 security groups** are evaluated for inbound rules that allow the Internet (`0.0.0.0/0` or `::/0`) to reach **Cassandra ports** `7199`, `9160`, or `8888`.

Focuses on `tcp` rules that expose these ports to public sources.";"Exposed **Cassandra interfaces** (`7199` JMX, `9160` Thrift, `8888` tools) enable:
- Unauthorized reads of data/metrics (confidentiality)
- Schema and cluster changes (integrity)
- Remote operations causing outages (availability)

Public reachability also increases brute-force and exploit attempts.";;"Restrict **ingress** on `7199`, `9160`, `8888` to trusted sources:
- Enforce **least privilege** allow-lists; avoid `0.0.0.0/0` and `::/0`
- Place nodes in private subnets; use VPN or a bastion for admin
- Prefer strong auth and *mTLS*; bind management to internal interfaces
- Apply **defense in depth** with segmentation (north-south and east-west)";https://hub.prowler.com/check/ec2_securitygroup_allow_ingress_from_internet_to_tcp_port_cassandra_7199_9160_8888;"```yaml
# CloudFormation: restrict Cassandra ports from Internet
Resources:
  <example_resource_name>:
    Type: AWS::EC2::SecurityGroup
    Properties:
      GroupDescription: Restrict Cassandra ports
      VpcId: <example_resource_id>
      SecurityGroupIngress:
        - IpProtocol: tcp
          FromPort: 7199
          ToPort: 7199
          CidrIp: 10.0.0.0/16  # Critical: not 0.0.0.0/0; restricts IPv4 source
        - IpProtocol: tcp
          FromPort: 9160
          ToPort: 9160
          CidrIp: 10.0.0.0/16  # Critical: not 0.0.0.0/0; restricts IPv4 source
        - IpProtocol: tcp
          FromPort: 8888
          ToPort: 8888
          CidrIp: 10.0.0.0/16  # Critical: not 0.0.0.0/0; restricts IPv4 source
```";"```hcl
# Restrict Cassandra ports from Internet
resource ""aws_security_group"" ""example"" {
  name   = ""<example_resource_name>""
  vpc_id = ""<example_resource_id>""

  ingress {
    from_port   = 7199
    to_port     = 7199
    protocol    = ""tcp""
    cidr_blocks = [""10.0.0.0/16""]  # Critical: not 0.0.0.0/0; restricts IPv4 source
  }
  ingress {
    from_port   = 9160
    to_port     = 9160
    protocol    = ""tcp""
    cidr_blocks = [""10.0.0.0/16""]  # Critical: not 0.0.0.0/0; restricts IPv4 source
  }
  ingress {
    from_port   = 8888
    to_port     = 8888
    protocol    = ""tcp""
    cidr_blocks = [""10.0.0.0/16""]  # Critical: not 0.0.0.0/0; restricts IPv4 source
  }
}
```";aws ec2 revoke-security-group-ingress --group-id <SECURITY_GROUP_ID> --ip-permissions IpProtocol=tcp,FromPort=7199,ToPort=7199,IpRanges='[{CidrIp=0.0.0.0/0}]',Ipv6Ranges='[{CidrIpv6=::/0}]' IpProtocol=tcp,FromPort=9160,ToPort=9160,IpRanges='[{CidrIp=0.0.0.0/0}]',Ipv6Ranges='[{CidrIpv6=::/0}]' IpProtocol=tcp,FromPort=8888,ToPort=8888,IpRanges='[{CidrIp=0.0.0.0/0}]',Ipv6Ranges='[{CidrIpv6=::/0}]';"1. In AWS Console, go to EC2 > Security Groups
2. Select the security group attached to the instance
3. In Inbound rules, delete any rule allowing TCP 7199, 9160, or 8888 from 0.0.0.0/0 or ::/0
4. If needed, add new rules for these ports limited to specific trusted CIDR(s)
5. Save rules";SOC2: cc_6_6 | KISA-ISMS-P-2023-korean: 2.6.1, 2.6.4, 2.10.2 | ISO27001-2022: A.8.20, A.8.21, A.8.22 | MITRE-ATTACK: T1199, T1048, T1499, T1498, T1046 | C5-2025: PI-01.01AC | AWS-Foundational-Technical-Review: NETSEC-001 | KISA-ISMS-P-2023: 2.6.1, 2.6.4, 2.10.2 | AWS-Well-Architected-Framework-Security-Pillar: SEC05-BP03 | ProwlerThreatScore-1.0: 2.1.7;internet-exposed;;;;5.41.0;https://docs.aws.amazon.com/vpc/latest/userguide/VPC_SecurityGroups.html | https://support.icompaas.com/support/solutions/articles/62000127020-ensure-security-groups-do-not-allow-unrestricted-ingress-access-to-cassandra-ports-7199-or-9160-or-88;;
profile: None;2026-09-05 17:57:02.969483;227842501528;;;;;;prowler-aws-ec2_securitygroup_allow_ingress_from_internet_to_tcp_port_elasticsearch_kibana_9200_9300_5601-227842501528-eu-north-1-sg-0af8a22d4ab57b610;aws;ec2_securitygroup_allow_ingress_from_internet_to_tcp_port_elasticsearch_kibana_9200_9300_5601;Security group does not allow ingress from 0.0.0.0/0 or ::/0 to Elasticsearch/Kibana TCP ports 9200, 9300, and 5601;Software and Configuration Checks/AWS Security Best Practices/Network Reachability | Software and Configuration Checks/Industry and Regulatory Standards/AWS Foundational Security Best Practices | TTPs/Initial Access;PASS;Security group cloud-security-ec2-sg (sg-0af8a22d4ab57b610) does not have Elasticsearch/Kibana ports 9200, 9300 and 5601 open to the Internet.;False;ec2;;high;AwsEc2SecurityGroup;arn:aws:ec2:eu-north-1:227842501528:security-group/sg-0af8a22d4ab57b610;sg-0af8a22d4ab57b610;cloud-security-ec2-sg;Name=cloud-security-ec2-sg;aws;eu-north-1;**EC2 security groups** restrict public ingress to Elasticsearch/Kibana ports `9200`, `9300`, and `5601`, denying sources `0.0.0.0/0` and `::/0`;"Open Elasticsearch/Kibana ports to the Internet erode CIA:
- Confidentiality: unauthorized queries and data exfiltration
- Integrity: index tampering/deletion, cluster control via `9300`
- Availability: API abuse, exploit-based outages, and Kibana `5601` brute-force";;"Limit ingress to `9200`, `9300`, and `5601` to trusted CIDRs or private connectivity; never allow `0.0.0.0/0` or `::/0`. Prefer **private access** via VPN, bastion, or private endpoints. Apply **least privilege**, network segmentation, and **defense in depth** (NACLs/WAF). Require strong auth and TLS on Elasticsearch/Kibana.";https://hub.prowler.com/check/ec2_securitygroup_allow_ingress_from_internet_to_tcp_port_elasticsearch_kibana_9200_9300_5601;"```yaml
# CloudFormation: restrict Elasticsearch/Kibana ports from Internet
Resources:
  <example_resource_name>:
    Type: AWS::EC2::SecurityGroup
    Properties:
      GroupDescription: Block Internet access to 9200, 9300, 5601
      VpcId: vpc-<example_resource_id>
      SecurityGroupIngress:
        - IpProtocol: tcp
          FromPort: 9200
          ToPort: 9200
          CidrIp: 10.0.0.0/8  # CRITICAL: not 0.0.0.0/0 or ::/0; restricts 9200 to trusted CIDR
        - IpProtocol: tcp
          FromPort: 9300
          ToPort: 9300
          CidrIp: 10.0.0.0/8  # CRITICAL: restricts 9300 from Internet
        - IpProtocol: tcp
          FromPort: 5601
          ToPort: 5601
          CidrIp: 10.0.0.0/8  # CRITICAL: restricts 5601 (Kibana) from Internet
```";"```hcl
resource ""aws_security_group"" ""<example_resource_name>"" {
  name   = ""<example_resource_name>""
  vpc_id = ""<example_resource_id>""

  # CRITICAL: Do not use 0.0.0.0/0 or ::/0; restrict these ports to trusted CIDRs
  ingress {
    from_port   = 9200
    to_port     = 9200
    protocol    = ""tcp""
    cidr_blocks = [""10.0.0.0/8""]  # CRITICAL: restricts 9200 from Internet
  }
  ingress {
    from_port   = 9300
    to_port     = 9300
    protocol    = ""tcp""
    cidr_blocks = [""10.0.0.0/8""]  # CRITICAL: restricts 9300 from Internet
  }
  ingress {
    from_port   = 5601
    to_port     = 5601
    protocol    = ""tcp""
    cidr_blocks = [""10.0.0.0/8""]  # CRITICAL: restricts 5601 (Kibana) from Internet
  }
}
```";"aws ec2 revoke-security-group-ingress --group-id <SECURITY_GROUP_ID> --ip-permissions '[{""IpProtocol"":""tcp"",""FromPort"":9200,""ToPort"":9200,""IpRanges"":[{""CidrIp"":""0.0.0.0/0""}],""Ipv6Ranges"":[{""CidrIpv6"":""::/0""}]},{""IpProtocol"":""tcp"",""FromPort"":9300,""ToPort"":9300,""IpRanges"":[{""CidrIp"":""0.0.0.0/0""}],""Ipv6Ranges"":[{""CidrIpv6"":""::/0""}]},{""IpProtocol"":""tcp"",""FromPort"":5601,""ToPort"":5601,""IpRanges"":[{""CidrIp"":""0.0.0.0/0""}],""Ipv6Ranges"":[{""CidrIpv6"":""::/0""}]}]'";"1. Open the AWS Console and go to VPC > Security Groups
2. Select the affected security group
3. Choose Inbound rules > Edit inbound rules
4. For ports 9200, 9300, and 5601, remove any rule with Source 0.0.0.0/0 or ::/0
5. If access is required, add rules for only trusted CIDR(s) instead
6. Save rules";SOC2: cc_6_6 | KISA-ISMS-P-2023-korean: 2.6.1, 2.6.2, 2.10.2 | ISO27001-2022: A.8.20, A.8.21, A.8.22 | MITRE-ATTACK: T1199, T1048, T1499, T1498, T1046 | C5-2025: PI-01.01AC | NIST-CSF-2.0: ac_5 | AWS-Foundational-Technical-Review: NETSEC-001 | KISA-ISMS-P-2023: 2.6.1, 2.6.2, 2.10.2 | AWS-Well-Architected-Framework-Security-Pillar: SEC05-BP03 | ProwlerThreatScore-1.0: 2.1.7;internet-exposed;;;;5.41.0;https://docs.aws.amazon.com/vpc/latest/userguide/VPC_SecurityGroups.html | https://support.icompaas.com/support/solutions/articles/62000233821-ensure-no-ec2-instances-allow-ingress-from-the-internet-to-elasticsearch-and-kibana-ports-tcp-9200-;;
profile: None;2026-09-05 17:57:02.969483;227842501528;;;;;;prowler-aws-ec2_securitygroup_allow_ingress_from_internet_to_tcp_port_ftp_20_21-227842501528-eu-north-1-sg-0af8a22d4ab57b610;aws;ec2_securitygroup_allow_ingress_from_internet_to_tcp_port_ftp_20_21;Security group does not allow ingress from 0.0.0.0/0 or ::/0 to FTP ports 20 or 21;Software and Configuration Checks/AWS Security Best Practices/Network Reachability | TTPs/Initial Access;PASS;Security group cloud-security-ec2-sg (sg-0af8a22d4ab57b610) does not have FTP ports 20 and 21 open to the Internet.;False;ec2;;high;AwsEc2SecurityGroup;arn:aws:ec2:eu-north-1:227842501528:security-group/sg-0af8a22d4ab57b610;sg-0af8a22d4ab57b610;cloud-security-ec2-sg;Name=cloud-security-ec2-sg;aws;eu-north-1;EC2 security groups are evaluated for Internet-exposed **FTP**: any inbound rule allowing `tcp` ports `20` or `21` from `0.0.0.0/0` or `::/0`.;"Exposed FTP weakens CIA:
- Confidentiality: cleartext credentials/files enable interception and brute force.
- Integrity: unauthorized uploads or tampering enable malware staging.
- Availability: mass scans and login attempts can exhaust resources and disrupt services.";;"Apply **least privilege** and **defense in depth**:
- Remove `0.0.0.0/0` and `::/0` to `20`/`21`; allow only trusted IPs or private access (VPN/peering).
- Prefer **SFTP/FTPS** or HTTPS; disable anonymous FTP.
- Segment transfer hosts, monitor access, and enforce rate limits and strong authentication.";https://hub.prowler.com/check/ec2_securitygroup_allow_ingress_from_internet_to_tcp_port_ftp_20_21;"```yaml
# CloudFormation: restrict FTP (20,21) from Internet
Resources:
  <example_resource_name>:
    Type: AWS::EC2::SecurityGroup
    Properties:
      GroupDescription: Restrict FTP from Internet
      VpcId: <example_resource_id>
      SecurityGroupIngress:
        - IpProtocol: tcp
          FromPort: 20
          ToPort: 20
          CidrIp: 10.0.0.0/8  # Critical: not 0.0.0.0/0; limits IPv4 to a private range
        - IpProtocol: tcp
          FromPort: 21
          ToPort: 21
          CidrIp: 10.0.0.0/8  # Critical: not 0.0.0.0/0; limits IPv4 to a private range
```";"```hcl
# Terraform: restrict FTP (20,21) from Internet
resource ""aws_security_group"" ""<example_resource_name>"" {
  name   = ""<example_resource_name>""
  vpc_id = ""<example_resource_id>""

  ingress {
    from_port   = 20
    to_port     = 20
    protocol    = ""tcp""
    cidr_blocks = [""10.0.0.0/8""] # Critical: not 0.0.0.0/0; restricts IPv4
  }

  ingress {
    from_port   = 21
    to_port     = 21
    protocol    = ""tcp""
    cidr_blocks = [""10.0.0.0/8""] # Critical: not 0.0.0.0/0; restricts IPv4
  }
}
```";"aws ec2 revoke-security-group-ingress --group-id <SECURITY_GROUP_ID> --ip-permissions '[{""IpProtocol"":""tcp"",""FromPort"":20,""ToPort"":20,""IpRanges"":[{""CidrIp"":""0.0.0.0/0""}],""Ipv6Ranges"":[{""CidrIpv6"":""::/0""}]},{""IpProtocol"":""tcp"",""FromPort"":21,""ToPort"":21,""IpRanges"":[{""CidrIp"":""0.0.0.0/0""}],""Ipv6Ranges"":[{""CidrIpv6"":""::/0""}]}]'";"1. Open the AWS Console and go to EC2 > Security Groups
2. Select the security group attached to the affected resource
3. In Inbound rules, find any rules for TCP ports 20 or 21 with Source 0.0.0.0/0 or ::/0
4. Delete those rules (or edit them to a specific trusted CIDR only)
5. Save rules";SOC2: cc_6_6 | KISA-ISMS-P-2023-korean: 2.6.1, 2.6.2, 2.6.6, 2.10.2 | ISO27001-2022: A.8.20, A.8.21, A.8.22 | MITRE-ATTACK: T1199, T1048, T1499, T1498, T1046 | C5-2025: PI-01.01AC | AWS-Foundational-Technical-Review: NETSEC-001 | KISA-ISMS-P-2023: 2.6.1, 2.6.2, 2.6.6, 2.10.2 | RBI-Cyber-Security-Framework: annex_i_1_3 | AWS-Well-Architected-Framework-Security-Pillar: SEC05-BP03 | ProwlerThreatScore-1.0: 2.1.7 | CCC-v2025.10: CCC.Core.CN01.AR03;internet-exposed;;;;5.41.0;https://docs.aws.amazon.com/vpc/latest/userguide/VPC_SecurityGroups.html | https://www.trendmicro.com/trendaivisiononecloudriskmanagement/knowledge-base/aws/EC2/unrestricted-ftp-access.html;;
profile: None;2026-09-05 17:57:02.969483;227842501528;;;;;;prowler-aws-ec2_securitygroup_allow_ingress_from_internet_to_tcp_port_kafka_9092-227842501528-eu-north-1-sg-0af8a22d4ab57b610;aws;ec2_securitygroup_allow_ingress_from_internet_to_tcp_port_kafka_9092;Security group does not allow ingress from 0.0.0.0/0 or ::/0 to TCP port 9092 (Kafka);Software and Configuration Checks/AWS Security Best Practices/Network Reachability | Software and Configuration Checks/Industry and Regulatory Standards/AWS Foundational Security Best Practices | TTPs/Initial Access/Unauthorized Access | Effects/Data Exposure;PASS;Security group cloud-security-ec2-sg (sg-0af8a22d4ab57b610) does not have Kafka port 9092 open to the Internet.;False;ec2;;high;AwsEc2SecurityGroup;arn:aws:ec2:eu-north-1:227842501528:security-group/sg-0af8a22d4ab57b610;sg-0af8a22d4ab57b610;cloud-security-ec2-sg;Name=cloud-security-ec2-sg;aws;eu-north-1;**EC2 security groups** are evaluated for ingress rules that expose **Kafka** on `TCP 9092` to the Internet via `0.0.0.0/0` or `::/0`;Public Kafka `9092` access allows arbitrary clients to connect, enabling topic enumeration, data exfiltration, and producer/consumer impersonation (**C/I**). Brokers can be flooded or exploited, disrupting clusters (**A**). Exposure gives attackers a foothold for lateral movement inside the VPC.;;"Apply **least privilege**: restrict `9092` to required subnets or IPs; avoid `0.0.0.0/0` and `::/0`. Place brokers on private networks and use peering or VPN for access. Enforce **mutual TLS/SASL** and topic ACLs, and add **defense in depth** with segmentation and NACLs.";https://hub.prowler.com/check/ec2_securitygroup_allow_ingress_from_internet_to_tcp_port_kafka_9092;"```yaml
# CloudFormation: restrict Kafka (9092) from Internet
Resources:
  <example_resource_name>:
    Type: AWS::EC2::SecurityGroup
    Properties:
      GroupDescription: Restrict Kafka 9092
      VpcId: <example_resource_id>
      SecurityGroupIngress:
        - IpProtocol: tcp
          FromPort: 9092
          ToPort: 9092
          CidrIp: 10.0.0.0/8  # Critical: not 0.0.0.0/0; restricts access to private range to avoid Internet exposure
```";"```hcl
# Restrict Kafka (9092) from Internet
resource ""aws_security_group"" ""<example_resource_name>"" {
  name   = ""<example_resource_name>""
  vpc_id = ""<example_resource_id>""

  ingress {
    from_port   = 9092
    to_port     = 9092
    protocol    = ""tcp""
    cidr_blocks = [""10.0.0.0/8""] # Critical: not 0.0.0.0/0; restricts access to avoid Internet exposure
  }
}
```";"aws ec2 revoke-security-group-ingress --group-id <SECURITY_GROUP_ID> --ip-permissions '[{""IpProtocol"":""tcp"",""FromPort"":9092,""ToPort"":9092,""IpRanges"":[{""CidrIp"":""0.0.0.0/0""}],""Ipv6Ranges"":[{""CidrIpv6"":""::/0""}]}]'";"1. In AWS Console, go to EC2 > Security Groups
2. Select the group attached to the resource
3. Inbound rules > Edit inbound rules
4. Find any rule for TCP port 9092 with Source 0.0.0.0/0 or ::/0
5. Delete the rule or change Source to a specific trusted CIDR or security group
6. Save rules";SOC2: cc_6_6 | KISA-ISMS-P-2023-korean: 2.6.1, 2.6.2, 2.10.2 | ISO27001-2022: A.8.20, A.8.21, A.8.22 | MITRE-ATTACK: T1199, T1048, T1499, T1498, T1046 | C5-2025: PI-01.01AC | AWS-Foundational-Technical-Review: NETSEC-001 | KISA-ISMS-P-2023: 2.6.1, 2.6.2, 2.10.2 | AWS-Well-Architected-Framework-Security-Pillar: SEC05-BP03 | ProwlerThreatScore-1.0: 2.1.7;internet-exposed;;;;5.41.0;https://docs.aws.amazon.com/vpc/latest/userguide/VPC_SecurityGroups.html | https://support.icompaas.com/support/solutions/articles/62000233725-ensure-no-security-groups-allow-ingress-from-0-0-0-0-0-or-0-to-kafka-port-9092-;;
profile: None;2026-09-05 17:57:02.969483;227842501528;;;;;;prowler-aws-ec2_securitygroup_allow_ingress_from_internet_to_tcp_port_memcached_11211-227842501528-eu-north-1-sg-0af8a22d4ab57b610;aws;ec2_securitygroup_allow_ingress_from_internet_to_tcp_port_memcached_11211;Security group does not allow ingress from 0.0.0.0/0 or ::/0 to Memcached TCP port 11211;Software and Configuration Checks/AWS Security Best Practices/Network Reachability | Software and Configuration Checks/Industry and Regulatory Standards/AWS Foundational Security Best Practices | TTPs/Initial Access | Effects/Data Exposure;PASS;Security group cloud-security-ec2-sg (sg-0af8a22d4ab57b610) does not have Memcached port 11211 open to the Internet.;False;ec2;;high;AwsEc2SecurityGroup;arn:aws:ec2:eu-north-1:227842501528:security-group/sg-0af8a22d4ab57b610;sg-0af8a22d4ab57b610;cloud-security-ec2-sg;Name=cloud-security-ec2-sg;aws;eu-north-1;**EC2 security groups** are evaluated for inbound rules that permit Internet-sourced access to `TCP 11211` (Memcached) from `0.0.0.0/0` or `::/0`.;"Exposed **Memcached** enables unauthenticated access, impacting CIA:
- **Confidentiality**: read cached data (sessions, secrets)
- **Integrity**: modify or poison entries
- **Availability**: flush or overload cache, degrading apps

Open `11211` is widely scanned, enabling unauthorized access and lateral movement.";;"Apply **least privilege** and **segmentation**:
- Restrict `TCP 11211` to trusted CIDRs or security groups
- Keep Memcached on private subnets; avoid public IPs
- Add **defense in depth** with NACLs/firewalls; disable unused protocols
- Use private connectivity (VPN/peering) and monitor access";https://hub.prowler.com/check/ec2_securitygroup_allow_ingress_from_internet_to_tcp_port_memcached_11211;"```yaml
# CloudFormation: restrict Memcached (11211) from Internet
Resources:
  <example_resource_name>:
    Type: AWS::EC2::SecurityGroup
    Properties:
      GroupDescription: Restrict Memcached access
      VpcId: <example_resource_id>
      SecurityGroupIngress:
        - IpProtocol: tcp
          FromPort: 11211
          ToPort: 11211
          CidrIp: 10.0.0.0/8  # FIX: Not 0.0.0.0/0; limits access so 11211 isn't open to the Internet
```";"```hcl
# Restrict Memcached (11211) from Internet
resource ""aws_security_group"" ""<example_resource_name>"" {
  vpc_id = ""<example_resource_id>""

  ingress {
    from_port   = 11211
    to_port     = 11211
    protocol    = ""tcp""
    cidr_blocks = [""10.0.0.0/8""] # FIX: avoid 0.0.0.0/0 to prevent Internet exposure
  }
}
```";;"1. In the AWS Console, go to EC2 > Security Groups
2. Select the affected security group and open the Inbound rules tab
3. Click Edit inbound rules
4. Delete any rule allowing TCP 11211 from 0.0.0.0/0 or ::/0, or change its Source to a specific trusted CIDR
5. Click Save rules";SOC2: cc_6_6 | KISA-ISMS-P-2023-korean: 2.6.1, 2.6.4, 2.10.2 | ISO27001-2022: A.8.20, A.8.21, A.8.22 | MITRE-ATTACK: T1199, T1048, T1499, T1498, T1046 | C5-2025: PI-01.01AC | AWS-Foundational-Technical-Review: NETSEC-001 | KISA-ISMS-P-2023: 2.6.1, 2.6.4, 2.10.2 | AWS-Well-Architected-Framework-Security-Pillar: SEC05-BP03 | ProwlerThreatScore-1.0: 2.1.7;internet-exposed;;;;5.41.0;https://docs.aws.amazon.com/vpc/latest/userguide/VPC_SecurityGroups.html | https://support.icompaas.com/support/solutions/articles/62000127021-ensure-security-groups-do-not-allow-unrestricted-ingress-access-to-memcached-port-11211;;
profile: None;2026-09-05 17:57:02.969483;227842501528;;;;;;prowler-aws-ec2_securitygroup_allow_ingress_from_internet_to_tcp_port_mongodb_27017_27018-227842501528-eu-north-1-sg-0af8a22d4ab57b610;aws;ec2_securitygroup_allow_ingress_from_internet_to_tcp_port_mongodb_27017_27018;Security group does not allow ingress from 0.0.0.0/0 or ::/0 to MongoDB TCP ports 27017 and 27018;Software and Configuration Checks/AWS Security Best Practices/Network Reachability | TTPs/Initial Access | Effects/Data Exposure;PASS;Security group cloud-security-ec2-sg (sg-0af8a22d4ab57b610) does not have MongoDB ports 27017 and 27018 open to the Internet.;False;ec2;;high;AwsEc2SecurityGroup;arn:aws:ec2:eu-north-1:227842501528:security-group/sg-0af8a22d4ab57b610;sg-0af8a22d4ab57b610;cloud-security-ec2-sg;Name=cloud-security-ec2-sg;aws;eu-north-1;"**EC2 security groups** are inspected for inbound rules that expose **MongoDB** on `TCP 27017-27018` to the Internet via `0.0.0.0/0` or `::/0`.

It identifies groups where these ports are reachable from any address.";"Public **MongoDB** ports invite unauthenticated probing, brute force, and misuse of weak configs. Attackers can read/alter data, drop collections, or deploy ransomware, compromising **confidentiality** and **integrity**.

Exposure also enables enumeration and lateral movement, threatening **availability**.";;"Apply **least privilege** to MongoDB access:
- Block `0.0.0.0/0` and `::/0`
- Allow only trusted IPs or private networks
- Prefer private connectivity and SG-to-SG references
- Enforce authentication and TLS
- Segment east-west traffic and monitor access for **defense in depth**";https://hub.prowler.com/check/ec2_securitygroup_allow_ingress_from_internet_to_tcp_port_mongodb_27017_27018;"```yaml
# CloudFormation: restrict MongoDB ports from Internet
Resources:
  <example_resource_name>:
    Type: AWS::EC2::SecurityGroup
    Properties:
      GroupDescription: Restrict MongoDB ports
      VpcId: <example_resource_id>
      SecurityGroupIngress:
        - IpProtocol: tcp
          FromPort: 27017
          ToPort: 27018
          CidrIp: 10.0.0.0/8  # FIX: not 0.0.0.0/0 or ::/0; limits access to internal range
```";"```hcl
# Restrict MongoDB ports from Internet
resource ""aws_security_group"" ""secure"" {
  name   = ""<example_resource_name>""
  vpc_id = ""<example_resource_id>""

  ingress {
    from_port   = 27017
    to_port     = 27018
    protocol    = ""tcp""
    cidr_blocks = [""10.0.0.0/8""] # FIX: not 0.0.0.0/0 or ::/0; restricts Internet access
  }
}
```";"aws ec2 revoke-security-group-ingress --group-id <SECURITY_GROUP_ID> --ip-permissions '[{""IpProtocol"":""tcp"",""FromPort"":27017,""ToPort"":27018,""IpRanges"":[{""CidrIp"":""0.0.0.0/0""}],""Ipv6Ranges"":[{""CidrIpv6"":""::/0""}]}]'";"1. In the AWS Console, go to EC2 > Security Groups
2. Select the security group attached to your resource
3. Open the Inbound rules tab and click Edit inbound rules
4. Find rules for TCP ports 27017 or 27018 with Source 0.0.0.0/0 or ::/0
5. Delete those rules or change Source to a specific trusted CIDR (e.g., 10.0.0.0/8)
6. Click Save rules";SOC2: cc_6_6 | KISA-ISMS-P-2023-korean: 2.6.1, 2.6.4, 2.10.2 | ISO27001-2022: A.8.20, A.8.21, A.8.22 | MITRE-ATTACK: T1199, T1048, T1499, T1498, T1046 | C5-2025: PI-01.01AC | NIST-CSF-2.0: ac_5 | AWS-Foundational-Technical-Review: NETSEC-001 | KISA-ISMS-P-2023: 2.6.1, 2.6.4, 2.10.2 | AWS-Well-Architected-Framework-Security-Pillar: SEC05-BP03 | ProwlerThreatScore-1.0: 2.1.7;internet-exposed;;;;5.41.0;https://docs.aws.amazon.com/vpc/latest/userguide/VPC_SecurityGroups.html | https://support.icompaas.com/support/solutions/articles/62000127019-ensure-security-groups-do-not-allow-unrestricted-ingress-access-to-mongodb-ports-27017-and-27018;;
profile: None;2026-09-05 17:57:02.969483;227842501528;;;;;;prowler-aws-ec2_securitygroup_allow_ingress_from_internet_to_tcp_port_mysql_3306-227842501528-eu-north-1-sg-0af8a22d4ab57b610;aws;ec2_securitygroup_allow_ingress_from_internet_to_tcp_port_mysql_3306;Security group does not allow ingress from 0.0.0.0/0 or ::/0 to MySQL port 3306;Software and Configuration Checks/AWS Security Best Practices/Network Reachability | Software and Configuration Checks/Industry and Regulatory Standards/AWS Foundational Security Best Practices | Software and Configuration Checks/Industry and Regulatory Standards/CIS AWS Foundations Benchmark | TTPs/Initial Access;PASS;Security group cloud-security-ec2-sg (sg-0af8a22d4ab57b610) does not have MySQL port 3306 open to the Internet.;False;ec2;;high;AwsEc2SecurityGroup;arn:aws:ec2:eu-north-1:227842501528:security-group/sg-0af8a22d4ab57b610;sg-0af8a22d4ab57b610;cloud-security-ec2-sg;Name=cloud-security-ec2-sg;aws;eu-north-1;"**EC2 security groups** are assessed for **inbound exposure** of **MySQL** on `TCP 3306` from `0.0.0.0/0` or `::/0`.

The finding reflects whether this port is reachable from any IPv4 or IPv6 address.";"**Public MySQL** access lets anyone reach the service, enabling credential brute force and vulnerability exploitation. This threatens:
- **Confidentiality**: data exfiltration
- **Integrity**: unauthorized writes or schema changes
- **Availability**: DoS from abuse or scans";;Apply **least privilege**: restrict `3306` to specific sources or peer security groups only. Keep databases in private subnets and use **VPN**, **bastion**, or application proxies for admin access. Enable **defense in depth** with TLS and strong auth. Never allow `0.0.0.0/0` or `::/0` ingress.;https://hub.prowler.com/check/ec2_securitygroup_allow_ingress_from_internet_to_tcp_port_mysql_3306;"```yaml
# CloudFormation: restrict MySQL (3306) from Internet
Resources:
  ExampleSecurityGroup:
    Type: AWS::EC2::SecurityGroup
    Properties:
      GroupDescription: Limit MySQL access
      VpcId: <example_resource_id>
      SecurityGroupIngress:
        - IpProtocol: tcp
          FromPort: 3306
          ToPort: 3306
          CidrIp: 10.0.0.0/8  # Critical: not 0.0.0.0/0 or ::/0; limits MySQL to internal range
```";"```hcl
# Restrict MySQL (3306) from Internet
resource ""aws_security_group"" ""example_resource_name"" {
  vpc_id = ""<example_resource_id>""

  ingress {
    from_port   = 3306
    to_port     = 3306
    protocol    = ""tcp""
    cidr_blocks = [""10.0.0.0/8""] # Critical: not 0.0.0.0/0 or ::/0; restricts MySQL access
  }
}
```";;"1. In AWS Console, go to EC2 > Security Groups
2. Select the security group in use by the instance
3. In Inbound rules, click Edit inbound rules
4. Remove any rule for TCP port 3306 with source 0.0.0.0/0 or ::/0
5. Add a rule for TCP 3306 only from a trusted source (e.g., specific IP/CIDR or a security group)
6. Click Save rules";SOC2: cc_6_6 | KISA-ISMS-P-2023-korean: 2.6.1, 2.6.4, 2.10.2 | ISO27001-2022: A.8.20, A.8.21, A.8.22 | MITRE-ATTACK: T1199, T1048, T1499, T1498, T1046 | C5-2025: PI-01.01AC | KISA-ISMS-P-2023: 2.6.1, 2.6.4, 2.10.2 | RBI-Cyber-Security-Framework: annex_i_1_3 | AWS-Well-Architected-Framework-Security-Pillar: SEC05-BP03 | ProwlerThreatScore-1.0: 2.1.7;internet-exposed;;;;5.41.0;https://docs.aws.amazon.com/vpc/latest/userguide/VPC_SecurityGroups.html | https://www.trendmicro.com/trendaivisiononecloudriskmanagement/knowledge-base/aws/EC2/unrestricted-mysql-access.html;;
profile: None;2026-09-05 17:57:02.969483;227842501528;;;;;;prowler-aws-ec2_securitygroup_allow_ingress_from_internet_to_tcp_port_oracle_1521_2483-227842501528-eu-north-1-sg-0af8a22d4ab57b610;aws;ec2_securitygroup_allow_ingress_from_internet_to_tcp_port_oracle_1521_2483;Security group does not allow ingress from 0.0.0.0/0 or ::/0 to Oracle TCP ports 1521 or 2483;Software and Configuration Checks/AWS Security Best Practices/Network Reachability | TTPs/Initial Access;PASS;Security group cloud-security-ec2-sg (sg-0af8a22d4ab57b610) does not have Oracle ports 1521 and 2483 open to the Internet.;False;ec2;;high;AwsEc2SecurityGroup;arn:aws:ec2:eu-north-1:227842501528:security-group/sg-0af8a22d4ab57b610;sg-0af8a22d4ab57b610;cloud-security-ec2-sg;Name=cloud-security-ec2-sg;aws;eu-north-1;"**EC2 security groups** are evaluated for inbound rules that permit public sources (`0.0.0.0/0` or `::/0`) to `TCP 1521` or `TCP 2483`-Oracle listener ports.

The focus is on rules that make these ports reachable from the Internet over IPv4 or IPv6.";"Public Oracle listener exposure enables attackers to:
- **Brute force** credentials and enumerate services
- Exploit **listener flaws** for remote access
- Run unauthorized queries causing **data exfiltration**
- Launch **DoS** on the listener

This jeopardizes database confidentiality, integrity, and availability.";;"Apply **least privilege** and **defense in depth**: disallow public ingress to `TCP 1521` and `TCP 2483`.

Restrict access to trusted CIDRs or peer security groups, keep databases on private networks, and require **VPN**, **bastion**, or **proxy** access. Enforce **TLS** and segment east-west and north-south traffic.";https://hub.prowler.com/check/ec2_securitygroup_allow_ingress_from_internet_to_tcp_port_oracle_1521_2483;"```yaml
# CloudFormation: restrict Oracle ports 1521 and 2483 from Internet
Resources:
  <example_resource_name>:
    Type: AWS::EC2::SecurityGroup
    Properties:
      GroupDescription: Restrict Oracle ports from Internet
      VpcId: <example_resource_id>
      SecurityGroupIngress:
        - IpProtocol: tcp
          FromPort: 1521
          ToPort: 1521
          CidrIp: 10.0.0.0/8  # Critical: do not use 0.0.0.0/0; restrict source to internal range to block Internet
        - IpProtocol: tcp
          FromPort: 2483
          ToPort: 2483
          CidrIp: 10.0.0.0/8  # Critical: restrict Oracle port 2483 from Internet
```";"```hcl
# Restrict Oracle ports 1521 and 2483 from Internet
resource ""aws_security_group"" ""<example_resource_name>"" {
  name   = ""<example_resource_name>""
  vpc_id = ""<example_resource_id>""

  ingress {
    from_port   = 1521
    to_port     = 1521
    protocol    = ""tcp""
    cidr_blocks = [""10.0.0.0/8""] # Critical: do not use 0.0.0.0/0; restrict to internal range
  }

  ingress {
    from_port   = 2483
    to_port     = 2483
    protocol    = ""tcp""
    cidr_blocks = [""10.0.0.0/8""] # Critical: restrict Oracle port 2483 from Internet
  }
}
```";;"1. In the AWS Console, go to EC2 > Security Groups
2. Select the security group attached to the resource
3. Open the Inbound rules tab and click Edit inbound rules
4. For rules on TCP ports 1521 or 2483 with Source 0.0.0.0/0 or ::/0, delete them or change Source to a specific trusted CIDR (e.g., your internal range)
5. Click Save rules";SOC2: cc_6_6 | KISA-ISMS-P-2023-korean: 2.6.1, 2.6.4, 2.10.2 | ISO27001-2022: A.8.20, A.8.21, A.8.22 | MITRE-ATTACK: T1199, T1048, T1499, T1498, T1046 | C5-2025: PI-01.01AC | NIST-CSF-2.0: ac_5 | AWS-Foundational-Technical-Review: NETSEC-001 | KISA-ISMS-P-2023: 2.6.1, 2.6.4, 2.10.2 | AWS-Well-Architected-Framework-Security-Pillar: SEC05-BP03 | ProwlerThreatScore-1.0: 2.1.7;internet-exposed;;;;5.41.0;https://docs.aws.amazon.com/vpc/latest/userguide/VPC_SecurityGroups.html | https://support.icompaas.com/support/solutions/articles/62000236318-ensure-no-security-groups-allow-ingress-from-0-0-0-0-0-or-0-to-oracle-ports-1521-or-2483-;;
profile: None;2026-09-05 17:57:02.969483;227842501528;;;;;;prowler-aws-ec2_securitygroup_allow_ingress_from_internet_to_tcp_port_postgres_5432-227842501528-eu-north-1-sg-0af8a22d4ab57b610;aws;ec2_securitygroup_allow_ingress_from_internet_to_tcp_port_postgres_5432;Security group does not allow ingress from 0.0.0.0/0 or ::/0 to Postgres TCP port 5432;Software and Configuration Checks/AWS Security Best Practices/Network Reachability | Software and Configuration Checks/Industry and Regulatory Standards/AWS Foundational Security Best Practices | Software and Configuration Checks/Industry and Regulatory Standards/CIS AWS Foundations Benchmark | TTPs/Initial Access | Effects/Data Exposure;PASS;Security group cloud-security-ec2-sg (sg-0af8a22d4ab57b610) does not have Postgres port 5432 open to the Internet.;False;ec2;;high;AwsEc2SecurityGroup;arn:aws:ec2:eu-north-1:227842501528:security-group/sg-0af8a22d4ab57b610;sg-0af8a22d4ab57b610;cloud-security-ec2-sg;Name=cloud-security-ec2-sg;aws;eu-north-1;**EC2 security groups** are evaluated for inbound rules that expose **Postgres** on `TCP 5432` to the Internet. Rules permitting `0.0.0.0/0` or `::/0` to this port, or policies that open all ports publicly, are identified.;Exposing `5432` to the Internet enables credential stuffing and Postgres exploits, risking data disclosure (**confidentiality**), unauthorized changes (**integrity**), and service disruption via brute force or DoS (**availability**).;;Apply **least privilege** on security groups: remove `0.0.0.0/0` and `::/0` for `5432`, allow only trusted CIDRs or private peers. Prefer **private access** (VPC-only) via VPN, bastion, or proxy. Add **defense in depth** with SG references and network ACLs, and enforce TLS and strong authentication.;https://hub.prowler.com/check/ec2_securitygroup_allow_ingress_from_internet_to_tcp_port_postgres_5432;"```yaml
# CloudFormation: restrict Postgres (5432) from the Internet
Resources:
  <example_resource_name>:
    Type: AWS::EC2::SecurityGroup
    Properties:
      GroupDescription: ""<example_resource_name>""
      VpcId: ""<example_resource_id>""
      SecurityGroupIngress:
        - IpProtocol: tcp
          FromPort: 5432
          ToPort: 5432
          CidrIp: 10.0.0.0/8  # Critical: not 0.0.0.0/0 or ::/0; limits access so 5432 is not open to the Internet
```";"```hcl
# Security group with Postgres (5432) not exposed to the Internet
resource ""aws_security_group"" ""<example_resource_name>"" {
  name   = ""<example_resource_name>""
  vpc_id = ""<example_resource_id>""

  ingress {
    from_port   = 5432
    to_port     = 5432
    protocol    = ""tcp""
    cidr_blocks = [""10.0.0.0/8""] # Critical: avoid 0.0.0.0/0 or ::/0 to prevent Internet exposure
  }
}
```";aws ec2 revoke-security-group-ingress --group-id <SECURITY_GROUP_ID> --protocol tcp --port 5432 --cidr 0.0.0.0/0;"1. In the AWS Console, go to VPC > Security Groups
2. Select the affected security group
3. Open the Inbound rules tab and click Edit inbound rules
4. Locate any rule for PostgreSQL (port 5432) with Source 0.0.0.0/0 or ::/0
5. Delete the rule or change Source to a specific CIDR or security group
6. Click Save rules";SOC2: cc_6_6 | KISA-ISMS-P-2023-korean: 2.6.1, 2.6.4, 2.10.2 | ISO27001-2022: A.8.20, A.8.21, A.8.22 | MITRE-ATTACK: T1199, T1048, T1499, T1498, T1046 | C5-2025: PI-01.01AC | NIST-CSF-2.0: ac_5 | AWS-Foundational-Technical-Review: NETSEC-001 | KISA-ISMS-P-2023: 2.6.1, 2.6.4, 2.10.2 | AWS-Well-Architected-Framework-Security-Pillar: SEC05-BP03 | ProwlerThreatScore-1.0: 2.1.7;internet-exposed;;;;5.41.0;https://docs.aws.amazon.com/vpc/latest/userguide/VPC_SecurityGroups.html | https://www.trendmicro.com/trendaivisiononecloudriskmanagement/knowledge-base/aws/EC2/unrestricted-postgresql-access.html;;
profile: None;2026-09-05 17:57:02.969483;227842501528;;;;;;prowler-aws-ec2_securitygroup_allow_ingress_from_internet_to_tcp_port_redis_6379-227842501528-eu-north-1-sg-0af8a22d4ab57b610;aws;ec2_securitygroup_allow_ingress_from_internet_to_tcp_port_redis_6379;Security group does not allow ingress from 0.0.0.0/0 or ::/0 to Redis TCP port 6379;Software and Configuration Checks/AWS Security Best Practices/Network Reachability | Software and Configuration Checks/Industry and Regulatory Standards/AWS Foundational Security Best Practices | Software and Configuration Checks/Industry and Regulatory Standards/CIS AWS Foundations Benchmark | TTPs/Initial Access | Effects/Data Exposure;PASS;Security group cloud-security-ec2-sg (sg-0af8a22d4ab57b610) does not have Redis port 6379 open to the Internet.;False;ec2;;high;AwsEc2SecurityGroup;arn:aws:ec2:eu-north-1:227842501528:security-group/sg-0af8a22d4ab57b610;sg-0af8a22d4ab57b610;cloud-security-ec2-sg;Name=cloud-security-ec2-sg;aws;eu-north-1;**EC2 security groups** permitting Internet sources (`0.0.0.0/0` or `::/0`) to `TCP 6379` are identified, indicating Redis is reachable from public networks;"Public Redis access undermines **confidentiality, integrity, and availability**:
- Read keys and secrets
- Modify or flush data and configs
- Exhaust memory for DoS
Attackers can brute-force `AUTH`, exploit replication or modules for code execution, and pivot within the VPC.";;"Restrict Redis to **private connectivity** and apply **least privilege**:
- Allow `6379` only from required app hosts, security groups, or CIDRs
- Prefer VPC/private networks or VPN over public IPs
- Enforce Redis `AUTH` and TLS, bind to private interfaces
- Use segmentation and monitoring for **defense in depth**";https://hub.prowler.com/check/ec2_securitygroup_allow_ingress_from_internet_to_tcp_port_redis_6379;"```yaml
# CloudFormation: restrict Redis (6379) from Internet
Resources:
  SecureSecurityGroup:
    Type: AWS::EC2::SecurityGroup
    Properties:
      GroupDescription: Restrict Redis access
      VpcId: <example_resource_id>
      SecurityGroupIngress:
        - IpProtocol: tcp
          FromPort: 6379
          ToPort: 6379
          CidrIp: 10.0.0.0/8  # Critical: do NOT use 0.0.0.0/0 or ::/0; restrict to trusted CIDR
```";"```hcl
# Security group with Redis limited to trusted sources
resource ""aws_security_group"" ""secure"" {
  vpc_id = ""<example_resource_id>""

  ingress {
    from_port   = 6379
    to_port     = 6379
    protocol    = ""tcp""
    cidr_blocks = [""10.0.0.0/8""] # Critical: do NOT use 0.0.0.0/0 or ::/0; restrict to trusted CIDR
  }
}
```";aws ec2 revoke-security-group-ingress --group-id <SECURITY_GROUP_ID> --protocol tcp --port 6379 --cidr 0.0.0.0/0;"1. In the AWS Console, go to EC2 > Security Groups
2. Select the affected security group
3. Open the Inbound rules tab and click Edit inbound rules
4. Find any rule allowing TCP port 6379 with Source 0.0.0.0/0 or ::/0
5. Delete that rule (or change Source to a trusted CIDR or security group)
6. Click Save rules";SOC2: cc_6_6 | KISA-ISMS-P-2023-korean: 2.6.1, 2.6.4, 2.10.2 | ISO27001-2022: A.8.20, A.8.21, A.8.22 | MITRE-ATTACK: T1199, T1048, T1499, T1498, T1046 | C5-2025: PI-01.01AC | AWS-Foundational-Technical-Review: NETSEC-001 | KISA-ISMS-P-2023: 2.6.1, 2.6.4, 2.10.2 | AWS-Well-Architected-Framework-Security-Pillar: SEC05-BP03 | ProwlerThreatScore-1.0: 2.1.7;internet-exposed;;;;5.41.0;https://docs.aws.amazon.com/vpc/latest/userguide/VPC_SecurityGroups.html | https://support.icompaas.com/support/solutions/articles/62000233806-ensure-no-ec2-instances-allow-ingress-from-the-internet-to-tcp-port-6379-redis-;;
profile: None;2026-09-05 17:57:02.969483;227842501528;;;;;;prowler-aws-ec2_securitygroup_allow_ingress_from_internet_to_tcp_port_sql_server_1433_1434-227842501528-eu-north-1-sg-0af8a22d4ab57b610;aws;ec2_securitygroup_allow_ingress_from_internet_to_tcp_port_sql_server_1433_1434;Security group does not allow ingress from 0.0.0.0/0 or ::/0 to Microsoft SQL Server ports 1433 and 1434;Software and Configuration Checks/AWS Security Best Practices/Network Reachability | Software and Configuration Checks/Industry and Regulatory Standards/AWS Foundational Security Best Practices | Software and Configuration Checks/Industry and Regulatory Standards/CIS AWS Foundations Benchmark | TTPs/Initial Access/Unauthorized Access | Effects/Data Exposure;PASS;Security group cloud-security-ec2-sg (sg-0af8a22d4ab57b610) does not have Microsoft SQL Server ports 1433 and 1434 open to the Internet.;False;ec2;;high;AwsEc2SecurityGroup;arn:aws:ec2:eu-north-1:227842501528:security-group/sg-0af8a22d4ab57b610;sg-0af8a22d4ab57b610;cloud-security-ec2-sg;Name=cloud-security-ec2-sg;aws;eu-north-1;**EC2 security groups** with inbound rules that allow Internet sources (`0.0.0.0/0`, `::/0`) to reach **Microsoft SQL Server** on `TCP 1433` or `TCP 1434`;**Internet-exposed SQL ports** enable credential brute force, service enumeration, and remote exploitation. Compromise can lead to unauthorized queries, data exfiltration or tampering, and outages via destructive commands, degrading **confidentiality**, **integrity**, and **availability**.;;"Apply **least privilege** on network access:
- Restrict SQL ingress to trusted IPs or via VPN/bastion
- Place databases in private subnets; allow only app-tier sources
- Avoid `0.0.0.0/0` and `::/0`
- Use **defense in depth** with network ACLs/firewalls
- Monitor auth failures and rate-limit repeated attempts";https://hub.prowler.com/check/ec2_securitygroup_allow_ingress_from_internet_to_tcp_port_sql_server_1433_1434;"```yaml
# CloudFormation: restrict SQL Server ports from Internet
Resources:
  <example_resource_name>:
    Type: AWS::EC2::SecurityGroup
    Properties:
      GroupDescription: Restrict SQL ports
      VpcId: <example_resource_id>
      SecurityGroupIngress:
        - IpProtocol: tcp
          FromPort: 1433
          ToPort: 1433
          CidrIp: 10.0.0.0/8  # CRITICAL: not 0.0.0.0/0; limits exposure to internal range
        - IpProtocol: tcp
          FromPort: 1434
          ToPort: 1434
          CidrIp: 10.0.0.0/8  # CRITICAL: not 0.0.0.0/0; blocks Internet access
```";"```hcl
# Restrict SQL Server ports from Internet
resource ""aws_security_group"" ""<example_resource_name>"" {
  name   = ""<example_resource_name>""
  vpc_id = ""<example_resource_id>""

  ingress {
    from_port   = 1433
    to_port     = 1433
    protocol    = ""tcp""
    cidr_blocks = [""10.0.0.0/8""]  # CRITICAL: not 0.0.0.0/0; restricts Internet access
  }

  ingress {
    from_port   = 1434
    to_port     = 1434
    protocol    = ""tcp""
    cidr_blocks = [""10.0.0.0/8""]  # CRITICAL: not 0.0.0.0/0; blocks Internet exposure
  }
}
```";"aws ec2 revoke-security-group-ingress --group-id <SECURITY_GROUP_ID> --ip-permissions '[{""IpProtocol"":""tcp"",""FromPort"":1433,""ToPort"":1433,""IpRanges"":[{""CidrIp"":""0.0.0.0/0""}],""Ipv6Ranges"":[{""CidrIpv6"":""::/0""}]},{""IpProtocol"":""tcp"",""FromPort"":1434,""ToPort"":1434,""IpRanges"":[{""CidrIp"":""0.0.0.0/0""}],""Ipv6Ranges"":[{""CidrIpv6"":""::/0""}]]'";"1. Open the AWS Console > EC2 > Security Groups
2. Select the target security group and open Inbound rules
3. Find rules allowing TCP 1433 or 1434 from 0.0.0.0/0 or ::/0
4. Delete those rules (or change Source to a specific CIDR or security group)
5. Click Save rules";SOC2: cc_6_6 | KISA-ISMS-P-2023-korean: 2.6.1, 2.6.4, 2.10.2 | ISO27001-2022: A.8.20, A.8.21, A.8.22 | MITRE-ATTACK: T1199, T1048, T1499, T1498, T1046 | C5-2025: PI-01.01AC | AWS-Foundational-Technical-Review: NETSEC-001 | KISA-ISMS-P-2023: 2.6.1, 2.6.4, 2.10.2 | AWS-Well-Architected-Framework-Security-Pillar: SEC05-BP03 | ProwlerThreatScore-1.0: 2.1.7;internet-exposed;;;;5.41.0;https://docs.aws.amazon.com/vpc/latest/userguide/VPC_SecurityGroups.html | https://support.icompaas.com/support/solutions/articles/62000223371-ensure-no-security-groups-allow-ingress-from-0-0-0-0-0-or-0-to-windows-sql-server-ports-1433-or-14;;
profile: None;2026-09-05 17:57:02.969483;227842501528;;;;;;prowler-aws-ec2_securitygroup_allow_ingress_from_internet_to_tcp_port_telnet_23-227842501528-eu-north-1-sg-0af8a22d4ab57b610;aws;ec2_securitygroup_allow_ingress_from_internet_to_tcp_port_telnet_23;Security group does not allow ingress from the Internet to TCP port 23 (Telnet);Software and Configuration Checks/AWS Security Best Practices/Network Reachability | Software and Configuration Checks/Industry and Regulatory Standards/AWS Foundational Security Best Practices | Software and Configuration Checks/Industry and Regulatory Standards/CIS AWS Foundations Benchmark | TTPs/Initial Access;PASS;Security group cloud-security-ec2-sg (sg-0af8a22d4ab57b610) does not have Telnet port 23 open to the Internet.;False;ec2;;high;AwsEc2SecurityGroup;arn:aws:ec2:eu-north-1:227842501528:security-group/sg-0af8a22d4ab57b610;sg-0af8a22d4ab57b610;cloud-security-ec2-sg;Name=cloud-security-ec2-sg;aws;eu-north-1;**EC2 security groups** are evaluated for rules that allow **inbound Telnet** on `TCP 23` from the Internet (`0.0.0.0/0` or `::/0`).;"Public **Telnet** exposes cleartext credentials and remote shell access.
- Brute-force and credential interception enable account takeover
- Command execution enables data theft and lateral movement

This threatens confidentiality and integrity and can degrade availability through misuse.";;Remove rules permitting Internet access to `TCP 23` from `0.0.0.0/0` or `::/0`. Disable **Telnet** on hosts. Prefer **SSH** or **SSM** and apply **least privilege** network rules. Restrict admin access to trusted IPs, VPN, or private endpoints, and use **defense in depth** with NACLs and logging.;https://hub.prowler.com/check/ec2_securitygroup_allow_ingress_from_internet_to_tcp_port_telnet_23;"```yaml
# CloudFormation: restrict Telnet (port 23) from Internet
Resources:
  <example_resource_name>:
    Type: AWS::EC2::SecurityGroup
    Properties:
      GroupDescription: Restrict Telnet
      VpcId: <example_resource_id>
      SecurityGroupIngress:
        - IpProtocol: tcp
          FromPort: 23
          ToPort: 23
          CidrIp: 10.0.0.0/8  # CRITICAL: Restricts Telnet (23) to internal range; removes Internet-wide (0.0.0.0/0) access
```";"```hcl
resource ""aws_security_group"" ""<example_resource_name>"" {
  vpc_id = ""<example_resource_id>""

  ingress {
    from_port   = 23
    to_port     = 23
    protocol    = ""tcp""
    cidr_blocks = [""10.0.0.0/8""] # CRITICAL: Restricts Telnet (23); do not use 0.0.0.0/0 or ::/0
  }
}
```";"aws ec2 revoke-security-group-ingress --group-id <SECURITY_GROUP_ID> --ip-permissions '[{""IpProtocol"":""tcp"",""FromPort"":23,""ToPort"":23,""IpRanges"":[{""CidrIp"":""0.0.0.0/0""}],""Ipv6Ranges"":[{""CidrIpv6"":""::/0""}]}]'";"1. In the AWS console, go to VPC > Security Groups
2. Select the affected security group and open Inbound rules
3. Click Edit inbound rules
4. Find any rule allowing TCP port 23 (Telnet) from 0.0.0.0/0 or ::/0
5. Delete the rule or change Source to a specific trusted CIDR
6. Save rules";SOC2: cc_6_6 | KISA-ISMS-P-2023-korean: 2.6.1, 2.6.2, 2.6.6, 2.10.2 | ISO27001-2022: A.8.20, A.8.21, A.8.22 | MITRE-ATTACK: T1199, T1048, T1499, T1498, T1046 | C5-2025: PI-01.01AC | AWS-Foundational-Technical-Review: NETSEC-001 | KISA-ISMS-P-2023: 2.6.1, 2.6.2, 2.6.6, 2.10.2 | AWS-Well-Architected-Framework-Security-Pillar: SEC05-BP03 | ProwlerThreatScore-1.0: 2.1.7 | CCC-v2025.10: CCC.Core.CN01.AR03;internet-exposed;;;;5.41.0;https://docs.aws.amazon.com/vpc/latest/userguide/VPC_SecurityGroups.html | https://support.icompaas.com/support/solutions/articles/62000233790-ensure-no-ec2-instances-allow-ingress-from-the-internet-to-tcp-port-23-telnet- | https://www.trendmicro.com/trendaivisiononecloudriskmanagement/knowledge-base/aws/EC2/unrestricted-telnet-access.html;;
profile: None;2026-09-05 17:57:02.969483;227842501528;;;;;;prowler-aws-ec2_securitygroup_allow_wide_open_public_ipv4-227842501528-eu-north-1-sg-0af8a22d4ab57b610;aws;ec2_securitygroup_allow_wide_open_public_ipv4;Security group has no ingress or egress rules with public IPv4 CIDR ranges from /1 to /23;Software and Configuration Checks/AWS Security Best Practices/Network Reachability | Software and Configuration Checks/Industry and Regulatory Standards/AWS Foundational Security Best Practices | Software and Configuration Checks/Industry and Regulatory Standards/CIS AWS Foundations Benchmark | TTPs/Initial Access/Unauthorized Access;PASS;Security group cloud-security-ec2-sg (sg-0af8a22d4ab57b610) has no potential wide-open non-RFC1918 address.;False;ec2;;high;AwsEc2SecurityGroup;arn:aws:ec2:eu-north-1:227842501528:security-group/sg-0af8a22d4ab57b610;sg-0af8a22d4ab57b610;cloud-security-ec2-sg;Name=cloud-security-ec2-sg;aws;eu-north-1;"**EC2 security groups** with rules that permit non-RFC1918 IPv4 ranges wider than `/24` are identified across both **ingress** and **egress**.

The focus is on public CIDRs (`/1`-`/23`) that broadly expose sources or destinations, not on private networks.";"Over-broad public CIDRs expand exposure and enable:
- **Confidentiality** loss via unauthorized access and exfiltration
- **Integrity** compromise by exploiting exposed services
- **Availability** impact from scanning and abuse

Open egress further allows **C2** beacons and bulk data exfiltration to untrusted IPs.";;"Apply **least privilege** on security groups:
- Allow only known IPs (prefer `/32` or tight CIDRs)
- Use **private connectivity** (VPN, Direct Connect, private endpoints)
- Restrict and log **egress**; deny by default
- Segment with security group references and **network ACLs** for **defense-in-depth**";https://hub.prowler.com/check/ec2_securitygroup_allow_wide_open_public_ipv4;"```yaml
# CloudFormation: ensure no public IPv4 CIDR wider than /24
Resources:
  ""<example_resource_name>"":
    Type: AWS::EC2::SecurityGroup
    Properties:
      GroupDescription: ""sg""
      VpcId: ""<example_resource_id>""
      SecurityGroupIngress:
        - IpProtocol: tcp
          FromPort: 443
          ToPort: 443
          CidrIp: 203.0.113.0/24  # Critical: /24 (or private RFC1918) avoids wide-open public /1-/23
```";"```hcl
# Terraform: ensure no public IPv4 CIDR wider than /24
resource ""aws_security_group"" ""<example_resource_name>"" {
  name   = ""<example_resource_name>""
  vpc_id = ""<example_resource_id>""

  ingress {
    from_port   = 443
    to_port     = 443
    protocol    = ""tcp""
    cidr_blocks = [""203.0.113.0/24""] # Critical: /24 (or private RFC1918) avoids wide-open public /1-/23
  }
}
```";;"1. In the AWS Console, go to VPC > Security Groups
2. Select the security group with the finding
3. Click Edit inbound rules (and Edit outbound rules if needed)
4. For any rule with a public IPv4 CIDR mask /1-/23, delete it or change the CIDR to a private RFC1918 range or to /24 or more specific (e.g., 203.0.113.0/24)
5. Save rules";SOC2: cc_6_6 | KISA-ISMS-P-2023-korean: 2.6.1, 2.10.2 | ISO27001-2022: A.8.1, A.8.20, A.8.21, A.8.22 | C5-2025: PS-03.02B | SecNumCloud-3.2: 12.14 | AWS-Foundational-Technical-Review: NETSEC-001 | KISA-ISMS-P-2023: 2.6.1, 2.10.2 | AWS-Well-Architected-Framework-Security-Pillar: SEC03-BP07;internet-exposed;;;;5.41.0;https://support.icompaas.com/support/solutions/articles/62000229600-ensure-vpc-security-groups-not-wide-open-public-ipv4-cidr-ranges-non-rfc1918- | https://docs.aws.amazon.com/vpc/latest/userguide/VPC_SecurityGroups.html;;
profile: None;2026-09-05 17:57:02.969483;227842501528;;;;;;prowler-aws-ec2_securitygroup_from_launch_wizard-227842501528-ap-northeast-1-sg-0d1f225214d288086;aws;ec2_securitygroup_from_launch_wizard;Security group not created using the EC2 Launch Wizard;Software and Configuration Checks/AWS Security Best Practices/Network Reachability;PASS;Security group default (sg-0d1f225214d288086) was not created using the EC2 Launch Wizard.;False;ec2;;medium;AwsEc2SecurityGroup;arn:aws:ec2:ap-northeast-1:227842501528:security-group/sg-0d1f225214d288086;sg-0d1f225214d288086;default;;aws;ap-northeast-1;**EC2 security groups** whose names include `launch-wizard` are identified as created by the **EC2 Launch Wizard**, distinguishing auto-generated groups from curated, baseline-controlled groups.;"Wizard-generated groups often include **overly permissive rules** (e.g., `0.0.0.0/0` to admin ports), expanding exposure. Attackers can run **port scans** and **brute-force** to gain entry, then **lateral movement** and **data exfiltration**, impacting **confidentiality** and **integrity**; broad egress aids command-and-control.";;Replace or harden these groups. Apply **least privilege**: restrict inbound to required sources, avoid public admin ports, and minimize egress. Use approved baseline security groups, enforce change control with IaC and guardrails, prefer private administration (bastion or Session Manager), and remove unused rules.;https://hub.prowler.com/check/ec2_securitygroup_from_launch_wizard;"```yaml
# CloudFormation: create a security group not named by Launch Wizard
Resources:
  <example_resource_name>:
    Type: AWS::EC2::SecurityGroup
    Properties:
      GroupDescription: SG not created by Launch Wizard
      VpcId: <example_resource_id>
      GroupName: <example_resource_name>  # Critical: name does NOT contain ""launch-wizard"" to avoid FAIL
```";"```hcl
# Create a security group not named by Launch Wizard
resource ""aws_security_group"" ""<example_resource_name>"" {
  name   = ""<example_resource_name>""  # Critical: name does NOT contain ""launch-wizard"" to avoid FAIL
  vpc_id = ""<example_resource_id>""
}
```";aws ec2 delete-security-group --group-id <SECURITY_GROUP_ID>;"1. In the AWS console, go to EC2 > Network & Security > Security Groups
2. In the search box, filter by Name contains ""launch-wizard""
3. For each matching group, open the References tab and remove it from any ENIs/instances by replacing it with a different security group
4. Select the launch-wizard security group and choose Actions > Delete security group > Delete
5. Verify no security groups remain with names containing ""launch-wizard""";KISA-ISMS-P-2023-korean: 2.10.2 | ISO27001-2022: A.8.20, A.8.21, A.8.22 | KISA-ISMS-P-2023: 2.10.2 | AWS-Well-Architected-Framework-Security-Pillar: SEC05-BP03 | ENS-RD2022: mp.com.1.aws.sg.1;;;;;5.41.0;https://www.trendmicro.com/trendaivisiononecloudriskmanagement/knowledge-base/aws/EC2/security-group-prefixed-with-launch-wizard.html | https://docs.aws.amazon.com/eks/latest/userguide/sec-group-reqs.html;;
profile: None;2026-09-05 17:57:02.969483;227842501528;;;;;;prowler-aws-ec2_securitygroup_from_launch_wizard-227842501528-ap-northeast-2-sg-06d6d24547869a6f2;aws;ec2_securitygroup_from_launch_wizard;Security group not created using the EC2 Launch Wizard;Software and Configuration Checks/AWS Security Best Practices/Network Reachability;PASS;Security group default (sg-06d6d24547869a6f2) was not created using the EC2 Launch Wizard.;False;ec2;;medium;AwsEc2SecurityGroup;arn:aws:ec2:ap-northeast-2:227842501528:security-group/sg-06d6d24547869a6f2;sg-06d6d24547869a6f2;default;;aws;ap-northeast-2;**EC2 security groups** whose names include `launch-wizard` are identified as created by the **EC2 Launch Wizard**, distinguishing auto-generated groups from curated, baseline-controlled groups.;"Wizard-generated groups often include **overly permissive rules** (e.g., `0.0.0.0/0` to admin ports), expanding exposure. Attackers can run **port scans** and **brute-force** to gain entry, then **lateral movement** and **data exfiltration**, impacting **confidentiality** and **integrity**; broad egress aids command-and-control.";;Replace or harden these groups. Apply **least privilege**: restrict inbound to required sources, avoid public admin ports, and minimize egress. Use approved baseline security groups, enforce change control with IaC and guardrails, prefer private administration (bastion or Session Manager), and remove unused rules.;https://hub.prowler.com/check/ec2_securitygroup_from_launch_wizard;"```yaml
# CloudFormation: create a security group not named by Launch Wizard
Resources:
  <example_resource_name>:
    Type: AWS::EC2::SecurityGroup
    Properties:
      GroupDescription: SG not created by Launch Wizard
      VpcId: <example_resource_id>
      GroupName: <example_resource_name>  # Critical: name does NOT contain ""launch-wizard"" to avoid FAIL
```";"```hcl
# Create a security group not named by Launch Wizard
resource ""aws_security_group"" ""<example_resource_name>"" {
  name   = ""<example_resource_name>""  # Critical: name does NOT contain ""launch-wizard"" to avoid FAIL
  vpc_id = ""<example_resource_id>""
}
```";aws ec2 delete-security-group --group-id <SECURITY_GROUP_ID>;"1. In the AWS console, go to EC2 > Network & Security > Security Groups
2. In the search box, filter by Name contains ""launch-wizard""
3. For each matching group, open the References tab and remove it from any ENIs/instances by replacing it with a different security group
4. Select the launch-wizard security group and choose Actions > Delete security group > Delete
5. Verify no security groups remain with names containing ""launch-wizard""";KISA-ISMS-P-2023-korean: 2.10.2 | ISO27001-2022: A.8.20, A.8.21, A.8.22 | KISA-ISMS-P-2023: 2.10.2 | AWS-Well-Architected-Framework-Security-Pillar: SEC05-BP03 | ENS-RD2022: mp.com.1.aws.sg.1;;;;;5.41.0;https://www.trendmicro.com/trendaivisiononecloudriskmanagement/knowledge-base/aws/EC2/security-group-prefixed-with-launch-wizard.html | https://docs.aws.amazon.com/eks/latest/userguide/sec-group-reqs.html;;
profile: None;2026-09-05 17:57:02.969483;227842501528;;;;;;prowler-aws-ec2_securitygroup_from_launch_wizard-227842501528-ap-northeast-3-sg-0d0b0cbbd0d44dd1f;aws;ec2_securitygroup_from_launch_wizard;Security group not created using the EC2 Launch Wizard;Software and Configuration Checks/AWS Security Best Practices/Network Reachability;PASS;Security group default (sg-0d0b0cbbd0d44dd1f) was not created using the EC2 Launch Wizard.;False;ec2;;medium;AwsEc2SecurityGroup;arn:aws:ec2:ap-northeast-3:227842501528:security-group/sg-0d0b0cbbd0d44dd1f;sg-0d0b0cbbd0d44dd1f;default;;aws;ap-northeast-3;**EC2 security groups** whose names include `launch-wizard` are identified as created by the **EC2 Launch Wizard**, distinguishing auto-generated groups from curated, baseline-controlled groups.;"Wizard-generated groups often include **overly permissive rules** (e.g., `0.0.0.0/0` to admin ports), expanding exposure. Attackers can run **port scans** and **brute-force** to gain entry, then **lateral movement** and **data exfiltration**, impacting **confidentiality** and **integrity**; broad egress aids command-and-control.";;Replace or harden these groups. Apply **least privilege**: restrict inbound to required sources, avoid public admin ports, and minimize egress. Use approved baseline security groups, enforce change control with IaC and guardrails, prefer private administration (bastion or Session Manager), and remove unused rules.;https://hub.prowler.com/check/ec2_securitygroup_from_launch_wizard;"```yaml
# CloudFormation: create a security group not named by Launch Wizard
Resources:
  <example_resource_name>:
    Type: AWS::EC2::SecurityGroup
    Properties:
      GroupDescription: SG not created by Launch Wizard
      VpcId: <example_resource_id>
      GroupName: <example_resource_name>  # Critical: name does NOT contain ""launch-wizard"" to avoid FAIL
```";"```hcl
# Create a security group not named by Launch Wizard
resource ""aws_security_group"" ""<example_resource_name>"" {
  name   = ""<example_resource_name>""  # Critical: name does NOT contain ""launch-wizard"" to avoid FAIL
  vpc_id = ""<example_resource_id>""
}
```";aws ec2 delete-security-group --group-id <SECURITY_GROUP_ID>;"1. In the AWS console, go to EC2 > Network & Security > Security Groups
2. In the search box, filter by Name contains ""launch-wizard""
3. For each matching group, open the References tab and remove it from any ENIs/instances by replacing it with a different security group
4. Select the launch-wizard security group and choose Actions > Delete security group > Delete
5. Verify no security groups remain with names containing ""launch-wizard""";KISA-ISMS-P-2023-korean: 2.10.2 | ISO27001-2022: A.8.20, A.8.21, A.8.22 | KISA-ISMS-P-2023: 2.10.2 | AWS-Well-Architected-Framework-Security-Pillar: SEC05-BP03 | ENS-RD2022: mp.com.1.aws.sg.1;;;;;5.41.0;https://www.trendmicro.com/trendaivisiononecloudriskmanagement/knowledge-base/aws/EC2/security-group-prefixed-with-launch-wizard.html | https://docs.aws.amazon.com/eks/latest/userguide/sec-group-reqs.html;;
profile: None;2026-09-05 17:57:02.969483;227842501528;;;;;;prowler-aws-ec2_securitygroup_from_launch_wizard-227842501528-ap-south-1-sg-016f0073f00864254;aws;ec2_securitygroup_from_launch_wizard;Security group not created using the EC2 Launch Wizard;Software and Configuration Checks/AWS Security Best Practices/Network Reachability;PASS;Security group default (sg-016f0073f00864254) was not created using the EC2 Launch Wizard.;False;ec2;;medium;AwsEc2SecurityGroup;arn:aws:ec2:ap-south-1:227842501528:security-group/sg-016f0073f00864254;sg-016f0073f00864254;default;;aws;ap-south-1;**EC2 security groups** whose names include `launch-wizard` are identified as created by the **EC2 Launch Wizard**, distinguishing auto-generated groups from curated, baseline-controlled groups.;"Wizard-generated groups often include **overly permissive rules** (e.g., `0.0.0.0/0` to admin ports), expanding exposure. Attackers can run **port scans** and **brute-force** to gain entry, then **lateral movement** and **data exfiltration**, impacting **confidentiality** and **integrity**; broad egress aids command-and-control.";;Replace or harden these groups. Apply **least privilege**: restrict inbound to required sources, avoid public admin ports, and minimize egress. Use approved baseline security groups, enforce change control with IaC and guardrails, prefer private administration (bastion or Session Manager), and remove unused rules.;https://hub.prowler.com/check/ec2_securitygroup_from_launch_wizard;"```yaml
# CloudFormation: create a security group not named by Launch Wizard
Resources:
  <example_resource_name>:
    Type: AWS::EC2::SecurityGroup
    Properties:
      GroupDescription: SG not created by Launch Wizard
      VpcId: <example_resource_id>
      GroupName: <example_resource_name>  # Critical: name does NOT contain ""launch-wizard"" to avoid FAIL
```";"```hcl
# Create a security group not named by Launch Wizard
resource ""aws_security_group"" ""<example_resource_name>"" {
  name   = ""<example_resource_name>""  # Critical: name does NOT contain ""launch-wizard"" to avoid FAIL
  vpc_id = ""<example_resource_id>""
}
```";aws ec2 delete-security-group --group-id <SECURITY_GROUP_ID>;"1. In the AWS console, go to EC2 > Network & Security > Security Groups
2. In the search box, filter by Name contains ""launch-wizard""
3. For each matching group, open the References tab and remove it from any ENIs/instances by replacing it with a different security group
4. Select the launch-wizard security group and choose Actions > Delete security group > Delete
5. Verify no security groups remain with names containing ""launch-wizard""";KISA-ISMS-P-2023-korean: 2.10.2 | ISO27001-2022: A.8.20, A.8.21, A.8.22 | KISA-ISMS-P-2023: 2.10.2 | AWS-Well-Architected-Framework-Security-Pillar: SEC05-BP03 | ENS-RD2022: mp.com.1.aws.sg.1;;;;;5.41.0;https://www.trendmicro.com/trendaivisiononecloudriskmanagement/knowledge-base/aws/EC2/security-group-prefixed-with-launch-wizard.html | https://docs.aws.amazon.com/eks/latest/userguide/sec-group-reqs.html;;
profile: None;2026-09-05 17:57:02.969483;227842501528;;;;;;prowler-aws-ec2_securitygroup_from_launch_wizard-227842501528-ap-south-2-sg-024447e0e03037d44;aws;ec2_securitygroup_from_launch_wizard;Security group not created using the EC2 Launch Wizard;Software and Configuration Checks/AWS Security Best Practices/Network Reachability;PASS;Security group default (sg-024447e0e03037d44) was not created using the EC2 Launch Wizard.;False;ec2;;medium;AwsEc2SecurityGroup;arn:aws:ec2:ap-south-2:227842501528:security-group/sg-024447e0e03037d44;sg-024447e0e03037d44;default;;aws;ap-south-2;**EC2 security groups** whose names include `launch-wizard` are identified as created by the **EC2 Launch Wizard**, distinguishing auto-generated groups from curated, baseline-controlled groups.;"Wizard-generated groups often include **overly permissive rules** (e.g., `0.0.0.0/0` to admin ports), expanding exposure. Attackers can run **port scans** and **brute-force** to gain entry, then **lateral movement** and **data exfiltration**, impacting **confidentiality** and **integrity**; broad egress aids command-and-control.";;Replace or harden these groups. Apply **least privilege**: restrict inbound to required sources, avoid public admin ports, and minimize egress. Use approved baseline security groups, enforce change control with IaC and guardrails, prefer private administration (bastion or Session Manager), and remove unused rules.;https://hub.prowler.com/check/ec2_securitygroup_from_launch_wizard;"```yaml
# CloudFormation: create a security group not named by Launch Wizard
Resources:
  <example_resource_name>:
    Type: AWS::EC2::SecurityGroup
    Properties:
      GroupDescription: SG not created by Launch Wizard
      VpcId: <example_resource_id>
      GroupName: <example_resource_name>  # Critical: name does NOT contain ""launch-wizard"" to avoid FAIL
```";"```hcl
# Create a security group not named by Launch Wizard
resource ""aws_security_group"" ""<example_resource_name>"" {
  name   = ""<example_resource_name>""  # Critical: name does NOT contain ""launch-wizard"" to avoid FAIL
  vpc_id = ""<example_resource_id>""
}
```";aws ec2 delete-security-group --group-id <SECURITY_GROUP_ID>;"1. In the AWS console, go to EC2 > Network & Security > Security Groups
2. In the search box, filter by Name contains ""launch-wizard""
3. For each matching group, open the References tab and remove it from any ENIs/instances by replacing it with a different security group
4. Select the launch-wizard security group and choose Actions > Delete security group > Delete
5. Verify no security groups remain with names containing ""launch-wizard""";KISA-ISMS-P-2023-korean: 2.10.2 | ISO27001-2022: A.8.20, A.8.21, A.8.22 | KISA-ISMS-P-2023: 2.10.2 | AWS-Well-Architected-Framework-Security-Pillar: SEC05-BP03 | ENS-RD2022: mp.com.1.aws.sg.1;;;;;5.41.0;https://www.trendmicro.com/trendaivisiononecloudriskmanagement/knowledge-base/aws/EC2/security-group-prefixed-with-launch-wizard.html | https://docs.aws.amazon.com/eks/latest/userguide/sec-group-reqs.html;;
profile: None;2026-09-05 17:57:02.969483;227842501528;;;;;;prowler-aws-ec2_securitygroup_from_launch_wizard-227842501528-ap-southeast-1-sg-0333a55fe354402fa;aws;ec2_securitygroup_from_launch_wizard;Security group not created using the EC2 Launch Wizard;Software and Configuration Checks/AWS Security Best Practices/Network Reachability;PASS;Security group default (sg-0333a55fe354402fa) was not created using the EC2 Launch Wizard.;False;ec2;;medium;AwsEc2SecurityGroup;arn:aws:ec2:ap-southeast-1:227842501528:security-group/sg-0333a55fe354402fa;sg-0333a55fe354402fa;default;;aws;ap-southeast-1;**EC2 security groups** whose names include `launch-wizard` are identified as created by the **EC2 Launch Wizard**, distinguishing auto-generated groups from curated, baseline-controlled groups.;"Wizard-generated groups often include **overly permissive rules** (e.g., `0.0.0.0/0` to admin ports), expanding exposure. Attackers can run **port scans** and **brute-force** to gain entry, then **lateral movement** and **data exfiltration**, impacting **confidentiality** and **integrity**; broad egress aids command-and-control.";;Replace or harden these groups. Apply **least privilege**: restrict inbound to required sources, avoid public admin ports, and minimize egress. Use approved baseline security groups, enforce change control with IaC and guardrails, prefer private administration (bastion or Session Manager), and remove unused rules.;https://hub.prowler.com/check/ec2_securitygroup_from_launch_wizard;"```yaml
# CloudFormation: create a security group not named by Launch Wizard
Resources:
  <example_resource_name>:
    Type: AWS::EC2::SecurityGroup
    Properties:
      GroupDescription: SG not created by Launch Wizard
      VpcId: <example_resource_id>
      GroupName: <example_resource_name>  # Critical: name does NOT contain ""launch-wizard"" to avoid FAIL
```";"```hcl
# Create a security group not named by Launch Wizard
resource ""aws_security_group"" ""<example_resource_name>"" {
  name   = ""<example_resource_name>""  # Critical: name does NOT contain ""launch-wizard"" to avoid FAIL
  vpc_id = ""<example_resource_id>""
}
```";aws ec2 delete-security-group --group-id <SECURITY_GROUP_ID>;"1. In the AWS console, go to EC2 > Network & Security > Security Groups
2. In the search box, filter by Name contains ""launch-wizard""
3. For each matching group, open the References tab and remove it from any ENIs/instances by replacing it with a different security group
4. Select the launch-wizard security group and choose Actions > Delete security group > Delete
5. Verify no security groups remain with names containing ""launch-wizard""";KISA-ISMS-P-2023-korean: 2.10.2 | ISO27001-2022: A.8.20, A.8.21, A.8.22 | KISA-ISMS-P-2023: 2.10.2 | AWS-Well-Architected-Framework-Security-Pillar: SEC05-BP03 | ENS-RD2022: mp.com.1.aws.sg.1;;;;;5.41.0;https://www.trendmicro.com/trendaivisiononecloudriskmanagement/knowledge-base/aws/EC2/security-group-prefixed-with-launch-wizard.html | https://docs.aws.amazon.com/eks/latest/userguide/sec-group-reqs.html;;
profile: None;2026-09-05 17:57:02.969483;227842501528;;;;;;prowler-aws-ec2_securitygroup_from_launch_wizard-227842501528-ap-southeast-2-sg-0378be4e6273dc87a;aws;ec2_securitygroup_from_launch_wizard;Security group not created using the EC2 Launch Wizard;Software and Configuration Checks/AWS Security Best Practices/Network Reachability;PASS;Security group default (sg-0378be4e6273dc87a) was not created using the EC2 Launch Wizard.;False;ec2;;medium;AwsEc2SecurityGroup;arn:aws:ec2:ap-southeast-2:227842501528:security-group/sg-0378be4e6273dc87a;sg-0378be4e6273dc87a;default;;aws;ap-southeast-2;**EC2 security groups** whose names include `launch-wizard` are identified as created by the **EC2 Launch Wizard**, distinguishing auto-generated groups from curated, baseline-controlled groups.;"Wizard-generated groups often include **overly permissive rules** (e.g., `0.0.0.0/0` to admin ports), expanding exposure. Attackers can run **port scans** and **brute-force** to gain entry, then **lateral movement** and **data exfiltration**, impacting **confidentiality** and **integrity**; broad egress aids command-and-control.";;Replace or harden these groups. Apply **least privilege**: restrict inbound to required sources, avoid public admin ports, and minimize egress. Use approved baseline security groups, enforce change control with IaC and guardrails, prefer private administration (bastion or Session Manager), and remove unused rules.;https://hub.prowler.com/check/ec2_securitygroup_from_launch_wizard;"```yaml
# CloudFormation: create a security group not named by Launch Wizard
Resources:
  <example_resource_name>:
    Type: AWS::EC2::SecurityGroup
    Properties:
      GroupDescription: SG not created by Launch Wizard
      VpcId: <example_resource_id>
      GroupName: <example_resource_name>  # Critical: name does NOT contain ""launch-wizard"" to avoid FAIL
```";"```hcl
# Create a security group not named by Launch Wizard
resource ""aws_security_group"" ""<example_resource_name>"" {
  name   = ""<example_resource_name>""  # Critical: name does NOT contain ""launch-wizard"" to avoid FAIL
  vpc_id = ""<example_resource_id>""
}
```";aws ec2 delete-security-group --group-id <SECURITY_GROUP_ID>;"1. In the AWS console, go to EC2 > Network & Security > Security Groups
2. In the search box, filter by Name contains ""launch-wizard""
3. For each matching group, open the References tab and remove it from any ENIs/instances by replacing it with a different security group
4. Select the launch-wizard security group and choose Actions > Delete security group > Delete
5. Verify no security groups remain with names containing ""launch-wizard""";KISA-ISMS-P-2023-korean: 2.10.2 | ISO27001-2022: A.8.20, A.8.21, A.8.22 | KISA-ISMS-P-2023: 2.10.2 | AWS-Well-Architected-Framework-Security-Pillar: SEC05-BP03 | ENS-RD2022: mp.com.1.aws.sg.1;;;;;5.41.0;https://www.trendmicro.com/trendaivisiononecloudriskmanagement/knowledge-base/aws/EC2/security-group-prefixed-with-launch-wizard.html | https://docs.aws.amazon.com/eks/latest/userguide/sec-group-reqs.html;;
profile: None;2026-09-05 17:57:02.969483;227842501528;;;;;;prowler-aws-ec2_securitygroup_from_launch_wizard-227842501528-ca-central-1-sg-084c3eb58903dafbe;aws;ec2_securitygroup_from_launch_wizard;Security group not created using the EC2 Launch Wizard;Software and Configuration Checks/AWS Security Best Practices/Network Reachability;PASS;Security group default (sg-084c3eb58903dafbe) was not created using the EC2 Launch Wizard.;False;ec2;;medium;AwsEc2SecurityGroup;arn:aws:ec2:ca-central-1:227842501528:security-group/sg-084c3eb58903dafbe;sg-084c3eb58903dafbe;default;;aws;ca-central-1;**EC2 security groups** whose names include `launch-wizard` are identified as created by the **EC2 Launch Wizard**, distinguishing auto-generated groups from curated, baseline-controlled groups.;"Wizard-generated groups often include **overly permissive rules** (e.g., `0.0.0.0/0` to admin ports), expanding exposure. Attackers can run **port scans** and **brute-force** to gain entry, then **lateral movement** and **data exfiltration**, impacting **confidentiality** and **integrity**; broad egress aids command-and-control.";;Replace or harden these groups. Apply **least privilege**: restrict inbound to required sources, avoid public admin ports, and minimize egress. Use approved baseline security groups, enforce change control with IaC and guardrails, prefer private administration (bastion or Session Manager), and remove unused rules.;https://hub.prowler.com/check/ec2_securitygroup_from_launch_wizard;"```yaml
# CloudFormation: create a security group not named by Launch Wizard
Resources:
  <example_resource_name>:
    Type: AWS::EC2::SecurityGroup
    Properties:
      GroupDescription: SG not created by Launch Wizard
      VpcId: <example_resource_id>
      GroupName: <example_resource_name>  # Critical: name does NOT contain ""launch-wizard"" to avoid FAIL
```";"```hcl
# Create a security group not named by Launch Wizard
resource ""aws_security_group"" ""<example_resource_name>"" {
  name   = ""<example_resource_name>""  # Critical: name does NOT contain ""launch-wizard"" to avoid FAIL
  vpc_id = ""<example_resource_id>""
}
```";aws ec2 delete-security-group --group-id <SECURITY_GROUP_ID>;"1. In the AWS console, go to EC2 > Network & Security > Security Groups
2. In the search box, filter by Name contains ""launch-wizard""
3. For each matching group, open the References tab and remove it from any ENIs/instances by replacing it with a different security group
4. Select the launch-wizard security group and choose Actions > Delete security group > Delete
5. Verify no security groups remain with names containing ""launch-wizard""";KISA-ISMS-P-2023-korean: 2.10.2 | ISO27001-2022: A.8.20, A.8.21, A.8.22 | KISA-ISMS-P-2023: 2.10.2 | AWS-Well-Architected-Framework-Security-Pillar: SEC05-BP03 | ENS-RD2022: mp.com.1.aws.sg.1;;;;;5.41.0;https://www.trendmicro.com/trendaivisiononecloudriskmanagement/knowledge-base/aws/EC2/security-group-prefixed-with-launch-wizard.html | https://docs.aws.amazon.com/eks/latest/userguide/sec-group-reqs.html;;
profile: None;2026-09-05 17:57:02.969483;227842501528;;;;;;prowler-aws-ec2_securitygroup_from_launch_wizard-227842501528-eu-central-1-sg-03caa958be31ffd1f;aws;ec2_securitygroup_from_launch_wizard;Security group not created using the EC2 Launch Wizard;Software and Configuration Checks/AWS Security Best Practices/Network Reachability;PASS;Security group default (sg-03caa958be31ffd1f) was not created using the EC2 Launch Wizard.;False;ec2;;medium;AwsEc2SecurityGroup;arn:aws:ec2:eu-central-1:227842501528:security-group/sg-03caa958be31ffd1f;sg-03caa958be31ffd1f;default;;aws;eu-central-1;**EC2 security groups** whose names include `launch-wizard` are identified as created by the **EC2 Launch Wizard**, distinguishing auto-generated groups from curated, baseline-controlled groups.;"Wizard-generated groups often include **overly permissive rules** (e.g., `0.0.0.0/0` to admin ports), expanding exposure. Attackers can run **port scans** and **brute-force** to gain entry, then **lateral movement** and **data exfiltration**, impacting **confidentiality** and **integrity**; broad egress aids command-and-control.";;Replace or harden these groups. Apply **least privilege**: restrict inbound to required sources, avoid public admin ports, and minimize egress. Use approved baseline security groups, enforce change control with IaC and guardrails, prefer private administration (bastion or Session Manager), and remove unused rules.;https://hub.prowler.com/check/ec2_securitygroup_from_launch_wizard;"```yaml
# CloudFormation: create a security group not named by Launch Wizard
Resources:
  <example_resource_name>:
    Type: AWS::EC2::SecurityGroup
    Properties:
      GroupDescription: SG not created by Launch Wizard
      VpcId: <example_resource_id>
      GroupName: <example_resource_name>  # Critical: name does NOT contain ""launch-wizard"" to avoid FAIL
```";"```hcl
# Create a security group not named by Launch Wizard
resource ""aws_security_group"" ""<example_resource_name>"" {
  name   = ""<example_resource_name>""  # Critical: name does NOT contain ""launch-wizard"" to avoid FAIL
  vpc_id = ""<example_resource_id>""
}
```";aws ec2 delete-security-group --group-id <SECURITY_GROUP_ID>;"1. In the AWS console, go to EC2 > Network & Security > Security Groups
2. In the search box, filter by Name contains ""launch-wizard""
3. For each matching group, open the References tab and remove it from any ENIs/instances by replacing it with a different security group
4. Select the launch-wizard security group and choose Actions > Delete security group > Delete
5. Verify no security groups remain with names containing ""launch-wizard""";KISA-ISMS-P-2023-korean: 2.10.2 | ISO27001-2022: A.8.20, A.8.21, A.8.22 | KISA-ISMS-P-2023: 2.10.2 | AWS-Well-Architected-Framework-Security-Pillar: SEC05-BP03 | ENS-RD2022: mp.com.1.aws.sg.1;;;;;5.41.0;https://www.trendmicro.com/trendaivisiononecloudriskmanagement/knowledge-base/aws/EC2/security-group-prefixed-with-launch-wizard.html | https://docs.aws.amazon.com/eks/latest/userguide/sec-group-reqs.html;;
profile: None;2026-09-05 17:57:02.969483;227842501528;;;;;;prowler-aws-ec2_securitygroup_from_launch_wizard-227842501528-eu-north-1-sg-0e24678c0baa30917;aws;ec2_securitygroup_from_launch_wizard;Security group not created using the EC2 Launch Wizard;Software and Configuration Checks/AWS Security Best Practices/Network Reachability;PASS;Security group default (sg-0e24678c0baa30917) was not created using the EC2 Launch Wizard.;False;ec2;;medium;AwsEc2SecurityGroup;arn:aws:ec2:eu-north-1:227842501528:security-group/sg-0e24678c0baa30917;sg-0e24678c0baa30917;default;;aws;eu-north-1;**EC2 security groups** whose names include `launch-wizard` are identified as created by the **EC2 Launch Wizard**, distinguishing auto-generated groups from curated, baseline-controlled groups.;"Wizard-generated groups often include **overly permissive rules** (e.g., `0.0.0.0/0` to admin ports), expanding exposure. Attackers can run **port scans** and **brute-force** to gain entry, then **lateral movement** and **data exfiltration**, impacting **confidentiality** and **integrity**; broad egress aids command-and-control.";;Replace or harden these groups. Apply **least privilege**: restrict inbound to required sources, avoid public admin ports, and minimize egress. Use approved baseline security groups, enforce change control with IaC and guardrails, prefer private administration (bastion or Session Manager), and remove unused rules.;https://hub.prowler.com/check/ec2_securitygroup_from_launch_wizard;"```yaml
# CloudFormation: create a security group not named by Launch Wizard
Resources:
  <example_resource_name>:
    Type: AWS::EC2::SecurityGroup
    Properties:
      GroupDescription: SG not created by Launch Wizard
      VpcId: <example_resource_id>
      GroupName: <example_resource_name>  # Critical: name does NOT contain ""launch-wizard"" to avoid FAIL
```";"```hcl
# Create a security group not named by Launch Wizard
resource ""aws_security_group"" ""<example_resource_name>"" {
  name   = ""<example_resource_name>""  # Critical: name does NOT contain ""launch-wizard"" to avoid FAIL
  vpc_id = ""<example_resource_id>""
}
```";aws ec2 delete-security-group --group-id <SECURITY_GROUP_ID>;"1. In the AWS console, go to EC2 > Network & Security > Security Groups
2. In the search box, filter by Name contains ""launch-wizard""
3. For each matching group, open the References tab and remove it from any ENIs/instances by replacing it with a different security group
4. Select the launch-wizard security group and choose Actions > Delete security group > Delete
5. Verify no security groups remain with names containing ""launch-wizard""";KISA-ISMS-P-2023-korean: 2.10.2 | ISO27001-2022: A.8.20, A.8.21, A.8.22 | KISA-ISMS-P-2023: 2.10.2 | AWS-Well-Architected-Framework-Security-Pillar: SEC05-BP03 | ENS-RD2022: mp.com.1.aws.sg.1;;;;;5.41.0;https://www.trendmicro.com/trendaivisiononecloudriskmanagement/knowledge-base/aws/EC2/security-group-prefixed-with-launch-wizard.html | https://docs.aws.amazon.com/eks/latest/userguide/sec-group-reqs.html;;
profile: None;2026-09-05 17:57:02.969483;227842501528;;;;;;prowler-aws-ec2_securitygroup_from_launch_wizard-227842501528-eu-north-1-sg-0af8a22d4ab57b610;aws;ec2_securitygroup_from_launch_wizard;Security group not created using the EC2 Launch Wizard;Software and Configuration Checks/AWS Security Best Practices/Network Reachability;PASS;Security group cloud-security-ec2-sg (sg-0af8a22d4ab57b610) was not created using the EC2 Launch Wizard.;False;ec2;;medium;AwsEc2SecurityGroup;arn:aws:ec2:eu-north-1:227842501528:security-group/sg-0af8a22d4ab57b610;sg-0af8a22d4ab57b610;cloud-security-ec2-sg;Name=cloud-security-ec2-sg;aws;eu-north-1;**EC2 security groups** whose names include `launch-wizard` are identified as created by the **EC2 Launch Wizard**, distinguishing auto-generated groups from curated, baseline-controlled groups.;"Wizard-generated groups often include **overly permissive rules** (e.g., `0.0.0.0/0` to admin ports), expanding exposure. Attackers can run **port scans** and **brute-force** to gain entry, then **lateral movement** and **data exfiltration**, impacting **confidentiality** and **integrity**; broad egress aids command-and-control.";;Replace or harden these groups. Apply **least privilege**: restrict inbound to required sources, avoid public admin ports, and minimize egress. Use approved baseline security groups, enforce change control with IaC and guardrails, prefer private administration (bastion or Session Manager), and remove unused rules.;https://hub.prowler.com/check/ec2_securitygroup_from_launch_wizard;"```yaml
# CloudFormation: create a security group not named by Launch Wizard
Resources:
  <example_resource_name>:
    Type: AWS::EC2::SecurityGroup
    Properties:
      GroupDescription: SG not created by Launch Wizard
      VpcId: <example_resource_id>
      GroupName: <example_resource_name>  # Critical: name does NOT contain ""launch-wizard"" to avoid FAIL
```";"```hcl
# Create a security group not named by Launch Wizard
resource ""aws_security_group"" ""<example_resource_name>"" {
  name   = ""<example_resource_name>""  # Critical: name does NOT contain ""launch-wizard"" to avoid FAIL
  vpc_id = ""<example_resource_id>""
}
```";aws ec2 delete-security-group --group-id <SECURITY_GROUP_ID>;"1. In the AWS console, go to EC2 > Network & Security > Security Groups
2. In the search box, filter by Name contains ""launch-wizard""
3. For each matching group, open the References tab and remove it from any ENIs/instances by replacing it with a different security group
4. Select the launch-wizard security group and choose Actions > Delete security group > Delete
5. Verify no security groups remain with names containing ""launch-wizard""";KISA-ISMS-P-2023-korean: 2.10.2 | ISO27001-2022: A.8.20, A.8.21, A.8.22 | KISA-ISMS-P-2023: 2.10.2 | AWS-Well-Architected-Framework-Security-Pillar: SEC05-BP03 | ENS-RD2022: mp.com.1.aws.sg.1;;;;;5.41.0;https://www.trendmicro.com/trendaivisiononecloudriskmanagement/knowledge-base/aws/EC2/security-group-prefixed-with-launch-wizard.html | https://docs.aws.amazon.com/eks/latest/userguide/sec-group-reqs.html;;
profile: None;2026-09-05 17:57:02.969483;227842501528;;;;;;prowler-aws-ec2_securitygroup_from_launch_wizard-227842501528-eu-north-1-sg-0ddc25567d5e93a06;aws;ec2_securitygroup_from_launch_wizard;Security group not created using the EC2 Launch Wizard;Software and Configuration Checks/AWS Security Best Practices/Network Reachability;PASS;Security group default (sg-0ddc25567d5e93a06) was not created using the EC2 Launch Wizard.;False;ec2;;medium;AwsEc2SecurityGroup;arn:aws:ec2:eu-north-1:227842501528:security-group/sg-0ddc25567d5e93a06;sg-0ddc25567d5e93a06;default;;aws;eu-north-1;**EC2 security groups** whose names include `launch-wizard` are identified as created by the **EC2 Launch Wizard**, distinguishing auto-generated groups from curated, baseline-controlled groups.;"Wizard-generated groups often include **overly permissive rules** (e.g., `0.0.0.0/0` to admin ports), expanding exposure. Attackers can run **port scans** and **brute-force** to gain entry, then **lateral movement** and **data exfiltration**, impacting **confidentiality** and **integrity**; broad egress aids command-and-control.";;Replace or harden these groups. Apply **least privilege**: restrict inbound to required sources, avoid public admin ports, and minimize egress. Use approved baseline security groups, enforce change control with IaC and guardrails, prefer private administration (bastion or Session Manager), and remove unused rules.;https://hub.prowler.com/check/ec2_securitygroup_from_launch_wizard;"```yaml
# CloudFormation: create a security group not named by Launch Wizard
Resources:
  <example_resource_name>:
    Type: AWS::EC2::SecurityGroup
    Properties:
      GroupDescription: SG not created by Launch Wizard
      VpcId: <example_resource_id>
      GroupName: <example_resource_name>  # Critical: name does NOT contain ""launch-wizard"" to avoid FAIL
```";"```hcl
# Create a security group not named by Launch Wizard
resource ""aws_security_group"" ""<example_resource_name>"" {
  name   = ""<example_resource_name>""  # Critical: name does NOT contain ""launch-wizard"" to avoid FAIL
  vpc_id = ""<example_resource_id>""
}
```";aws ec2 delete-security-group --group-id <SECURITY_GROUP_ID>;"1. In the AWS console, go to EC2 > Network & Security > Security Groups
2. In the search box, filter by Name contains ""launch-wizard""
3. For each matching group, open the References tab and remove it from any ENIs/instances by replacing it with a different security group
4. Select the launch-wizard security group and choose Actions > Delete security group > Delete
5. Verify no security groups remain with names containing ""launch-wizard""";KISA-ISMS-P-2023-korean: 2.10.2 | ISO27001-2022: A.8.20, A.8.21, A.8.22 | KISA-ISMS-P-2023: 2.10.2 | AWS-Well-Architected-Framework-Security-Pillar: SEC05-BP03 | ENS-RD2022: mp.com.1.aws.sg.1;;;;;5.41.0;https://www.trendmicro.com/trendaivisiononecloudriskmanagement/knowledge-base/aws/EC2/security-group-prefixed-with-launch-wizard.html | https://docs.aws.amazon.com/eks/latest/userguide/sec-group-reqs.html;;
profile: None;2026-09-05 17:57:02.969483;227842501528;;;;;;prowler-aws-ec2_securitygroup_from_launch_wizard-227842501528-eu-west-1-sg-08661f3bf3897c741;aws;ec2_securitygroup_from_launch_wizard;Security group not created using the EC2 Launch Wizard;Software and Configuration Checks/AWS Security Best Practices/Network Reachability;PASS;Security group default (sg-08661f3bf3897c741) was not created using the EC2 Launch Wizard.;False;ec2;;medium;AwsEc2SecurityGroup;arn:aws:ec2:eu-west-1:227842501528:security-group/sg-08661f3bf3897c741;sg-08661f3bf3897c741;default;;aws;eu-west-1;**EC2 security groups** whose names include `launch-wizard` are identified as created by the **EC2 Launch Wizard**, distinguishing auto-generated groups from curated, baseline-controlled groups.;"Wizard-generated groups often include **overly permissive rules** (e.g., `0.0.0.0/0` to admin ports), expanding exposure. Attackers can run **port scans** and **brute-force** to gain entry, then **lateral movement** and **data exfiltration**, impacting **confidentiality** and **integrity**; broad egress aids command-and-control.";;Replace or harden these groups. Apply **least privilege**: restrict inbound to required sources, avoid public admin ports, and minimize egress. Use approved baseline security groups, enforce change control with IaC and guardrails, prefer private administration (bastion or Session Manager), and remove unused rules.;https://hub.prowler.com/check/ec2_securitygroup_from_launch_wizard;"```yaml
# CloudFormation: create a security group not named by Launch Wizard
Resources:
  <example_resource_name>:
    Type: AWS::EC2::SecurityGroup
    Properties:
      GroupDescription: SG not created by Launch Wizard
      VpcId: <example_resource_id>
      GroupName: <example_resource_name>  # Critical: name does NOT contain ""launch-wizard"" to avoid FAIL
```";"```hcl
# Create a security group not named by Launch Wizard
resource ""aws_security_group"" ""<example_resource_name>"" {
  name   = ""<example_resource_name>""  # Critical: name does NOT contain ""launch-wizard"" to avoid FAIL
  vpc_id = ""<example_resource_id>""
}
```";aws ec2 delete-security-group --group-id <SECURITY_GROUP_ID>;"1. In the AWS console, go to EC2 > Network & Security > Security Groups
2. In the search box, filter by Name contains ""launch-wizard""
3. For each matching group, open the References tab and remove it from any ENIs/instances by replacing it with a different security group
4. Select the launch-wizard security group and choose Actions > Delete security group > Delete
5. Verify no security groups remain with names containing ""launch-wizard""";KISA-ISMS-P-2023-korean: 2.10.2 | ISO27001-2022: A.8.20, A.8.21, A.8.22 | KISA-ISMS-P-2023: 2.10.2 | AWS-Well-Architected-Framework-Security-Pillar: SEC05-BP03 | ENS-RD2022: mp.com.1.aws.sg.1;;;;;5.41.0;https://www.trendmicro.com/trendaivisiononecloudriskmanagement/knowledge-base/aws/EC2/security-group-prefixed-with-launch-wizard.html | https://docs.aws.amazon.com/eks/latest/userguide/sec-group-reqs.html;;
profile: None;2026-09-05 17:57:02.969483;227842501528;;;;;;prowler-aws-ec2_securitygroup_from_launch_wizard-227842501528-eu-west-2-sg-01c95cd90540aaaee;aws;ec2_securitygroup_from_launch_wizard;Security group not created using the EC2 Launch Wizard;Software and Configuration Checks/AWS Security Best Practices/Network Reachability;PASS;Security group default (sg-01c95cd90540aaaee) was not created using the EC2 Launch Wizard.;False;ec2;;medium;AwsEc2SecurityGroup;arn:aws:ec2:eu-west-2:227842501528:security-group/sg-01c95cd90540aaaee;sg-01c95cd90540aaaee;default;;aws;eu-west-2;**EC2 security groups** whose names include `launch-wizard` are identified as created by the **EC2 Launch Wizard**, distinguishing auto-generated groups from curated, baseline-controlled groups.;"Wizard-generated groups often include **overly permissive rules** (e.g., `0.0.0.0/0` to admin ports), expanding exposure. Attackers can run **port scans** and **brute-force** to gain entry, then **lateral movement** and **data exfiltration**, impacting **confidentiality** and **integrity**; broad egress aids command-and-control.";;Replace or harden these groups. Apply **least privilege**: restrict inbound to required sources, avoid public admin ports, and minimize egress. Use approved baseline security groups, enforce change control with IaC and guardrails, prefer private administration (bastion or Session Manager), and remove unused rules.;https://hub.prowler.com/check/ec2_securitygroup_from_launch_wizard;"```yaml
# CloudFormation: create a security group not named by Launch Wizard
Resources:
  <example_resource_name>:
    Type: AWS::EC2::SecurityGroup
    Properties:
      GroupDescription: SG not created by Launch Wizard
      VpcId: <example_resource_id>
      GroupName: <example_resource_name>  # Critical: name does NOT contain ""launch-wizard"" to avoid FAIL
```";"```hcl
# Create a security group not named by Launch Wizard
resource ""aws_security_group"" ""<example_resource_name>"" {
  name   = ""<example_resource_name>""  # Critical: name does NOT contain ""launch-wizard"" to avoid FAIL
  vpc_id = ""<example_resource_id>""
}
```";aws ec2 delete-security-group --group-id <SECURITY_GROUP_ID>;"1. In the AWS console, go to EC2 > Network & Security > Security Groups
2. In the search box, filter by Name contains ""launch-wizard""
3. For each matching group, open the References tab and remove it from any ENIs/instances by replacing it with a different security group
4. Select the launch-wizard security group and choose Actions > Delete security group > Delete
5. Verify no security groups remain with names containing ""launch-wizard""";KISA-ISMS-P-2023-korean: 2.10.2 | ISO27001-2022: A.8.20, A.8.21, A.8.22 | KISA-ISMS-P-2023: 2.10.2 | AWS-Well-Architected-Framework-Security-Pillar: SEC05-BP03 | ENS-RD2022: mp.com.1.aws.sg.1;;;;;5.41.0;https://www.trendmicro.com/trendaivisiononecloudriskmanagement/knowledge-base/aws/EC2/security-group-prefixed-with-launch-wizard.html | https://docs.aws.amazon.com/eks/latest/userguide/sec-group-reqs.html;;
profile: None;2026-09-05 17:57:02.969483;227842501528;;;;;;prowler-aws-ec2_securitygroup_from_launch_wizard-227842501528-eu-west-3-sg-0048cdfc2e329fbc4;aws;ec2_securitygroup_from_launch_wizard;Security group not created using the EC2 Launch Wizard;Software and Configuration Checks/AWS Security Best Practices/Network Reachability;PASS;Security group default (sg-0048cdfc2e329fbc4) was not created using the EC2 Launch Wizard.;False;ec2;;medium;AwsEc2SecurityGroup;arn:aws:ec2:eu-west-3:227842501528:security-group/sg-0048cdfc2e329fbc4;sg-0048cdfc2e329fbc4;default;;aws;eu-west-3;**EC2 security groups** whose names include `launch-wizard` are identified as created by the **EC2 Launch Wizard**, distinguishing auto-generated groups from curated, baseline-controlled groups.;"Wizard-generated groups often include **overly permissive rules** (e.g., `0.0.0.0/0` to admin ports), expanding exposure. Attackers can run **port scans** and **brute-force** to gain entry, then **lateral movement** and **data exfiltration**, impacting **confidentiality** and **integrity**; broad egress aids command-and-control.";;Replace or harden these groups. Apply **least privilege**: restrict inbound to required sources, avoid public admin ports, and minimize egress. Use approved baseline security groups, enforce change control with IaC and guardrails, prefer private administration (bastion or Session Manager), and remove unused rules.;https://hub.prowler.com/check/ec2_securitygroup_from_launch_wizard;"```yaml
# CloudFormation: create a security group not named by Launch Wizard
Resources:
  <example_resource_name>:
    Type: AWS::EC2::SecurityGroup
    Properties:
      GroupDescription: SG not created by Launch Wizard
      VpcId: <example_resource_id>
      GroupName: <example_resource_name>  # Critical: name does NOT contain ""launch-wizard"" to avoid FAIL
```";"```hcl
# Create a security group not named by Launch Wizard
resource ""aws_security_group"" ""<example_resource_name>"" {
  name   = ""<example_resource_name>""  # Critical: name does NOT contain ""launch-wizard"" to avoid FAIL
  vpc_id = ""<example_resource_id>""
}
```";aws ec2 delete-security-group --group-id <SECURITY_GROUP_ID>;"1. In the AWS console, go to EC2 > Network & Security > Security Groups
2. In the search box, filter by Name contains ""launch-wizard""
3. For each matching group, open the References tab and remove it from any ENIs/instances by replacing it with a different security group
4. Select the launch-wizard security group and choose Actions > Delete security group > Delete
5. Verify no security groups remain with names containing ""launch-wizard""";KISA-ISMS-P-2023-korean: 2.10.2 | ISO27001-2022: A.8.20, A.8.21, A.8.22 | KISA-ISMS-P-2023: 2.10.2 | AWS-Well-Architected-Framework-Security-Pillar: SEC05-BP03 | ENS-RD2022: mp.com.1.aws.sg.1;;;;;5.41.0;https://www.trendmicro.com/trendaivisiononecloudriskmanagement/knowledge-base/aws/EC2/security-group-prefixed-with-launch-wizard.html | https://docs.aws.amazon.com/eks/latest/userguide/sec-group-reqs.html;;
profile: None;2026-09-05 17:57:02.969483;227842501528;;;;;;prowler-aws-ec2_securitygroup_from_launch_wizard-227842501528-sa-east-1-sg-00e769bced11d931b;aws;ec2_securitygroup_from_launch_wizard;Security group not created using the EC2 Launch Wizard;Software and Configuration Checks/AWS Security Best Practices/Network Reachability;PASS;Security group default (sg-00e769bced11d931b) was not created using the EC2 Launch Wizard.;False;ec2;;medium;AwsEc2SecurityGroup;arn:aws:ec2:sa-east-1:227842501528:security-group/sg-00e769bced11d931b;sg-00e769bced11d931b;default;;aws;sa-east-1;**EC2 security groups** whose names include `launch-wizard` are identified as created by the **EC2 Launch Wizard**, distinguishing auto-generated groups from curated, baseline-controlled groups.;"Wizard-generated groups often include **overly permissive rules** (e.g., `0.0.0.0/0` to admin ports), expanding exposure. Attackers can run **port scans** and **brute-force** to gain entry, then **lateral movement** and **data exfiltration**, impacting **confidentiality** and **integrity**; broad egress aids command-and-control.";;Replace or harden these groups. Apply **least privilege**: restrict inbound to required sources, avoid public admin ports, and minimize egress. Use approved baseline security groups, enforce change control with IaC and guardrails, prefer private administration (bastion or Session Manager), and remove unused rules.;https://hub.prowler.com/check/ec2_securitygroup_from_launch_wizard;"```yaml
# CloudFormation: create a security group not named by Launch Wizard
Resources:
  <example_resource_name>:
    Type: AWS::EC2::SecurityGroup
    Properties:
      GroupDescription: SG not created by Launch Wizard
      VpcId: <example_resource_id>
      GroupName: <example_resource_name>  # Critical: name does NOT contain ""launch-wizard"" to avoid FAIL
```";"```hcl
# Create a security group not named by Launch Wizard
resource ""aws_security_group"" ""<example_resource_name>"" {
  name   = ""<example_resource_name>""  # Critical: name does NOT contain ""launch-wizard"" to avoid FAIL
  vpc_id = ""<example_resource_id>""
}
```";aws ec2 delete-security-group --group-id <SECURITY_GROUP_ID>;"1. In the AWS console, go to EC2 > Network & Security > Security Groups
2. In the search box, filter by Name contains ""launch-wizard""
3. For each matching group, open the References tab and remove it from any ENIs/instances by replacing it with a different security group
4. Select the launch-wizard security group and choose Actions > Delete security group > Delete
5. Verify no security groups remain with names containing ""launch-wizard""";KISA-ISMS-P-2023-korean: 2.10.2 | ISO27001-2022: A.8.20, A.8.21, A.8.22 | KISA-ISMS-P-2023: 2.10.2 | AWS-Well-Architected-Framework-Security-Pillar: SEC05-BP03 | ENS-RD2022: mp.com.1.aws.sg.1;;;;;5.41.0;https://www.trendmicro.com/trendaivisiononecloudriskmanagement/knowledge-base/aws/EC2/security-group-prefixed-with-launch-wizard.html | https://docs.aws.amazon.com/eks/latest/userguide/sec-group-reqs.html;;
profile: None;2026-09-05 17:57:02.969483;227842501528;;;;;;prowler-aws-ec2_securitygroup_from_launch_wizard-227842501528-us-east-1-sg-078f31576a51ef4b6;aws;ec2_securitygroup_from_launch_wizard;Security group not created using the EC2 Launch Wizard;Software and Configuration Checks/AWS Security Best Practices/Network Reachability;PASS;Security group default (sg-078f31576a51ef4b6) was not created using the EC2 Launch Wizard.;False;ec2;;medium;AwsEc2SecurityGroup;arn:aws:ec2:us-east-1:227842501528:security-group/sg-078f31576a51ef4b6;sg-078f31576a51ef4b6;default;;aws;us-east-1;**EC2 security groups** whose names include `launch-wizard` are identified as created by the **EC2 Launch Wizard**, distinguishing auto-generated groups from curated, baseline-controlled groups.;"Wizard-generated groups often include **overly permissive rules** (e.g., `0.0.0.0/0` to admin ports), expanding exposure. Attackers can run **port scans** and **brute-force** to gain entry, then **lateral movement** and **data exfiltration**, impacting **confidentiality** and **integrity**; broad egress aids command-and-control.";;Replace or harden these groups. Apply **least privilege**: restrict inbound to required sources, avoid public admin ports, and minimize egress. Use approved baseline security groups, enforce change control with IaC and guardrails, prefer private administration (bastion or Session Manager), and remove unused rules.;https://hub.prowler.com/check/ec2_securitygroup_from_launch_wizard;"```yaml
# CloudFormation: create a security group not named by Launch Wizard
Resources:
  <example_resource_name>:
    Type: AWS::EC2::SecurityGroup
    Properties:
      GroupDescription: SG not created by Launch Wizard
      VpcId: <example_resource_id>
      GroupName: <example_resource_name>  # Critical: name does NOT contain ""launch-wizard"" to avoid FAIL
```";"```hcl
# Create a security group not named by Launch Wizard
resource ""aws_security_group"" ""<example_resource_name>"" {
  name   = ""<example_resource_name>""  # Critical: name does NOT contain ""launch-wizard"" to avoid FAIL
  vpc_id = ""<example_resource_id>""
}
```";aws ec2 delete-security-group --group-id <SECURITY_GROUP_ID>;"1. In the AWS console, go to EC2 > Network & Security > Security Groups
2. In the search box, filter by Name contains ""launch-wizard""
3. For each matching group, open the References tab and remove it from any ENIs/instances by replacing it with a different security group
4. Select the launch-wizard security group and choose Actions > Delete security group > Delete
5. Verify no security groups remain with names containing ""launch-wizard""";KISA-ISMS-P-2023-korean: 2.10.2 | ISO27001-2022: A.8.20, A.8.21, A.8.22 | KISA-ISMS-P-2023: 2.10.2 | AWS-Well-Architected-Framework-Security-Pillar: SEC05-BP03 | ENS-RD2022: mp.com.1.aws.sg.1;;;;;5.41.0;https://www.trendmicro.com/trendaivisiononecloudriskmanagement/knowledge-base/aws/EC2/security-group-prefixed-with-launch-wizard.html | https://docs.aws.amazon.com/eks/latest/userguide/sec-group-reqs.html;;
profile: None;2026-09-05 17:57:02.969483;227842501528;;;;;;prowler-aws-ec2_securitygroup_from_launch_wizard-227842501528-us-east-2-sg-074080830c4d0a71e;aws;ec2_securitygroup_from_launch_wizard;Security group not created using the EC2 Launch Wizard;Software and Configuration Checks/AWS Security Best Practices/Network Reachability;PASS;Security group default (sg-074080830c4d0a71e) was not created using the EC2 Launch Wizard.;False;ec2;;medium;AwsEc2SecurityGroup;arn:aws:ec2:us-east-2:227842501528:security-group/sg-074080830c4d0a71e;sg-074080830c4d0a71e;default;;aws;us-east-2;**EC2 security groups** whose names include `launch-wizard` are identified as created by the **EC2 Launch Wizard**, distinguishing auto-generated groups from curated, baseline-controlled groups.;"Wizard-generated groups often include **overly permissive rules** (e.g., `0.0.0.0/0` to admin ports), expanding exposure. Attackers can run **port scans** and **brute-force** to gain entry, then **lateral movement** and **data exfiltration**, impacting **confidentiality** and **integrity**; broad egress aids command-and-control.";;Replace or harden these groups. Apply **least privilege**: restrict inbound to required sources, avoid public admin ports, and minimize egress. Use approved baseline security groups, enforce change control with IaC and guardrails, prefer private administration (bastion or Session Manager), and remove unused rules.;https://hub.prowler.com/check/ec2_securitygroup_from_launch_wizard;"```yaml
# CloudFormation: create a security group not named by Launch Wizard
Resources:
  <example_resource_name>:
    Type: AWS::EC2::SecurityGroup
    Properties:
      GroupDescription: SG not created by Launch Wizard
      VpcId: <example_resource_id>
      GroupName: <example_resource_name>  # Critical: name does NOT contain ""launch-wizard"" to avoid FAIL
```";"```hcl
# Create a security group not named by Launch Wizard
resource ""aws_security_group"" ""<example_resource_name>"" {
  name   = ""<example_resource_name>""  # Critical: name does NOT contain ""launch-wizard"" to avoid FAIL
  vpc_id = ""<example_resource_id>""
}
```";aws ec2 delete-security-group --group-id <SECURITY_GROUP_ID>;"1. In the AWS console, go to EC2 > Network & Security > Security Groups
2. In the search box, filter by Name contains ""launch-wizard""
3. For each matching group, open the References tab and remove it from any ENIs/instances by replacing it with a different security group
4. Select the launch-wizard security group and choose Actions > Delete security group > Delete
5. Verify no security groups remain with names containing ""launch-wizard""";KISA-ISMS-P-2023-korean: 2.10.2 | ISO27001-2022: A.8.20, A.8.21, A.8.22 | KISA-ISMS-P-2023: 2.10.2 | AWS-Well-Architected-Framework-Security-Pillar: SEC05-BP03 | ENS-RD2022: mp.com.1.aws.sg.1;;;;;5.41.0;https://www.trendmicro.com/trendaivisiononecloudriskmanagement/knowledge-base/aws/EC2/security-group-prefixed-with-launch-wizard.html | https://docs.aws.amazon.com/eks/latest/userguide/sec-group-reqs.html;;
profile: None;2026-09-05 17:57:02.969483;227842501528;;;;;;prowler-aws-ec2_securitygroup_from_launch_wizard-227842501528-us-west-1-sg-06dee081facd637c7;aws;ec2_securitygroup_from_launch_wizard;Security group not created using the EC2 Launch Wizard;Software and Configuration Checks/AWS Security Best Practices/Network Reachability;PASS;Security group default (sg-06dee081facd637c7) was not created using the EC2 Launch Wizard.;False;ec2;;medium;AwsEc2SecurityGroup;arn:aws:ec2:us-west-1:227842501528:security-group/sg-06dee081facd637c7;sg-06dee081facd637c7;default;;aws;us-west-1;**EC2 security groups** whose names include `launch-wizard` are identified as created by the **EC2 Launch Wizard**, distinguishing auto-generated groups from curated, baseline-controlled groups.;"Wizard-generated groups often include **overly permissive rules** (e.g., `0.0.0.0/0` to admin ports), expanding exposure. Attackers can run **port scans** and **brute-force** to gain entry, then **lateral movement** and **data exfiltration**, impacting **confidentiality** and **integrity**; broad egress aids command-and-control.";;Replace or harden these groups. Apply **least privilege**: restrict inbound to required sources, avoid public admin ports, and minimize egress. Use approved baseline security groups, enforce change control with IaC and guardrails, prefer private administration (bastion or Session Manager), and remove unused rules.;https://hub.prowler.com/check/ec2_securitygroup_from_launch_wizard;"```yaml
# CloudFormation: create a security group not named by Launch Wizard
Resources:
  <example_resource_name>:
    Type: AWS::EC2::SecurityGroup
    Properties:
      GroupDescription: SG not created by Launch Wizard
      VpcId: <example_resource_id>
      GroupName: <example_resource_name>  # Critical: name does NOT contain ""launch-wizard"" to avoid FAIL
```";"```hcl
# Create a security group not named by Launch Wizard
resource ""aws_security_group"" ""<example_resource_name>"" {
  name   = ""<example_resource_name>""  # Critical: name does NOT contain ""launch-wizard"" to avoid FAIL
  vpc_id = ""<example_resource_id>""
}
```";aws ec2 delete-security-group --group-id <SECURITY_GROUP_ID>;"1. In the AWS console, go to EC2 > Network & Security > Security Groups
2. In the search box, filter by Name contains ""launch-wizard""
3. For each matching group, open the References tab and remove it from any ENIs/instances by replacing it with a different security group
4. Select the launch-wizard security group and choose Actions > Delete security group > Delete
5. Verify no security groups remain with names containing ""launch-wizard""";KISA-ISMS-P-2023-korean: 2.10.2 | ISO27001-2022: A.8.20, A.8.21, A.8.22 | KISA-ISMS-P-2023: 2.10.2 | AWS-Well-Architected-Framework-Security-Pillar: SEC05-BP03 | ENS-RD2022: mp.com.1.aws.sg.1;;;;;5.41.0;https://www.trendmicro.com/trendaivisiononecloudriskmanagement/knowledge-base/aws/EC2/security-group-prefixed-with-launch-wizard.html | https://docs.aws.amazon.com/eks/latest/userguide/sec-group-reqs.html;;
profile: None;2026-09-05 17:57:02.969483;227842501528;;;;;;prowler-aws-ec2_securitygroup_from_launch_wizard-227842501528-us-west-2-sg-053bb5b296decebbb;aws;ec2_securitygroup_from_launch_wizard;Security group not created using the EC2 Launch Wizard;Software and Configuration Checks/AWS Security Best Practices/Network Reachability;PASS;Security group default (sg-053bb5b296decebbb) was not created using the EC2 Launch Wizard.;False;ec2;;medium;AwsEc2SecurityGroup;arn:aws:ec2:us-west-2:227842501528:security-group/sg-053bb5b296decebbb;sg-053bb5b296decebbb;default;;aws;us-west-2;**EC2 security groups** whose names include `launch-wizard` are identified as created by the **EC2 Launch Wizard**, distinguishing auto-generated groups from curated, baseline-controlled groups.;"Wizard-generated groups often include **overly permissive rules** (e.g., `0.0.0.0/0` to admin ports), expanding exposure. Attackers can run **port scans** and **brute-force** to gain entry, then **lateral movement** and **data exfiltration**, impacting **confidentiality** and **integrity**; broad egress aids command-and-control.";;Replace or harden these groups. Apply **least privilege**: restrict inbound to required sources, avoid public admin ports, and minimize egress. Use approved baseline security groups, enforce change control with IaC and guardrails, prefer private administration (bastion or Session Manager), and remove unused rules.;https://hub.prowler.com/check/ec2_securitygroup_from_launch_wizard;"```yaml
# CloudFormation: create a security group not named by Launch Wizard
Resources:
  <example_resource_name>:
    Type: AWS::EC2::SecurityGroup
    Properties:
      GroupDescription: SG not created by Launch Wizard
      VpcId: <example_resource_id>
      GroupName: <example_resource_name>  # Critical: name does NOT contain ""launch-wizard"" to avoid FAIL
```";"```hcl
# Create a security group not named by Launch Wizard
resource ""aws_security_group"" ""<example_resource_name>"" {
  name   = ""<example_resource_name>""  # Critical: name does NOT contain ""launch-wizard"" to avoid FAIL
  vpc_id = ""<example_resource_id>""
}
```";aws ec2 delete-security-group --group-id <SECURITY_GROUP_ID>;"1. In the AWS console, go to EC2 > Network & Security > Security Groups
2. In the search box, filter by Name contains ""launch-wizard""
3. For each matching group, open the References tab and remove it from any ENIs/instances by replacing it with a different security group
4. Select the launch-wizard security group and choose Actions > Delete security group > Delete
5. Verify no security groups remain with names containing ""launch-wizard""";KISA-ISMS-P-2023-korean: 2.10.2 | ISO27001-2022: A.8.20, A.8.21, A.8.22 | KISA-ISMS-P-2023: 2.10.2 | AWS-Well-Architected-Framework-Security-Pillar: SEC05-BP03 | ENS-RD2022: mp.com.1.aws.sg.1;;;;;5.41.0;https://www.trendmicro.com/trendaivisiononecloudriskmanagement/knowledge-base/aws/EC2/security-group-prefixed-with-launch-wizard.html | https://docs.aws.amazon.com/eks/latest/userguide/sec-group-reqs.html;;
profile: None;2026-09-05 17:57:02.969483;227842501528;;;;;;prowler-aws-ec2_securitygroup_not_used-227842501528-eu-north-1-sg-0af8a22d4ab57b610;aws;ec2_securitygroup_not_used;Non-default EC2 security group is in use;Software and Configuration Checks/AWS Security Best Practices;PASS;Security group cloud-security-ec2-sg (sg-0af8a22d4ab57b610) it is being used.;False;ec2;;low;AwsEc2SecurityGroup;arn:aws:ec2:eu-north-1:227842501528:security-group/sg-0af8a22d4ab57b610;sg-0af8a22d4ab57b610;cloud-security-ec2-sg;Name=cloud-security-ec2-sg;aws;eu-north-1;EC2 security groups, except `default`, are assessed for **unused** status: zero attached network interfaces, no AWS Lambda associations, no AWS Batch compute environment associations, and no references from other security groups.;Orphaned security groups may later be attached with **overly permissive rules** without review, enabling unintended inbound or lateral access that compromises **confidentiality** and **integrity**. They also create **configuration drift**, increasing the chance of misapplied access controls.;;Apply **least privilege** and strong lifecycle management: delete or quarantine **unused security groups**, enforce ownership tags and retention policies, review regularly, and manage changes via IaC with approvals. Restrict who can attach groups and use guardrails to prevent reuse of stale or permissive groups.;https://hub.prowler.com/check/ec2_securitygroup_not_used;;"```hcl
# Destroy the unused non-default security group
resource ""aws_security_group"" ""<example_resource_name>"" {
  count = 0 # Critical: setting count=0 removes/destroys this unused SG
}
```";aws ec2 delete-security-group --group-id <SECURITY_GROUP_ID>;"1. In the AWS Console, go to EC2 > Security Groups
2. Select the non-default security group that shows Used by = 0 (no network interfaces or resources)
3. Click Actions > Delete security group > Delete";KISA-ISMS-P-2023-korean: 2.10.2 | AWS-Foundational-Security-Best-Practices: EC2.22 | ISO27001-2022: A.8.20, A.8.21, A.8.22 | NIST-CSF-2.0: ac_5, ip_1 | AWS-Foundational-Technical-Review: NETSEC-001 | KISA-ISMS-P-2023: 2.10.2 | AWS-Well-Architected-Framework-Security-Pillar: SEC05-BP03 | ENS-RD2022: mp.com.1.aws.sg.3;trust-boundaries;;;;5.41.0;https://www.trendmicro.com/trendaivisiononecloudriskmanagement/knowledge-base/aws/EC2/default-security-group-unrestricted.html | https://docs.aws.amazon.com/AWSEC2/latest/UserGuide/ec2-security-groups.html;;
profile: None;2026-09-05 17:57:02.969483;227842501528;;;;;;prowler-aws-ec2_securitygroup_with_many_ingress_egress_rules-227842501528-ap-northeast-1-sg-0d1f225214d288086;aws;ec2_securitygroup_with_many_ingress_egress_rules;Security group has 50 or fewer inbound rules and 50 or fewer outbound rules;Software and Configuration Checks/AWS Security Best Practices/Network Reachability | Software and Configuration Checks/Industry and Regulatory Standards/AWS Foundational Security Best Practices | Software and Configuration Checks/Industry and Regulatory Standards/CIS AWS Foundations Benchmark;PASS;Security group default (sg-0d1f225214d288086) has 1 inbound rules and 1 outbound rules.;False;ec2;;medium;AwsEc2SecurityGroup;arn:aws:ec2:ap-northeast-1:227842501528:security-group/sg-0d1f225214d288086;sg-0d1f225214d288086;default;;aws;ap-northeast-1;**EC2 security groups** are evaluated for excessive rule counts, flagging groups where `ingress` or `egress` entries exceed the configured threshold (default `50`). This targets groups with unusually large rule sets that complicate access control.;**Rule sprawl** weakens **least privilege**: large rule sets can hide overly permissive entries, exposing services to the Internet or unintended peers. This enables unauthorized access, data exfiltration, and lateral movement, impacting **confidentiality** and **integrity**, and can threaten **availability** via abuse of exposed services.;;"Apply **least privilege** and **segmentation**:
- Limit rules to required ports, protocols, and sources
- Split workloads into dedicated security groups per role
- Prefer SG-to-SG references over broad CIDRs
- Regularly review, deduplicate, and remove stale rules
- Layer controls (NACLs, private endpoints) for **defense in depth**";https://hub.prowler.com/check/ec2_securitygroup_with_many_ingress_egress_rules;"```yaml
# CloudFormation: Security group with limited number of rules
Resources:
  <example_resource_name>:
    Type: AWS::EC2::SecurityGroup
    Properties:
      GroupDescription: ""<example_resource_name>""
      VpcId: <example_resource_id>
      SecurityGroupIngress:
        - IpProtocol: tcp
          FromPort: 443
          ToPort: 443
          CidrIp: 10.0.0.0/8  # Critical: keep total inbound rules  50; this example defines only 1 rule to ensure compliance
```";"```hcl
# Terraform: Security group with limited number of rules
resource ""aws_security_group"" ""<example_resource_name>"" {
  name   = ""<example_resource_name>""
  vpc_id = ""<example_resource_id>""

  ingress {                      # Critical: keep total ingress/egress rules  50; single rule ensures PASS
    from_port   = 443
    to_port     = 443
    protocol    = ""tcp""
    cidr_blocks = [""10.0.0.0/8""]
  }
}
```";;"1. In the AWS console, go to EC2 > Security Groups
2. Select the security group that FAILED
3. In Inbound rules, click Edit inbound rules
4. Delete rules until the inbound rule count is 50 or fewer, then Save
5. In Outbound rules, click Edit outbound rules
6. Delete rules until the outbound rule count is 50 or fewer, then Save";KISA-ISMS-P-2023-korean: 2.10.2 | ISO27001-2022: A.8.20, A.8.21, A.8.22 | AWS-Foundational-Technical-Review: NETSEC-001 | KISA-ISMS-P-2023: 2.10.2 | AWS-Well-Architected-Framework-Security-Pillar: SEC05-BP03;trust-boundaries;;;;5.41.0;https://docs.aws.amazon.com/vpc/latest/userguide/VPC_SecurityGroups.html | https://www.trendmicro.com/trendaivisiononecloudriskmanagement/knowledge-base/aws/EC2/security-group-rules-counts.html;;
profile: None;2026-09-05 17:57:02.969483;227842501528;;;;;;prowler-aws-ec2_securitygroup_with_many_ingress_egress_rules-227842501528-ap-northeast-2-sg-06d6d24547869a6f2;aws;ec2_securitygroup_with_many_ingress_egress_rules;Security group has 50 or fewer inbound rules and 50 or fewer outbound rules;Software and Configuration Checks/AWS Security Best Practices/Network Reachability | Software and Configuration Checks/Industry and Regulatory Standards/AWS Foundational Security Best Practices | Software and Configuration Checks/Industry and Regulatory Standards/CIS AWS Foundations Benchmark;PASS;Security group default (sg-06d6d24547869a6f2) has 1 inbound rules and 1 outbound rules.;False;ec2;;medium;AwsEc2SecurityGroup;arn:aws:ec2:ap-northeast-2:227842501528:security-group/sg-06d6d24547869a6f2;sg-06d6d24547869a6f2;default;;aws;ap-northeast-2;**EC2 security groups** are evaluated for excessive rule counts, flagging groups where `ingress` or `egress` entries exceed the configured threshold (default `50`). This targets groups with unusually large rule sets that complicate access control.;**Rule sprawl** weakens **least privilege**: large rule sets can hide overly permissive entries, exposing services to the Internet or unintended peers. This enables unauthorized access, data exfiltration, and lateral movement, impacting **confidentiality** and **integrity**, and can threaten **availability** via abuse of exposed services.;;"Apply **least privilege** and **segmentation**:
- Limit rules to required ports, protocols, and sources
- Split workloads into dedicated security groups per role
- Prefer SG-to-SG references over broad CIDRs
- Regularly review, deduplicate, and remove stale rules
- Layer controls (NACLs, private endpoints) for **defense in depth**";https://hub.prowler.com/check/ec2_securitygroup_with_many_ingress_egress_rules;"```yaml
# CloudFormation: Security group with limited number of rules
Resources:
  <example_resource_name>:
    Type: AWS::EC2::SecurityGroup
    Properties:
      GroupDescription: ""<example_resource_name>""
      VpcId: <example_resource_id>
      SecurityGroupIngress:
        - IpProtocol: tcp
          FromPort: 443
          ToPort: 443
          CidrIp: 10.0.0.0/8  # Critical: keep total inbound rules  50; this example defines only 1 rule to ensure compliance
```";"```hcl
# Terraform: Security group with limited number of rules
resource ""aws_security_group"" ""<example_resource_name>"" {
  name   = ""<example_resource_name>""
  vpc_id = ""<example_resource_id>""

  ingress {                      # Critical: keep total ingress/egress rules  50; single rule ensures PASS
    from_port   = 443
    to_port     = 443
    protocol    = ""tcp""
    cidr_blocks = [""10.0.0.0/8""]
  }
}
```";;"1. In the AWS console, go to EC2 > Security Groups
2. Select the security group that FAILED
3. In Inbound rules, click Edit inbound rules
4. Delete rules until the inbound rule count is 50 or fewer, then Save
5. In Outbound rules, click Edit outbound rules
6. Delete rules until the outbound rule count is 50 or fewer, then Save";KISA-ISMS-P-2023-korean: 2.10.2 | ISO27001-2022: A.8.20, A.8.21, A.8.22 | AWS-Foundational-Technical-Review: NETSEC-001 | KISA-ISMS-P-2023: 2.10.2 | AWS-Well-Architected-Framework-Security-Pillar: SEC05-BP03;trust-boundaries;;;;5.41.0;https://docs.aws.amazon.com/vpc/latest/userguide/VPC_SecurityGroups.html | https://www.trendmicro.com/trendaivisiononecloudriskmanagement/knowledge-base/aws/EC2/security-group-rules-counts.html;;
profile: None;2026-09-05 17:57:02.969483;227842501528;;;;;;prowler-aws-ec2_securitygroup_with_many_ingress_egress_rules-227842501528-ap-northeast-3-sg-0d0b0cbbd0d44dd1f;aws;ec2_securitygroup_with_many_ingress_egress_rules;Security group has 50 or fewer inbound rules and 50 or fewer outbound rules;Software and Configuration Checks/AWS Security Best Practices/Network Reachability | Software and Configuration Checks/Industry and Regulatory Standards/AWS Foundational Security Best Practices | Software and Configuration Checks/Industry and Regulatory Standards/CIS AWS Foundations Benchmark;PASS;Security group default (sg-0d0b0cbbd0d44dd1f) has 1 inbound rules and 1 outbound rules.;False;ec2;;medium;AwsEc2SecurityGroup;arn:aws:ec2:ap-northeast-3:227842501528:security-group/sg-0d0b0cbbd0d44dd1f;sg-0d0b0cbbd0d44dd1f;default;;aws;ap-northeast-3;**EC2 security groups** are evaluated for excessive rule counts, flagging groups where `ingress` or `egress` entries exceed the configured threshold (default `50`). This targets groups with unusually large rule sets that complicate access control.;**Rule sprawl** weakens **least privilege**: large rule sets can hide overly permissive entries, exposing services to the Internet or unintended peers. This enables unauthorized access, data exfiltration, and lateral movement, impacting **confidentiality** and **integrity**, and can threaten **availability** via abuse of exposed services.;;"Apply **least privilege** and **segmentation**:
- Limit rules to required ports, protocols, and sources
- Split workloads into dedicated security groups per role
- Prefer SG-to-SG references over broad CIDRs
- Regularly review, deduplicate, and remove stale rules
- Layer controls (NACLs, private endpoints) for **defense in depth**";https://hub.prowler.com/check/ec2_securitygroup_with_many_ingress_egress_rules;"```yaml
# CloudFormation: Security group with limited number of rules
Resources:
  <example_resource_name>:
    Type: AWS::EC2::SecurityGroup
    Properties:
      GroupDescription: ""<example_resource_name>""
      VpcId: <example_resource_id>
      SecurityGroupIngress:
        - IpProtocol: tcp
          FromPort: 443
          ToPort: 443
          CidrIp: 10.0.0.0/8  # Critical: keep total inbound rules  50; this example defines only 1 rule to ensure compliance
```";"```hcl
# Terraform: Security group with limited number of rules
resource ""aws_security_group"" ""<example_resource_name>"" {
  name   = ""<example_resource_name>""
  vpc_id = ""<example_resource_id>""

  ingress {                      # Critical: keep total ingress/egress rules  50; single rule ensures PASS
    from_port   = 443
    to_port     = 443
    protocol    = ""tcp""
    cidr_blocks = [""10.0.0.0/8""]
  }
}
```";;"1. In the AWS console, go to EC2 > Security Groups
2. Select the security group that FAILED
3. In Inbound rules, click Edit inbound rules
4. Delete rules until the inbound rule count is 50 or fewer, then Save
5. In Outbound rules, click Edit outbound rules
6. Delete rules until the outbound rule count is 50 or fewer, then Save";KISA-ISMS-P-2023-korean: 2.10.2 | ISO27001-2022: A.8.20, A.8.21, A.8.22 | AWS-Foundational-Technical-Review: NETSEC-001 | KISA-ISMS-P-2023: 2.10.2 | AWS-Well-Architected-Framework-Security-Pillar: SEC05-BP03;trust-boundaries;;;;5.41.0;https://docs.aws.amazon.com/vpc/latest/userguide/VPC_SecurityGroups.html | https://www.trendmicro.com/trendaivisiononecloudriskmanagement/knowledge-base/aws/EC2/security-group-rules-counts.html;;
profile: None;2026-09-05 17:57:02.969483;227842501528;;;;;;prowler-aws-ec2_securitygroup_with_many_ingress_egress_rules-227842501528-ap-south-1-sg-016f0073f00864254;aws;ec2_securitygroup_with_many_ingress_egress_rules;Security group has 50 or fewer inbound rules and 50 or fewer outbound rules;Software and Configuration Checks/AWS Security Best Practices/Network Reachability | Software and Configuration Checks/Industry and Regulatory Standards/AWS Foundational Security Best Practices | Software and Configuration Checks/Industry and Regulatory Standards/CIS AWS Foundations Benchmark;PASS;Security group default (sg-016f0073f00864254) has 1 inbound rules and 1 outbound rules.;False;ec2;;medium;AwsEc2SecurityGroup;arn:aws:ec2:ap-south-1:227842501528:security-group/sg-016f0073f00864254;sg-016f0073f00864254;default;;aws;ap-south-1;**EC2 security groups** are evaluated for excessive rule counts, flagging groups where `ingress` or `egress` entries exceed the configured threshold (default `50`). This targets groups with unusually large rule sets that complicate access control.;**Rule sprawl** weakens **least privilege**: large rule sets can hide overly permissive entries, exposing services to the Internet or unintended peers. This enables unauthorized access, data exfiltration, and lateral movement, impacting **confidentiality** and **integrity**, and can threaten **availability** via abuse of exposed services.;;"Apply **least privilege** and **segmentation**:
- Limit rules to required ports, protocols, and sources
- Split workloads into dedicated security groups per role
- Prefer SG-to-SG references over broad CIDRs
- Regularly review, deduplicate, and remove stale rules
- Layer controls (NACLs, private endpoints) for **defense in depth**";https://hub.prowler.com/check/ec2_securitygroup_with_many_ingress_egress_rules;"```yaml
# CloudFormation: Security group with limited number of rules
Resources:
  <example_resource_name>:
    Type: AWS::EC2::SecurityGroup
    Properties:
      GroupDescription: ""<example_resource_name>""
      VpcId: <example_resource_id>
      SecurityGroupIngress:
        - IpProtocol: tcp
          FromPort: 443
          ToPort: 443
          CidrIp: 10.0.0.0/8  # Critical: keep total inbound rules  50; this example defines only 1 rule to ensure compliance
```";"```hcl
# Terraform: Security group with limited number of rules
resource ""aws_security_group"" ""<example_resource_name>"" {
  name   = ""<example_resource_name>""
  vpc_id = ""<example_resource_id>""

  ingress {                      # Critical: keep total ingress/egress rules  50; single rule ensures PASS
    from_port   = 443
    to_port     = 443
    protocol    = ""tcp""
    cidr_blocks = [""10.0.0.0/8""]
  }
}
```";;"1. In the AWS console, go to EC2 > Security Groups
2. Select the security group that FAILED
3. In Inbound rules, click Edit inbound rules
4. Delete rules until the inbound rule count is 50 or fewer, then Save
5. In Outbound rules, click Edit outbound rules
6. Delete rules until the outbound rule count is 50 or fewer, then Save";KISA-ISMS-P-2023-korean: 2.10.2 | ISO27001-2022: A.8.20, A.8.21, A.8.22 | AWS-Foundational-Technical-Review: NETSEC-001 | KISA-ISMS-P-2023: 2.10.2 | AWS-Well-Architected-Framework-Security-Pillar: SEC05-BP03;trust-boundaries;;;;5.41.0;https://docs.aws.amazon.com/vpc/latest/userguide/VPC_SecurityGroups.html | https://www.trendmicro.com/trendaivisiononecloudriskmanagement/knowledge-base/aws/EC2/security-group-rules-counts.html;;
profile: None;2026-09-05 17:57:02.969483;227842501528;;;;;;prowler-aws-ec2_securitygroup_with_many_ingress_egress_rules-227842501528-ap-south-2-sg-024447e0e03037d44;aws;ec2_securitygroup_with_many_ingress_egress_rules;Security group has 50 or fewer inbound rules and 50 or fewer outbound rules;Software and Configuration Checks/AWS Security Best Practices/Network Reachability | Software and Configuration Checks/Industry and Regulatory Standards/AWS Foundational Security Best Practices | Software and Configuration Checks/Industry and Regulatory Standards/CIS AWS Foundations Benchmark;PASS;Security group default (sg-024447e0e03037d44) has 1 inbound rules and 1 outbound rules.;False;ec2;;medium;AwsEc2SecurityGroup;arn:aws:ec2:ap-south-2:227842501528:security-group/sg-024447e0e03037d44;sg-024447e0e03037d44;default;;aws;ap-south-2;**EC2 security groups** are evaluated for excessive rule counts, flagging groups where `ingress` or `egress` entries exceed the configured threshold (default `50`). This targets groups with unusually large rule sets that complicate access control.;**Rule sprawl** weakens **least privilege**: large rule sets can hide overly permissive entries, exposing services to the Internet or unintended peers. This enables unauthorized access, data exfiltration, and lateral movement, impacting **confidentiality** and **integrity**, and can threaten **availability** via abuse of exposed services.;;"Apply **least privilege** and **segmentation**:
- Limit rules to required ports, protocols, and sources
- Split workloads into dedicated security groups per role
- Prefer SG-to-SG references over broad CIDRs
- Regularly review, deduplicate, and remove stale rules
- Layer controls (NACLs, private endpoints) for **defense in depth**";https://hub.prowler.com/check/ec2_securitygroup_with_many_ingress_egress_rules;"```yaml
# CloudFormation: Security group with limited number of rules
Resources:
  <example_resource_name>:
    Type: AWS::EC2::SecurityGroup
    Properties:
      GroupDescription: ""<example_resource_name>""
      VpcId: <example_resource_id>
      SecurityGroupIngress:
        - IpProtocol: tcp
          FromPort: 443
          ToPort: 443
          CidrIp: 10.0.0.0/8  # Critical: keep total inbound rules  50; this example defines only 1 rule to ensure compliance
```";"```hcl
# Terraform: Security group with limited number of rules
resource ""aws_security_group"" ""<example_resource_name>"" {
  name   = ""<example_resource_name>""
  vpc_id = ""<example_resource_id>""

  ingress {                      # Critical: keep total ingress/egress rules  50; single rule ensures PASS
    from_port   = 443
    to_port     = 443
    protocol    = ""tcp""
    cidr_blocks = [""10.0.0.0/8""]
  }
}
```";;"1. In the AWS console, go to EC2 > Security Groups
2. Select the security group that FAILED
3. In Inbound rules, click Edit inbound rules
4. Delete rules until the inbound rule count is 50 or fewer, then Save
5. In Outbound rules, click Edit outbound rules
6. Delete rules until the outbound rule count is 50 or fewer, then Save";KISA-ISMS-P-2023-korean: 2.10.2 | ISO27001-2022: A.8.20, A.8.21, A.8.22 | AWS-Foundational-Technical-Review: NETSEC-001 | KISA-ISMS-P-2023: 2.10.2 | AWS-Well-Architected-Framework-Security-Pillar: SEC05-BP03;trust-boundaries;;;;5.41.0;https://docs.aws.amazon.com/vpc/latest/userguide/VPC_SecurityGroups.html | https://www.trendmicro.com/trendaivisiononecloudriskmanagement/knowledge-base/aws/EC2/security-group-rules-counts.html;;
profile: None;2026-09-05 17:57:02.969483;227842501528;;;;;;prowler-aws-ec2_securitygroup_with_many_ingress_egress_rules-227842501528-ap-southeast-1-sg-0333a55fe354402fa;aws;ec2_securitygroup_with_many_ingress_egress_rules;Security group has 50 or fewer inbound rules and 50 or fewer outbound rules;Software and Configuration Checks/AWS Security Best Practices/Network Reachability | Software and Configuration Checks/Industry and Regulatory Standards/AWS Foundational Security Best Practices | Software and Configuration Checks/Industry and Regulatory Standards/CIS AWS Foundations Benchmark;PASS;Security group default (sg-0333a55fe354402fa) has 1 inbound rules and 1 outbound rules.;False;ec2;;medium;AwsEc2SecurityGroup;arn:aws:ec2:ap-southeast-1:227842501528:security-group/sg-0333a55fe354402fa;sg-0333a55fe354402fa;default;;aws;ap-southeast-1;**EC2 security groups** are evaluated for excessive rule counts, flagging groups where `ingress` or `egress` entries exceed the configured threshold (default `50`). This targets groups with unusually large rule sets that complicate access control.;**Rule sprawl** weakens **least privilege**: large rule sets can hide overly permissive entries, exposing services to the Internet or unintended peers. This enables unauthorized access, data exfiltration, and lateral movement, impacting **confidentiality** and **integrity**, and can threaten **availability** via abuse of exposed services.;;"Apply **least privilege** and **segmentation**:
- Limit rules to required ports, protocols, and sources
- Split workloads into dedicated security groups per role
- Prefer SG-to-SG references over broad CIDRs
- Regularly review, deduplicate, and remove stale rules
- Layer controls (NACLs, private endpoints) for **defense in depth**";https://hub.prowler.com/check/ec2_securitygroup_with_many_ingress_egress_rules;"```yaml
# CloudFormation: Security group with limited number of rules
Resources:
  <example_resource_name>:
    Type: AWS::EC2::SecurityGroup
    Properties:
      GroupDescription: ""<example_resource_name>""
      VpcId: <example_resource_id>
      SecurityGroupIngress:
        - IpProtocol: tcp
          FromPort: 443
          ToPort: 443
          CidrIp: 10.0.0.0/8  # Critical: keep total inbound rules  50; this example defines only 1 rule to ensure compliance
```";"```hcl
# Terraform: Security group with limited number of rules
resource ""aws_security_group"" ""<example_resource_name>"" {
  name   = ""<example_resource_name>""
  vpc_id = ""<example_resource_id>""

  ingress {                      # Critical: keep total ingress/egress rules  50; single rule ensures PASS
    from_port   = 443
    to_port     = 443
    protocol    = ""tcp""
    cidr_blocks = [""10.0.0.0/8""]
  }
}
```";;"1. In the AWS console, go to EC2 > Security Groups
2. Select the security group that FAILED
3. In Inbound rules, click Edit inbound rules
4. Delete rules until the inbound rule count is 50 or fewer, then Save
5. In Outbound rules, click Edit outbound rules
6. Delete rules until the outbound rule count is 50 or fewer, then Save";KISA-ISMS-P-2023-korean: 2.10.2 | ISO27001-2022: A.8.20, A.8.21, A.8.22 | AWS-Foundational-Technical-Review: NETSEC-001 | KISA-ISMS-P-2023: 2.10.2 | AWS-Well-Architected-Framework-Security-Pillar: SEC05-BP03;trust-boundaries;;;;5.41.0;https://docs.aws.amazon.com/vpc/latest/userguide/VPC_SecurityGroups.html | https://www.trendmicro.com/trendaivisiononecloudriskmanagement/knowledge-base/aws/EC2/security-group-rules-counts.html;;
profile: None;2026-09-05 17:57:02.969483;227842501528;;;;;;prowler-aws-ec2_securitygroup_with_many_ingress_egress_rules-227842501528-ap-southeast-2-sg-0378be4e6273dc87a;aws;ec2_securitygroup_with_many_ingress_egress_rules;Security group has 50 or fewer inbound rules and 50 or fewer outbound rules;Software and Configuration Checks/AWS Security Best Practices/Network Reachability | Software and Configuration Checks/Industry and Regulatory Standards/AWS Foundational Security Best Practices | Software and Configuration Checks/Industry and Regulatory Standards/CIS AWS Foundations Benchmark;PASS;Security group default (sg-0378be4e6273dc87a) has 1 inbound rules and 1 outbound rules.;False;ec2;;medium;AwsEc2SecurityGroup;arn:aws:ec2:ap-southeast-2:227842501528:security-group/sg-0378be4e6273dc87a;sg-0378be4e6273dc87a;default;;aws;ap-southeast-2;**EC2 security groups** are evaluated for excessive rule counts, flagging groups where `ingress` or `egress` entries exceed the configured threshold (default `50`). This targets groups with unusually large rule sets that complicate access control.;**Rule sprawl** weakens **least privilege**: large rule sets can hide overly permissive entries, exposing services to the Internet or unintended peers. This enables unauthorized access, data exfiltration, and lateral movement, impacting **confidentiality** and **integrity**, and can threaten **availability** via abuse of exposed services.;;"Apply **least privilege** and **segmentation**:
- Limit rules to required ports, protocols, and sources
- Split workloads into dedicated security groups per role
- Prefer SG-to-SG references over broad CIDRs
- Regularly review, deduplicate, and remove stale rules
- Layer controls (NACLs, private endpoints) for **defense in depth**";https://hub.prowler.com/check/ec2_securitygroup_with_many_ingress_egress_rules;"```yaml
# CloudFormation: Security group with limited number of rules
Resources:
  <example_resource_name>:
    Type: AWS::EC2::SecurityGroup
    Properties:
      GroupDescription: ""<example_resource_name>""
      VpcId: <example_resource_id>
      SecurityGroupIngress:
        - IpProtocol: tcp
          FromPort: 443
          ToPort: 443
          CidrIp: 10.0.0.0/8  # Critical: keep total inbound rules  50; this example defines only 1 rule to ensure compliance
```";"```hcl
# Terraform: Security group with limited number of rules
resource ""aws_security_group"" ""<example_resource_name>"" {
  name   = ""<example_resource_name>""
  vpc_id = ""<example_resource_id>""

  ingress {                      # Critical: keep total ingress/egress rules  50; single rule ensures PASS
    from_port   = 443
    to_port     = 443
    protocol    = ""tcp""
    cidr_blocks = [""10.0.0.0/8""]
  }
}
```";;"1. In the AWS console, go to EC2 > Security Groups
2. Select the security group that FAILED
3. In Inbound rules, click Edit inbound rules
4. Delete rules until the inbound rule count is 50 or fewer, then Save
5. In Outbound rules, click Edit outbound rules
6. Delete rules until the outbound rule count is 50 or fewer, then Save";KISA-ISMS-P-2023-korean: 2.10.2 | ISO27001-2022: A.8.20, A.8.21, A.8.22 | AWS-Foundational-Technical-Review: NETSEC-001 | KISA-ISMS-P-2023: 2.10.2 | AWS-Well-Architected-Framework-Security-Pillar: SEC05-BP03;trust-boundaries;;;;5.41.0;https://docs.aws.amazon.com/vpc/latest/userguide/VPC_SecurityGroups.html | https://www.trendmicro.com/trendaivisiononecloudriskmanagement/knowledge-base/aws/EC2/security-group-rules-counts.html;;
profile: None;2026-09-05 17:57:02.969483;227842501528;;;;;;prowler-aws-ec2_securitygroup_with_many_ingress_egress_rules-227842501528-ca-central-1-sg-084c3eb58903dafbe;aws;ec2_securitygroup_with_many_ingress_egress_rules;Security group has 50 or fewer inbound rules and 50 or fewer outbound rules;Software and Configuration Checks/AWS Security Best Practices/Network Reachability | Software and Configuration Checks/Industry and Regulatory Standards/AWS Foundational Security Best Practices | Software and Configuration Checks/Industry and Regulatory Standards/CIS AWS Foundations Benchmark;PASS;Security group default (sg-084c3eb58903dafbe) has 1 inbound rules and 1 outbound rules.;False;ec2;;medium;AwsEc2SecurityGroup;arn:aws:ec2:ca-central-1:227842501528:security-group/sg-084c3eb58903dafbe;sg-084c3eb58903dafbe;default;;aws;ca-central-1;**EC2 security groups** are evaluated for excessive rule counts, flagging groups where `ingress` or `egress` entries exceed the configured threshold (default `50`). This targets groups with unusually large rule sets that complicate access control.;**Rule sprawl** weakens **least privilege**: large rule sets can hide overly permissive entries, exposing services to the Internet or unintended peers. This enables unauthorized access, data exfiltration, and lateral movement, impacting **confidentiality** and **integrity**, and can threaten **availability** via abuse of exposed services.;;"Apply **least privilege** and **segmentation**:
- Limit rules to required ports, protocols, and sources
- Split workloads into dedicated security groups per role
- Prefer SG-to-SG references over broad CIDRs
- Regularly review, deduplicate, and remove stale rules
- Layer controls (NACLs, private endpoints) for **defense in depth**";https://hub.prowler.com/check/ec2_securitygroup_with_many_ingress_egress_rules;"```yaml
# CloudFormation: Security group with limited number of rules
Resources:
  <example_resource_name>:
    Type: AWS::EC2::SecurityGroup
    Properties:
      GroupDescription: ""<example_resource_name>""
      VpcId: <example_resource_id>
      SecurityGroupIngress:
        - IpProtocol: tcp
          FromPort: 443
          ToPort: 443
          CidrIp: 10.0.0.0/8  # Critical: keep total inbound rules  50; this example defines only 1 rule to ensure compliance
```";"```hcl
# Terraform: Security group with limited number of rules
resource ""aws_security_group"" ""<example_resource_name>"" {
  name   = ""<example_resource_name>""
  vpc_id = ""<example_resource_id>""

  ingress {                      # Critical: keep total ingress/egress rules  50; single rule ensures PASS
    from_port   = 443
    to_port     = 443
    protocol    = ""tcp""
    cidr_blocks = [""10.0.0.0/8""]
  }
}
```";;"1. In the AWS console, go to EC2 > Security Groups
2. Select the security group that FAILED
3. In Inbound rules, click Edit inbound rules
4. Delete rules until the inbound rule count is 50 or fewer, then Save
5. In Outbound rules, click Edit outbound rules
6. Delete rules until the outbound rule count is 50 or fewer, then Save";KISA-ISMS-P-2023-korean: 2.10.2 | ISO27001-2022: A.8.20, A.8.21, A.8.22 | AWS-Foundational-Technical-Review: NETSEC-001 | KISA-ISMS-P-2023: 2.10.2 | AWS-Well-Architected-Framework-Security-Pillar: SEC05-BP03;trust-boundaries;;;;5.41.0;https://docs.aws.amazon.com/vpc/latest/userguide/VPC_SecurityGroups.html | https://www.trendmicro.com/trendaivisiononecloudriskmanagement/knowledge-base/aws/EC2/security-group-rules-counts.html;;
profile: None;2026-09-05 17:57:02.969483;227842501528;;;;;;prowler-aws-ec2_securitygroup_with_many_ingress_egress_rules-227842501528-eu-central-1-sg-03caa958be31ffd1f;aws;ec2_securitygroup_with_many_ingress_egress_rules;Security group has 50 or fewer inbound rules and 50 or fewer outbound rules;Software and Configuration Checks/AWS Security Best Practices/Network Reachability | Software and Configuration Checks/Industry and Regulatory Standards/AWS Foundational Security Best Practices | Software and Configuration Checks/Industry and Regulatory Standards/CIS AWS Foundations Benchmark;PASS;Security group default (sg-03caa958be31ffd1f) has 1 inbound rules and 1 outbound rules.;False;ec2;;medium;AwsEc2SecurityGroup;arn:aws:ec2:eu-central-1:227842501528:security-group/sg-03caa958be31ffd1f;sg-03caa958be31ffd1f;default;;aws;eu-central-1;**EC2 security groups** are evaluated for excessive rule counts, flagging groups where `ingress` or `egress` entries exceed the configured threshold (default `50`). This targets groups with unusually large rule sets that complicate access control.;**Rule sprawl** weakens **least privilege**: large rule sets can hide overly permissive entries, exposing services to the Internet or unintended peers. This enables unauthorized access, data exfiltration, and lateral movement, impacting **confidentiality** and **integrity**, and can threaten **availability** via abuse of exposed services.;;"Apply **least privilege** and **segmentation**:
- Limit rules to required ports, protocols, and sources
- Split workloads into dedicated security groups per role
- Prefer SG-to-SG references over broad CIDRs
- Regularly review, deduplicate, and remove stale rules
- Layer controls (NACLs, private endpoints) for **defense in depth**";https://hub.prowler.com/check/ec2_securitygroup_with_many_ingress_egress_rules;"```yaml
# CloudFormation: Security group with limited number of rules
Resources:
  <example_resource_name>:
    Type: AWS::EC2::SecurityGroup
    Properties:
      GroupDescription: ""<example_resource_name>""
      VpcId: <example_resource_id>
      SecurityGroupIngress:
        - IpProtocol: tcp
          FromPort: 443
          ToPort: 443
          CidrIp: 10.0.0.0/8  # Critical: keep total inbound rules  50; this example defines only 1 rule to ensure compliance
```";"```hcl
# Terraform: Security group with limited number of rules
resource ""aws_security_group"" ""<example_resource_name>"" {
  name   = ""<example_resource_name>""
  vpc_id = ""<example_resource_id>""

  ingress {                      # Critical: keep total ingress/egress rules  50; single rule ensures PASS
    from_port   = 443
    to_port     = 443
    protocol    = ""tcp""
    cidr_blocks = [""10.0.0.0/8""]
  }
}
```";;"1. In the AWS console, go to EC2 > Security Groups
2. Select the security group that FAILED
3. In Inbound rules, click Edit inbound rules
4. Delete rules until the inbound rule count is 50 or fewer, then Save
5. In Outbound rules, click Edit outbound rules
6. Delete rules until the outbound rule count is 50 or fewer, then Save";KISA-ISMS-P-2023-korean: 2.10.2 | ISO27001-2022: A.8.20, A.8.21, A.8.22 | AWS-Foundational-Technical-Review: NETSEC-001 | KISA-ISMS-P-2023: 2.10.2 | AWS-Well-Architected-Framework-Security-Pillar: SEC05-BP03;trust-boundaries;;;;5.41.0;https://docs.aws.amazon.com/vpc/latest/userguide/VPC_SecurityGroups.html | https://www.trendmicro.com/trendaivisiononecloudriskmanagement/knowledge-base/aws/EC2/security-group-rules-counts.html;;
profile: None;2026-09-05 17:57:02.969483;227842501528;;;;;;prowler-aws-ec2_securitygroup_with_many_ingress_egress_rules-227842501528-eu-north-1-sg-0e24678c0baa30917;aws;ec2_securitygroup_with_many_ingress_egress_rules;Security group has 50 or fewer inbound rules and 50 or fewer outbound rules;Software and Configuration Checks/AWS Security Best Practices/Network Reachability | Software and Configuration Checks/Industry and Regulatory Standards/AWS Foundational Security Best Practices | Software and Configuration Checks/Industry and Regulatory Standards/CIS AWS Foundations Benchmark;PASS;Security group default (sg-0e24678c0baa30917) has 1 inbound rules and 1 outbound rules.;False;ec2;;medium;AwsEc2SecurityGroup;arn:aws:ec2:eu-north-1:227842501528:security-group/sg-0e24678c0baa30917;sg-0e24678c0baa30917;default;;aws;eu-north-1;**EC2 security groups** are evaluated for excessive rule counts, flagging groups where `ingress` or `egress` entries exceed the configured threshold (default `50`). This targets groups with unusually large rule sets that complicate access control.;**Rule sprawl** weakens **least privilege**: large rule sets can hide overly permissive entries, exposing services to the Internet or unintended peers. This enables unauthorized access, data exfiltration, and lateral movement, impacting **confidentiality** and **integrity**, and can threaten **availability** via abuse of exposed services.;;"Apply **least privilege** and **segmentation**:
- Limit rules to required ports, protocols, and sources
- Split workloads into dedicated security groups per role
- Prefer SG-to-SG references over broad CIDRs
- Regularly review, deduplicate, and remove stale rules
- Layer controls (NACLs, private endpoints) for **defense in depth**";https://hub.prowler.com/check/ec2_securitygroup_with_many_ingress_egress_rules;"```yaml
# CloudFormation: Security group with limited number of rules
Resources:
  <example_resource_name>:
    Type: AWS::EC2::SecurityGroup
    Properties:
      GroupDescription: ""<example_resource_name>""
      VpcId: <example_resource_id>
      SecurityGroupIngress:
        - IpProtocol: tcp
          FromPort: 443
          ToPort: 443
          CidrIp: 10.0.0.0/8  # Critical: keep total inbound rules  50; this example defines only 1 rule to ensure compliance
```";"```hcl
# Terraform: Security group with limited number of rules
resource ""aws_security_group"" ""<example_resource_name>"" {
  name   = ""<example_resource_name>""
  vpc_id = ""<example_resource_id>""

  ingress {                      # Critical: keep total ingress/egress rules  50; single rule ensures PASS
    from_port   = 443
    to_port     = 443
    protocol    = ""tcp""
    cidr_blocks = [""10.0.0.0/8""]
  }
}
```";;"1. In the AWS console, go to EC2 > Security Groups
2. Select the security group that FAILED
3. In Inbound rules, click Edit inbound rules
4. Delete rules until the inbound rule count is 50 or fewer, then Save
5. In Outbound rules, click Edit outbound rules
6. Delete rules until the outbound rule count is 50 or fewer, then Save";KISA-ISMS-P-2023-korean: 2.10.2 | ISO27001-2022: A.8.20, A.8.21, A.8.22 | AWS-Foundational-Technical-Review: NETSEC-001 | KISA-ISMS-P-2023: 2.10.2 | AWS-Well-Architected-Framework-Security-Pillar: SEC05-BP03;trust-boundaries;;;;5.41.0;https://docs.aws.amazon.com/vpc/latest/userguide/VPC_SecurityGroups.html | https://www.trendmicro.com/trendaivisiononecloudriskmanagement/knowledge-base/aws/EC2/security-group-rules-counts.html;;
profile: None;2026-09-05 17:57:02.969483;227842501528;;;;;;prowler-aws-ec2_securitygroup_with_many_ingress_egress_rules-227842501528-eu-north-1-sg-0af8a22d4ab57b610;aws;ec2_securitygroup_with_many_ingress_egress_rules;Security group has 50 or fewer inbound rules and 50 or fewer outbound rules;Software and Configuration Checks/AWS Security Best Practices/Network Reachability | Software and Configuration Checks/Industry and Regulatory Standards/AWS Foundational Security Best Practices | Software and Configuration Checks/Industry and Regulatory Standards/CIS AWS Foundations Benchmark;PASS;Security group cloud-security-ec2-sg (sg-0af8a22d4ab57b610) has 0 inbound rules and 1 outbound rules.;False;ec2;;medium;AwsEc2SecurityGroup;arn:aws:ec2:eu-north-1:227842501528:security-group/sg-0af8a22d4ab57b610;sg-0af8a22d4ab57b610;cloud-security-ec2-sg;Name=cloud-security-ec2-sg;aws;eu-north-1;**EC2 security groups** are evaluated for excessive rule counts, flagging groups where `ingress` or `egress` entries exceed the configured threshold (default `50`). This targets groups with unusually large rule sets that complicate access control.;**Rule sprawl** weakens **least privilege**: large rule sets can hide overly permissive entries, exposing services to the Internet or unintended peers. This enables unauthorized access, data exfiltration, and lateral movement, impacting **confidentiality** and **integrity**, and can threaten **availability** via abuse of exposed services.;;"Apply **least privilege** and **segmentation**:
- Limit rules to required ports, protocols, and sources
- Split workloads into dedicated security groups per role
- Prefer SG-to-SG references over broad CIDRs
- Regularly review, deduplicate, and remove stale rules
- Layer controls (NACLs, private endpoints) for **defense in depth**";https://hub.prowler.com/check/ec2_securitygroup_with_many_ingress_egress_rules;"```yaml
# CloudFormation: Security group with limited number of rules
Resources:
  <example_resource_name>:
    Type: AWS::EC2::SecurityGroup
    Properties:
      GroupDescription: ""<example_resource_name>""
      VpcId: <example_resource_id>
      SecurityGroupIngress:
        - IpProtocol: tcp
          FromPort: 443
          ToPort: 443
          CidrIp: 10.0.0.0/8  # Critical: keep total inbound rules  50; this example defines only 1 rule to ensure compliance
```";"```hcl
# Terraform: Security group with limited number of rules
resource ""aws_security_group"" ""<example_resource_name>"" {
  name   = ""<example_resource_name>""
  vpc_id = ""<example_resource_id>""

  ingress {                      # Critical: keep total ingress/egress rules  50; single rule ensures PASS
    from_port   = 443
    to_port     = 443
    protocol    = ""tcp""
    cidr_blocks = [""10.0.0.0/8""]
  }
}
```";;"1. In the AWS console, go to EC2 > Security Groups
2. Select the security group that FAILED
3. In Inbound rules, click Edit inbound rules
4. Delete rules until the inbound rule count is 50 or fewer, then Save
5. In Outbound rules, click Edit outbound rules
6. Delete rules until the outbound rule count is 50 or fewer, then Save";KISA-ISMS-P-2023-korean: 2.10.2 | ISO27001-2022: A.8.20, A.8.21, A.8.22 | AWS-Foundational-Technical-Review: NETSEC-001 | KISA-ISMS-P-2023: 2.10.2 | AWS-Well-Architected-Framework-Security-Pillar: SEC05-BP03;trust-boundaries;;;;5.41.0;https://docs.aws.amazon.com/vpc/latest/userguide/VPC_SecurityGroups.html | https://www.trendmicro.com/trendaivisiononecloudriskmanagement/knowledge-base/aws/EC2/security-group-rules-counts.html;;
profile: None;2026-09-05 17:57:02.969483;227842501528;;;;;;prowler-aws-ec2_securitygroup_with_many_ingress_egress_rules-227842501528-eu-north-1-sg-0ddc25567d5e93a06;aws;ec2_securitygroup_with_many_ingress_egress_rules;Security group has 50 or fewer inbound rules and 50 or fewer outbound rules;Software and Configuration Checks/AWS Security Best Practices/Network Reachability | Software and Configuration Checks/Industry and Regulatory Standards/AWS Foundational Security Best Practices | Software and Configuration Checks/Industry and Regulatory Standards/CIS AWS Foundations Benchmark;PASS;Security group default (sg-0ddc25567d5e93a06) has 1 inbound rules and 1 outbound rules.;False;ec2;;medium;AwsEc2SecurityGroup;arn:aws:ec2:eu-north-1:227842501528:security-group/sg-0ddc25567d5e93a06;sg-0ddc25567d5e93a06;default;;aws;eu-north-1;**EC2 security groups** are evaluated for excessive rule counts, flagging groups where `ingress` or `egress` entries exceed the configured threshold (default `50`). This targets groups with unusually large rule sets that complicate access control.;**Rule sprawl** weakens **least privilege**: large rule sets can hide overly permissive entries, exposing services to the Internet or unintended peers. This enables unauthorized access, data exfiltration, and lateral movement, impacting **confidentiality** and **integrity**, and can threaten **availability** via abuse of exposed services.;;"Apply **least privilege** and **segmentation**:
- Limit rules to required ports, protocols, and sources
- Split workloads into dedicated security groups per role
- Prefer SG-to-SG references over broad CIDRs
- Regularly review, deduplicate, and remove stale rules
- Layer controls (NACLs, private endpoints) for **defense in depth**";https://hub.prowler.com/check/ec2_securitygroup_with_many_ingress_egress_rules;"```yaml
# CloudFormation: Security group with limited number of rules
Resources:
  <example_resource_name>:
    Type: AWS::EC2::SecurityGroup
    Properties:
      GroupDescription: ""<example_resource_name>""
      VpcId: <example_resource_id>
      SecurityGroupIngress:
        - IpProtocol: tcp
          FromPort: 443
          ToPort: 443
          CidrIp: 10.0.0.0/8  # Critical: keep total inbound rules  50; this example defines only 1 rule to ensure compliance
```";"```hcl
# Terraform: Security group with limited number of rules
resource ""aws_security_group"" ""<example_resource_name>"" {
  name   = ""<example_resource_name>""
  vpc_id = ""<example_resource_id>""

  ingress {                      # Critical: keep total ingress/egress rules  50; single rule ensures PASS
    from_port   = 443
    to_port     = 443
    protocol    = ""tcp""
    cidr_blocks = [""10.0.0.0/8""]
  }
}
```";;"1. In the AWS console, go to EC2 > Security Groups
2. Select the security group that FAILED
3. In Inbound rules, click Edit inbound rules
4. Delete rules until the inbound rule count is 50 or fewer, then Save
5. In Outbound rules, click Edit outbound rules
6. Delete rules until the outbound rule count is 50 or fewer, then Save";KISA-ISMS-P-2023-korean: 2.10.2 | ISO27001-2022: A.8.20, A.8.21, A.8.22 | AWS-Foundational-Technical-Review: NETSEC-001 | KISA-ISMS-P-2023: 2.10.2 | AWS-Well-Architected-Framework-Security-Pillar: SEC05-BP03;trust-boundaries;;;;5.41.0;https://docs.aws.amazon.com/vpc/latest/userguide/VPC_SecurityGroups.html | https://www.trendmicro.com/trendaivisiononecloudriskmanagement/knowledge-base/aws/EC2/security-group-rules-counts.html;;
profile: None;2026-09-05 17:57:02.969483;227842501528;;;;;;prowler-aws-ec2_securitygroup_with_many_ingress_egress_rules-227842501528-eu-west-1-sg-08661f3bf3897c741;aws;ec2_securitygroup_with_many_ingress_egress_rules;Security group has 50 or fewer inbound rules and 50 or fewer outbound rules;Software and Configuration Checks/AWS Security Best Practices/Network Reachability | Software and Configuration Checks/Industry and Regulatory Standards/AWS Foundational Security Best Practices | Software and Configuration Checks/Industry and Regulatory Standards/CIS AWS Foundations Benchmark;PASS;Security group default (sg-08661f3bf3897c741) has 1 inbound rules and 1 outbound rules.;False;ec2;;medium;AwsEc2SecurityGroup;arn:aws:ec2:eu-west-1:227842501528:security-group/sg-08661f3bf3897c741;sg-08661f3bf3897c741;default;;aws;eu-west-1;**EC2 security groups** are evaluated for excessive rule counts, flagging groups where `ingress` or `egress` entries exceed the configured threshold (default `50`). This targets groups with unusually large rule sets that complicate access control.;**Rule sprawl** weakens **least privilege**: large rule sets can hide overly permissive entries, exposing services to the Internet or unintended peers. This enables unauthorized access, data exfiltration, and lateral movement, impacting **confidentiality** and **integrity**, and can threaten **availability** via abuse of exposed services.;;"Apply **least privilege** and **segmentation**:
- Limit rules to required ports, protocols, and sources
- Split workloads into dedicated security groups per role
- Prefer SG-to-SG references over broad CIDRs
- Regularly review, deduplicate, and remove stale rules
- Layer controls (NACLs, private endpoints) for **defense in depth**";https://hub.prowler.com/check/ec2_securitygroup_with_many_ingress_egress_rules;"```yaml
# CloudFormation: Security group with limited number of rules
Resources:
  <example_resource_name>:
    Type: AWS::EC2::SecurityGroup
    Properties:
      GroupDescription: ""<example_resource_name>""
      VpcId: <example_resource_id>
      SecurityGroupIngress:
        - IpProtocol: tcp
          FromPort: 443
          ToPort: 443
          CidrIp: 10.0.0.0/8  # Critical: keep total inbound rules  50; this example defines only 1 rule to ensure compliance
```";"```hcl
# Terraform: Security group with limited number of rules
resource ""aws_security_group"" ""<example_resource_name>"" {
  name   = ""<example_resource_name>""
  vpc_id = ""<example_resource_id>""

  ingress {                      # Critical: keep total ingress/egress rules  50; single rule ensures PASS
    from_port   = 443
    to_port     = 443
    protocol    = ""tcp""
    cidr_blocks = [""10.0.0.0/8""]
  }
}
```";;"1. In the AWS console, go to EC2 > Security Groups
2. Select the security group that FAILED
3. In Inbound rules, click Edit inbound rules
4. Delete rules until the inbound rule count is 50 or fewer, then Save
5. In Outbound rules, click Edit outbound rules
6. Delete rules until the outbound rule count is 50 or fewer, then Save";KISA-ISMS-P-2023-korean: 2.10.2 | ISO27001-2022: A.8.20, A.8.21, A.8.22 | AWS-Foundational-Technical-Review: NETSEC-001 | KISA-ISMS-P-2023: 2.10.2 | AWS-Well-Architected-Framework-Security-Pillar: SEC05-BP03;trust-boundaries;;;;5.41.0;https://docs.aws.amazon.com/vpc/latest/userguide/VPC_SecurityGroups.html | https://www.trendmicro.com/trendaivisiononecloudriskmanagement/knowledge-base/aws/EC2/security-group-rules-counts.html;;
profile: None;2026-09-05 17:57:02.969483;227842501528;;;;;;prowler-aws-ec2_securitygroup_with_many_ingress_egress_rules-227842501528-eu-west-2-sg-01c95cd90540aaaee;aws;ec2_securitygroup_with_many_ingress_egress_rules;Security group has 50 or fewer inbound rules and 50 or fewer outbound rules;Software and Configuration Checks/AWS Security Best Practices/Network Reachability | Software and Configuration Checks/Industry and Regulatory Standards/AWS Foundational Security Best Practices | Software and Configuration Checks/Industry and Regulatory Standards/CIS AWS Foundations Benchmark;PASS;Security group default (sg-01c95cd90540aaaee) has 1 inbound rules and 1 outbound rules.;False;ec2;;medium;AwsEc2SecurityGroup;arn:aws:ec2:eu-west-2:227842501528:security-group/sg-01c95cd90540aaaee;sg-01c95cd90540aaaee;default;;aws;eu-west-2;**EC2 security groups** are evaluated for excessive rule counts, flagging groups where `ingress` or `egress` entries exceed the configured threshold (default `50`). This targets groups with unusually large rule sets that complicate access control.;**Rule sprawl** weakens **least privilege**: large rule sets can hide overly permissive entries, exposing services to the Internet or unintended peers. This enables unauthorized access, data exfiltration, and lateral movement, impacting **confidentiality** and **integrity**, and can threaten **availability** via abuse of exposed services.;;"Apply **least privilege** and **segmentation**:
- Limit rules to required ports, protocols, and sources
- Split workloads into dedicated security groups per role
- Prefer SG-to-SG references over broad CIDRs
- Regularly review, deduplicate, and remove stale rules
- Layer controls (NACLs, private endpoints) for **defense in depth**";https://hub.prowler.com/check/ec2_securitygroup_with_many_ingress_egress_rules;"```yaml
# CloudFormation: Security group with limited number of rules
Resources:
  <example_resource_name>:
    Type: AWS::EC2::SecurityGroup
    Properties:
      GroupDescription: ""<example_resource_name>""
      VpcId: <example_resource_id>
      SecurityGroupIngress:
        - IpProtocol: tcp
          FromPort: 443
          ToPort: 443
          CidrIp: 10.0.0.0/8  # Critical: keep total inbound rules  50; this example defines only 1 rule to ensure compliance
```";"```hcl
# Terraform: Security group with limited number of rules
resource ""aws_security_group"" ""<example_resource_name>"" {
  name   = ""<example_resource_name>""
  vpc_id = ""<example_resource_id>""

  ingress {                      # Critical: keep total ingress/egress rules  50; single rule ensures PASS
    from_port   = 443
    to_port     = 443
    protocol    = ""tcp""
    cidr_blocks = [""10.0.0.0/8""]
  }
}
```";;"1. In the AWS console, go to EC2 > Security Groups
2. Select the security group that FAILED
3. In Inbound rules, click Edit inbound rules
4. Delete rules until the inbound rule count is 50 or fewer, then Save
5. In Outbound rules, click Edit outbound rules
6. Delete rules until the outbound rule count is 50 or fewer, then Save";KISA-ISMS-P-2023-korean: 2.10.2 | ISO27001-2022: A.8.20, A.8.21, A.8.22 | AWS-Foundational-Technical-Review: NETSEC-001 | KISA-ISMS-P-2023: 2.10.2 | AWS-Well-Architected-Framework-Security-Pillar: SEC05-BP03;trust-boundaries;;;;5.41.0;https://docs.aws.amazon.com/vpc/latest/userguide/VPC_SecurityGroups.html | https://www.trendmicro.com/trendaivisiononecloudriskmanagement/knowledge-base/aws/EC2/security-group-rules-counts.html;;
profile: None;2026-09-05 17:57:02.969483;227842501528;;;;;;prowler-aws-ec2_securitygroup_with_many_ingress_egress_rules-227842501528-eu-west-3-sg-0048cdfc2e329fbc4;aws;ec2_securitygroup_with_many_ingress_egress_rules;Security group has 50 or fewer inbound rules and 50 or fewer outbound rules;Software and Configuration Checks/AWS Security Best Practices/Network Reachability | Software and Configuration Checks/Industry and Regulatory Standards/AWS Foundational Security Best Practices | Software and Configuration Checks/Industry and Regulatory Standards/CIS AWS Foundations Benchmark;PASS;Security group default (sg-0048cdfc2e329fbc4) has 1 inbound rules and 1 outbound rules.;False;ec2;;medium;AwsEc2SecurityGroup;arn:aws:ec2:eu-west-3:227842501528:security-group/sg-0048cdfc2e329fbc4;sg-0048cdfc2e329fbc4;default;;aws;eu-west-3;**EC2 security groups** are evaluated for excessive rule counts, flagging groups where `ingress` or `egress` entries exceed the configured threshold (default `50`). This targets groups with unusually large rule sets that complicate access control.;**Rule sprawl** weakens **least privilege**: large rule sets can hide overly permissive entries, exposing services to the Internet or unintended peers. This enables unauthorized access, data exfiltration, and lateral movement, impacting **confidentiality** and **integrity**, and can threaten **availability** via abuse of exposed services.;;"Apply **least privilege** and **segmentation**:
- Limit rules to required ports, protocols, and sources
- Split workloads into dedicated security groups per role
- Prefer SG-to-SG references over broad CIDRs
- Regularly review, deduplicate, and remove stale rules
- Layer controls (NACLs, private endpoints) for **defense in depth**";https://hub.prowler.com/check/ec2_securitygroup_with_many_ingress_egress_rules;"```yaml
# CloudFormation: Security group with limited number of rules
Resources:
  <example_resource_name>:
    Type: AWS::EC2::SecurityGroup
    Properties:
      GroupDescription: ""<example_resource_name>""
      VpcId: <example_resource_id>
      SecurityGroupIngress:
        - IpProtocol: tcp
          FromPort: 443
          ToPort: 443
          CidrIp: 10.0.0.0/8  # Critical: keep total inbound rules  50; this example defines only 1 rule to ensure compliance
```";"```hcl
# Terraform: Security group with limited number of rules
resource ""aws_security_group"" ""<example_resource_name>"" {
  name   = ""<example_resource_name>""
  vpc_id = ""<example_resource_id>""

  ingress {                      # Critical: keep total ingress/egress rules  50; single rule ensures PASS
    from_port   = 443
    to_port     = 443
    protocol    = ""tcp""
    cidr_blocks = [""10.0.0.0/8""]
  }
}
```";;"1. In the AWS console, go to EC2 > Security Groups
2. Select the security group that FAILED
3. In Inbound rules, click Edit inbound rules
4. Delete rules until the inbound rule count is 50 or fewer, then Save
5. In Outbound rules, click Edit outbound rules
6. Delete rules until the outbound rule count is 50 or fewer, then Save";KISA-ISMS-P-2023-korean: 2.10.2 | ISO27001-2022: A.8.20, A.8.21, A.8.22 | AWS-Foundational-Technical-Review: NETSEC-001 | KISA-ISMS-P-2023: 2.10.2 | AWS-Well-Architected-Framework-Security-Pillar: SEC05-BP03;trust-boundaries;;;;5.41.0;https://docs.aws.amazon.com/vpc/latest/userguide/VPC_SecurityGroups.html | https://www.trendmicro.com/trendaivisiononecloudriskmanagement/knowledge-base/aws/EC2/security-group-rules-counts.html;;
profile: None;2026-09-05 17:57:02.969483;227842501528;;;;;;prowler-aws-ec2_securitygroup_with_many_ingress_egress_rules-227842501528-sa-east-1-sg-00e769bced11d931b;aws;ec2_securitygroup_with_many_ingress_egress_rules;Security group has 50 or fewer inbound rules and 50 or fewer outbound rules;Software and Configuration Checks/AWS Security Best Practices/Network Reachability | Software and Configuration Checks/Industry and Regulatory Standards/AWS Foundational Security Best Practices | Software and Configuration Checks/Industry and Regulatory Standards/CIS AWS Foundations Benchmark;PASS;Security group default (sg-00e769bced11d931b) has 1 inbound rules and 1 outbound rules.;False;ec2;;medium;AwsEc2SecurityGroup;arn:aws:ec2:sa-east-1:227842501528:security-group/sg-00e769bced11d931b;sg-00e769bced11d931b;default;;aws;sa-east-1;**EC2 security groups** are evaluated for excessive rule counts, flagging groups where `ingress` or `egress` entries exceed the configured threshold (default `50`). This targets groups with unusually large rule sets that complicate access control.;**Rule sprawl** weakens **least privilege**: large rule sets can hide overly permissive entries, exposing services to the Internet or unintended peers. This enables unauthorized access, data exfiltration, and lateral movement, impacting **confidentiality** and **integrity**, and can threaten **availability** via abuse of exposed services.;;"Apply **least privilege** and **segmentation**:
- Limit rules to required ports, protocols, and sources
- Split workloads into dedicated security groups per role
- Prefer SG-to-SG references over broad CIDRs
- Regularly review, deduplicate, and remove stale rules
- Layer controls (NACLs, private endpoints) for **defense in depth**";https://hub.prowler.com/check/ec2_securitygroup_with_many_ingress_egress_rules;"```yaml
# CloudFormation: Security group with limited number of rules
Resources:
  <example_resource_name>:
    Type: AWS::EC2::SecurityGroup
    Properties:
      GroupDescription: ""<example_resource_name>""
      VpcId: <example_resource_id>
      SecurityGroupIngress:
        - IpProtocol: tcp
          FromPort: 443
          ToPort: 443
          CidrIp: 10.0.0.0/8  # Critical: keep total inbound rules  50; this example defines only 1 rule to ensure compliance
```";"```hcl
# Terraform: Security group with limited number of rules
resource ""aws_security_group"" ""<example_resource_name>"" {
  name   = ""<example_resource_name>""
  vpc_id = ""<example_resource_id>""

  ingress {                      # Critical: keep total ingress/egress rules  50; single rule ensures PASS
    from_port   = 443
    to_port     = 443
    protocol    = ""tcp""
    cidr_blocks = [""10.0.0.0/8""]
  }
}
```";;"1. In the AWS console, go to EC2 > Security Groups
2. Select the security group that FAILED
3. In Inbound rules, click Edit inbound rules
4. Delete rules until the inbound rule count is 50 or fewer, then Save
5. In Outbound rules, click Edit outbound rules
6. Delete rules until the outbound rule count is 50 or fewer, then Save";KISA-ISMS-P-2023-korean: 2.10.2 | ISO27001-2022: A.8.20, A.8.21, A.8.22 | AWS-Foundational-Technical-Review: NETSEC-001 | KISA-ISMS-P-2023: 2.10.2 | AWS-Well-Architected-Framework-Security-Pillar: SEC05-BP03;trust-boundaries;;;;5.41.0;https://docs.aws.amazon.com/vpc/latest/userguide/VPC_SecurityGroups.html | https://www.trendmicro.com/trendaivisiononecloudriskmanagement/knowledge-base/aws/EC2/security-group-rules-counts.html;;
profile: None;2026-09-05 17:57:02.969483;227842501528;;;;;;prowler-aws-ec2_securitygroup_with_many_ingress_egress_rules-227842501528-us-east-1-sg-078f31576a51ef4b6;aws;ec2_securitygroup_with_many_ingress_egress_rules;Security group has 50 or fewer inbound rules and 50 or fewer outbound rules;Software and Configuration Checks/AWS Security Best Practices/Network Reachability | Software and Configuration Checks/Industry and Regulatory Standards/AWS Foundational Security Best Practices | Software and Configuration Checks/Industry and Regulatory Standards/CIS AWS Foundations Benchmark;PASS;Security group default (sg-078f31576a51ef4b6) has 1 inbound rules and 1 outbound rules.;False;ec2;;medium;AwsEc2SecurityGroup;arn:aws:ec2:us-east-1:227842501528:security-group/sg-078f31576a51ef4b6;sg-078f31576a51ef4b6;default;;aws;us-east-1;**EC2 security groups** are evaluated for excessive rule counts, flagging groups where `ingress` or `egress` entries exceed the configured threshold (default `50`). This targets groups with unusually large rule sets that complicate access control.;**Rule sprawl** weakens **least privilege**: large rule sets can hide overly permissive entries, exposing services to the Internet or unintended peers. This enables unauthorized access, data exfiltration, and lateral movement, impacting **confidentiality** and **integrity**, and can threaten **availability** via abuse of exposed services.;;"Apply **least privilege** and **segmentation**:
- Limit rules to required ports, protocols, and sources
- Split workloads into dedicated security groups per role
- Prefer SG-to-SG references over broad CIDRs
- Regularly review, deduplicate, and remove stale rules
- Layer controls (NACLs, private endpoints) for **defense in depth**";https://hub.prowler.com/check/ec2_securitygroup_with_many_ingress_egress_rules;"```yaml
# CloudFormation: Security group with limited number of rules
Resources:
  <example_resource_name>:
    Type: AWS::EC2::SecurityGroup
    Properties:
      GroupDescription: ""<example_resource_name>""
      VpcId: <example_resource_id>
      SecurityGroupIngress:
        - IpProtocol: tcp
          FromPort: 443
          ToPort: 443
          CidrIp: 10.0.0.0/8  # Critical: keep total inbound rules  50; this example defines only 1 rule to ensure compliance
```";"```hcl
# Terraform: Security group with limited number of rules
resource ""aws_security_group"" ""<example_resource_name>"" {
  name   = ""<example_resource_name>""
  vpc_id = ""<example_resource_id>""

  ingress {                      # Critical: keep total ingress/egress rules  50; single rule ensures PASS
    from_port   = 443
    to_port     = 443
    protocol    = ""tcp""
    cidr_blocks = [""10.0.0.0/8""]
  }
}
```";;"1. In the AWS console, go to EC2 > Security Groups
2. Select the security group that FAILED
3. In Inbound rules, click Edit inbound rules
4. Delete rules until the inbound rule count is 50 or fewer, then Save
5. In Outbound rules, click Edit outbound rules
6. Delete rules until the outbound rule count is 50 or fewer, then Save";KISA-ISMS-P-2023-korean: 2.10.2 | ISO27001-2022: A.8.20, A.8.21, A.8.22 | AWS-Foundational-Technical-Review: NETSEC-001 | KISA-ISMS-P-2023: 2.10.2 | AWS-Well-Architected-Framework-Security-Pillar: SEC05-BP03;trust-boundaries;;;;5.41.0;https://docs.aws.amazon.com/vpc/latest/userguide/VPC_SecurityGroups.html | https://www.trendmicro.com/trendaivisiononecloudriskmanagement/knowledge-base/aws/EC2/security-group-rules-counts.html;;
profile: None;2026-09-05 17:57:02.969483;227842501528;;;;;;prowler-aws-ec2_securitygroup_with_many_ingress_egress_rules-227842501528-us-east-2-sg-074080830c4d0a71e;aws;ec2_securitygroup_with_many_ingress_egress_rules;Security group has 50 or fewer inbound rules and 50 or fewer outbound rules;Software and Configuration Checks/AWS Security Best Practices/Network Reachability | Software and Configuration Checks/Industry and Regulatory Standards/AWS Foundational Security Best Practices | Software and Configuration Checks/Industry and Regulatory Standards/CIS AWS Foundations Benchmark;PASS;Security group default (sg-074080830c4d0a71e) has 1 inbound rules and 1 outbound rules.;False;ec2;;medium;AwsEc2SecurityGroup;arn:aws:ec2:us-east-2:227842501528:security-group/sg-074080830c4d0a71e;sg-074080830c4d0a71e;default;;aws;us-east-2;**EC2 security groups** are evaluated for excessive rule counts, flagging groups where `ingress` or `egress` entries exceed the configured threshold (default `50`). This targets groups with unusually large rule sets that complicate access control.;**Rule sprawl** weakens **least privilege**: large rule sets can hide overly permissive entries, exposing services to the Internet or unintended peers. This enables unauthorized access, data exfiltration, and lateral movement, impacting **confidentiality** and **integrity**, and can threaten **availability** via abuse of exposed services.;;"Apply **least privilege** and **segmentation**:
- Limit rules to required ports, protocols, and sources
- Split workloads into dedicated security groups per role
- Prefer SG-to-SG references over broad CIDRs
- Regularly review, deduplicate, and remove stale rules
- Layer controls (NACLs, private endpoints) for **defense in depth**";https://hub.prowler.com/check/ec2_securitygroup_with_many_ingress_egress_rules;"```yaml
# CloudFormation: Security group with limited number of rules
Resources:
  <example_resource_name>:
    Type: AWS::EC2::SecurityGroup
    Properties:
      GroupDescription: ""<example_resource_name>""
      VpcId: <example_resource_id>
      SecurityGroupIngress:
        - IpProtocol: tcp
          FromPort: 443
          ToPort: 443
          CidrIp: 10.0.0.0/8  # Critical: keep total inbound rules  50; this example defines only 1 rule to ensure compliance
```";"```hcl
# Terraform: Security group with limited number of rules
resource ""aws_security_group"" ""<example_resource_name>"" {
  name   = ""<example_resource_name>""
  vpc_id = ""<example_resource_id>""

  ingress {                      # Critical: keep total ingress/egress rules  50; single rule ensures PASS
    from_port   = 443
    to_port     = 443
    protocol    = ""tcp""
    cidr_blocks = [""10.0.0.0/8""]
  }
}
```";;"1. In the AWS console, go to EC2 > Security Groups
2. Select the security group that FAILED
3. In Inbound rules, click Edit inbound rules
4. Delete rules until the inbound rule count is 50 or fewer, then Save
5. In Outbound rules, click Edit outbound rules
6. Delete rules until the outbound rule count is 50 or fewer, then Save";KISA-ISMS-P-2023-korean: 2.10.2 | ISO27001-2022: A.8.20, A.8.21, A.8.22 | AWS-Foundational-Technical-Review: NETSEC-001 | KISA-ISMS-P-2023: 2.10.2 | AWS-Well-Architected-Framework-Security-Pillar: SEC05-BP03;trust-boundaries;;;;5.41.0;https://docs.aws.amazon.com/vpc/latest/userguide/VPC_SecurityGroups.html | https://www.trendmicro.com/trendaivisiononecloudriskmanagement/knowledge-base/aws/EC2/security-group-rules-counts.html;;
profile: None;2026-09-05 17:57:02.969483;227842501528;;;;;;prowler-aws-ec2_securitygroup_with_many_ingress_egress_rules-227842501528-us-west-1-sg-06dee081facd637c7;aws;ec2_securitygroup_with_many_ingress_egress_rules;Security group has 50 or fewer inbound rules and 50 or fewer outbound rules;Software and Configuration Checks/AWS Security Best Practices/Network Reachability | Software and Configuration Checks/Industry and Regulatory Standards/AWS Foundational Security Best Practices | Software and Configuration Checks/Industry and Regulatory Standards/CIS AWS Foundations Benchmark;PASS;Security group default (sg-06dee081facd637c7) has 1 inbound rules and 1 outbound rules.;False;ec2;;medium;AwsEc2SecurityGroup;arn:aws:ec2:us-west-1:227842501528:security-group/sg-06dee081facd637c7;sg-06dee081facd637c7;default;;aws;us-west-1;**EC2 security groups** are evaluated for excessive rule counts, flagging groups where `ingress` or `egress` entries exceed the configured threshold (default `50`). This targets groups with unusually large rule sets that complicate access control.;**Rule sprawl** weakens **least privilege**: large rule sets can hide overly permissive entries, exposing services to the Internet or unintended peers. This enables unauthorized access, data exfiltration, and lateral movement, impacting **confidentiality** and **integrity**, and can threaten **availability** via abuse of exposed services.;;"Apply **least privilege** and **segmentation**:
- Limit rules to required ports, protocols, and sources
- Split workloads into dedicated security groups per role
- Prefer SG-to-SG references over broad CIDRs
- Regularly review, deduplicate, and remove stale rules
- Layer controls (NACLs, private endpoints) for **defense in depth**";https://hub.prowler.com/check/ec2_securitygroup_with_many_ingress_egress_rules;"```yaml
# CloudFormation: Security group with limited number of rules
Resources:
  <example_resource_name>:
    Type: AWS::EC2::SecurityGroup
    Properties:
      GroupDescription: ""<example_resource_name>""
      VpcId: <example_resource_id>
      SecurityGroupIngress:
        - IpProtocol: tcp
          FromPort: 443
          ToPort: 443
          CidrIp: 10.0.0.0/8  # Critical: keep total inbound rules  50; this example defines only 1 rule to ensure compliance
```";"```hcl
# Terraform: Security group with limited number of rules
resource ""aws_security_group"" ""<example_resource_name>"" {
  name   = ""<example_resource_name>""
  vpc_id = ""<example_resource_id>""

  ingress {                      # Critical: keep total ingress/egress rules  50; single rule ensures PASS
    from_port   = 443
    to_port     = 443
    protocol    = ""tcp""
    cidr_blocks = [""10.0.0.0/8""]
  }
}
```";;"1. In the AWS console, go to EC2 > Security Groups
2. Select the security group that FAILED
3. In Inbound rules, click Edit inbound rules
4. Delete rules until the inbound rule count is 50 or fewer, then Save
5. In Outbound rules, click Edit outbound rules
6. Delete rules until the outbound rule count is 50 or fewer, then Save";KISA-ISMS-P-2023-korean: 2.10.2 | ISO27001-2022: A.8.20, A.8.21, A.8.22 | AWS-Foundational-Technical-Review: NETSEC-001 | KISA-ISMS-P-2023: 2.10.2 | AWS-Well-Architected-Framework-Security-Pillar: SEC05-BP03;trust-boundaries;;;;5.41.0;https://docs.aws.amazon.com/vpc/latest/userguide/VPC_SecurityGroups.html | https://www.trendmicro.com/trendaivisiononecloudriskmanagement/knowledge-base/aws/EC2/security-group-rules-counts.html;;
profile: None;2026-09-05 17:57:02.969483;227842501528;;;;;;prowler-aws-ec2_securitygroup_with_many_ingress_egress_rules-227842501528-us-west-2-sg-053bb5b296decebbb;aws;ec2_securitygroup_with_many_ingress_egress_rules;Security group has 50 or fewer inbound rules and 50 or fewer outbound rules;Software and Configuration Checks/AWS Security Best Practices/Network Reachability | Software and Configuration Checks/Industry and Regulatory Standards/AWS Foundational Security Best Practices | Software and Configuration Checks/Industry and Regulatory Standards/CIS AWS Foundations Benchmark;PASS;Security group default (sg-053bb5b296decebbb) has 1 inbound rules and 1 outbound rules.;False;ec2;;medium;AwsEc2SecurityGroup;arn:aws:ec2:us-west-2:227842501528:security-group/sg-053bb5b296decebbb;sg-053bb5b296decebbb;default;;aws;us-west-2;**EC2 security groups** are evaluated for excessive rule counts, flagging groups where `ingress` or `egress` entries exceed the configured threshold (default `50`). This targets groups with unusually large rule sets that complicate access control.;**Rule sprawl** weakens **least privilege**: large rule sets can hide overly permissive entries, exposing services to the Internet or unintended peers. This enables unauthorized access, data exfiltration, and lateral movement, impacting **confidentiality** and **integrity**, and can threaten **availability** via abuse of exposed services.;;"Apply **least privilege** and **segmentation**:
- Limit rules to required ports, protocols, and sources
- Split workloads into dedicated security groups per role
- Prefer SG-to-SG references over broad CIDRs
- Regularly review, deduplicate, and remove stale rules
- Layer controls (NACLs, private endpoints) for **defense in depth**";https://hub.prowler.com/check/ec2_securitygroup_with_many_ingress_egress_rules;"```yaml
# CloudFormation: Security group with limited number of rules
Resources:
  <example_resource_name>:
    Type: AWS::EC2::SecurityGroup
    Properties:
      GroupDescription: ""<example_resource_name>""
      VpcId: <example_resource_id>
      SecurityGroupIngress:
        - IpProtocol: tcp
          FromPort: 443
          ToPort: 443
          CidrIp: 10.0.0.0/8  # Critical: keep total inbound rules  50; this example defines only 1 rule to ensure compliance
```";"```hcl
# Terraform: Security group with limited number of rules
resource ""aws_security_group"" ""<example_resource_name>"" {
  name   = ""<example_resource_name>""
  vpc_id = ""<example_resource_id>""

  ingress {                      # Critical: keep total ingress/egress rules  50; single rule ensures PASS
    from_port   = 443
    to_port     = 443
    protocol    = ""tcp""
    cidr_blocks = [""10.0.0.0/8""]
  }
}
```";;"1. In the AWS console, go to EC2 > Security Groups
2. Select the security group that FAILED
3. In Inbound rules, click Edit inbound rules
4. Delete rules until the inbound rule count is 50 or fewer, then Save
5. In Outbound rules, click Edit outbound rules
6. Delete rules until the outbound rule count is 50 or fewer, then Save";KISA-ISMS-P-2023-korean: 2.10.2 | ISO27001-2022: A.8.20, A.8.21, A.8.22 | AWS-Foundational-Technical-Review: NETSEC-001 | KISA-ISMS-P-2023: 2.10.2 | AWS-Well-Architected-Framework-Security-Pillar: SEC05-BP03;trust-boundaries;;;;5.41.0;https://docs.aws.amazon.com/vpc/latest/userguide/VPC_SecurityGroups.html | https://www.trendmicro.com/trendaivisiononecloudriskmanagement/knowledge-base/aws/EC2/security-group-rules-counts.html;;
